:020000041000EA
:1000000000B5324B212058609868022188439860DF
:10001000D860186158612E4B002199600221596106
:100020000121F02299502B49196001219960352056
:1000300000F044F80222904214D00621196600F024
:1000400034F8196E01211966002018661A6600F04E
:100050002CF8196E196E196E052000F02FF8012189
:100060000842F9D1002199601B49196000215960AB
:100070001A491B48016001219960EB211966A021F2
:10008000196600F012F800219960164914480160C1
:100090000121996001BC002800D000471248134993
:1000A000086003C880F30888084703B5996A0420EC
:1000B0000142FBD001200142F8D103BD02B5186610
:1000C0001866FFF7F2FF186E186E02BD00000240BE
:1000D000000000180000070000035F00212200005C
:1000E000F4000018222000A00001001008ED00E03C
:1000F00000000000000000000000000074B24E7A12
:1001000000200420F7010010C3010010C5010010F9
:10011000C1010010C1010010C1010010C101001097
:10012000C1010010C1010010C1010010C701001081
:10013000C1010010C1010010C9010010CB01001065
:10014000CD010010CD010010CD010010CD01001037
:10015000CD010010CD010010CD010010CD01001027
:10016000CD010010CD010010CD010010CD01001017
:10017000CD010010CD010010CD010010CD01001007
:10018000CD010010CD010010CD010010CD010010F7
:10019000CD010010CD010010CD010010CD010010E7
:1001A000CD010010CD010010CD010010CD010010D7
:1001B000CD010010CD010010CD010010CD010010C7
:1001C00000BE00BE00BE00BE00BE00BEEFF3058054
:1001D000103800BEF2EB887138A8001058A8001043
:1001E0003402001090A31AE700201F49086006C8D7
:1001F00081F3088810471D48006800282FD10DA4FE
:100200000ECC002902D000F012F8F9E71849194A7B
:10021000002000E001C19142FCD1174988471749ED
:1002200088471749884700BEFDE701C901C29A42C5
:10023000FBD3704758A80010C00000205C140020B9
:10024000F4BB00100000042000000420F4BB0010E8
:10025000001004200010042000000000704709482E
:1002600005F0BCFD0047000008ED00E0000000D0F4
:1002700060140020482C0020D146001035030010E7
:10028000C54700105756000006005250ABB36053EC
:1002900070A5001006005250861C030280A50010B5
:1002A000060052505422A29D88A50010050052500D
:1002B000DE65F468F4BB0010F8B5C04610B5064C16
:1002C0002378002B07D1054B002B02D0044800E017
:1002D00000BF0123237010BD601700200000000044
:1002E000B09B0010044B10B5002B03D00349044809
:1002F00000E000BF10BDC0460000000064170020F1
:10030000B09B001010B50A4C2378042B07D101F0E4
:10031000C3FB102003F006FC2378042BF7D000F079
:100320002BF900F017FD082003F0FCFBECE7C046BA
:100330003C2C002010B506F039FF00F099F800F0D1
:1003400017FC00F00BFA00F037F9032833D0214CEA
:10035000207001F031FC207801F00EFD08F014FD52
:100360002378002B24D0012B2ED0022B29D0042B54
:100370002DD0194806F066FF01200021404207F009
:100380001BFB00F02DFA2378002B02D101F086FD33
:10039000F2E7012B06D0022B07D0042BECD102F0A0
:1003A0003DF8E9E701F040FEE6E701F0EFFEE3E7A4
:1003B00001F068FDDDE700F019FB00F0A3F8007A1A
:1003C000C5E701F0DDFED4E701F028FED1E702F039
:1003D0001BF8CEE73C2C00200503001070B51C4B29
:1003E0001C4C002523600523200063601A4B00216C
:1003F0000222A3600D30257306F082FD174B184AC8
:100400002361184B63612300183343CA43C303CAF3
:1004100003C32000127800211A702D30032206F049
:100420006FFD20003F221049303006F06FFD6F2332
:10043000E5540E4BC822236774232000E2542300A6
:100440000022783002CB4A409842FBD1A26770BDAF
:10045000354B454794170020000123003200CD0F93
:10046000B09B001000080800E09B0010C8FFFF00D0
:1004700030B5204C7C2220001F49C1B006F046FD5B
:100480001E4B22689A4202D16368052B26D0FFF7E3
:10049000A5FF200023000022783002CB4A4083428F
:1004A000FBD1A267FF2184221FA806F029FD7C2230
:1004B0002100684606F02AFDEFF3108472B6802111
:1004C0000F48490109F024FB802269460C4852007C
:1004D00009F00EFB84F3108841B030BD20002300EA
:1004E0000022A56F783002CB4A409842FBD195425A
:1004F000CDD1F1E79417002000F01F10354B454790
:1005000000F01F00004870479417002010B5134CEE
:10051000002220002300C0B0783002CB4A40834242
:10052000FBD1A267FF2184221FA806F0E9FC7C22F0
:100530002100684606F0EAFCEFF3108472B68021D1
:100540000748490109F0E4FA80226946044852004C
:1005500009F0CEFA84F3108840B010BD9417002043
:1005600000F01F00D0231B065B68C3400120184029
:10057000012358407047C04670B586B069460A00EE
:100580000C4BD02631CB31C211CB11C21B780020CD
:10059000137001250022360673680C78E3401D4273
:1005A00002D12B009340184301320131152AF3D1B7
:1005B00006B070BDC89B0010F0B54746CE4680B56A
:1005C000C1B0E9464A46614BD02613CB13C203CBD8
:1005D00003C21B784C46137015236B4498460127C1
:1005E000360625780134280002F014FC3B00AB40AD
:1005F000002201212800B36202F0E0FB4445F0D163
:10060000142003F08FFA72680123D20500D496E01B
:1006100072685208134218D07268120D13423DD00E
:100620001900726852091140134210D07268920981
:10063000134235D07268D209134258D0444B187A0D
:1006400041B0C0BCB946B046F0BD0420F8E7404C0C
:100650000022200023002172783002CB4A408342DE
:10066000FBD1A267FF2184221FA806F049FC7C224F
:100670002100484606F04AFCEFF3108472B6802150
:100680003448490109F044FA802249463148520071
:1006900009F02EFA84F310880020D1E70320CFE779
:1006A0002B4C0022200023002772783002CB4A40D6
:1006B0008342FBD1A267FF2184221FA806F020FC01
:1006C0007C222100484606F021FCEFF3108472B62C
:1006D00080212048490109F01BFA802249461D4823
:1006E000520009F005FA84F310880120A8E70223DC
:1006F000174C0022200023722300783002CB4A409E
:100700009842FBD1A267FF2184221FA806F0F8FBC4
:100710007C222100484606F0F9FBEFF3108472B604
:1007200080210C48490109F0F3F980224946094823
:10073000520009F0DDF984F31088022080E70648B2
:1007400005F04CFB0021030008009847C89B0010EF
:100750009417002000F01F0055420000F8B5CE4667
:10076000474680B506F094FD1F211A2002F00EFBCB
:10077000002200211A2002F021FB00211A2002F0A1
:1007800035FBE022124CD201236880251340114A28
:1007900010261360104B00279946042398466D00DD
:1007A0004B4642461A6023682B42FCD063683220D5
:1007B0001B041B0C0021013EFF1803F0A1F9002EC1
:1007C000EED1064B3F091F80C0BCB946B046F8BD0C
:1007D00000C0044000D0044000E00440F80E0020B7
:1007E00004228021084B49001A60084A13680B4212
:1007F000FCD0074952680888120443001B18120CE9
:100800009B189B100B80704700E0044000C0044020
:10081000F80E0020014B18887047C046F80E0020E3
:10082000F8B5FFF76FFE048A458A230032332700AC
:100830009D4216DD281B06F0C7F9061C0B4B221C37
:100840001B889C4200D21A1C91B22B1C8D4200D9ED
:10085000131C9BB2D81B06F0B7F9311C06F059F9EE
:10086000F8BD32273224024E024DE7E7F80E002091
:1008700000B07945CD0F0000F8B5FFF743FE048ABC
:10088000458A2300323327009D421BDD281B06F0DA
:100890009BF9061C0E4B1A88131CA24200D2231C83
:1008A0009AB2AA4200D92B1C9BB2D81B06F08CF935
:1008B000311C06F02EF9074906F03FF906F0D8F989
:1008C00000B2F8BD32273224034E044DE2E7C046A1
:1008D000F80E002000FF7F4700B07945CD0F0000E3
:1008E000F0B5C64600B5FFF70DFE0400FFF70AFE9F
:1008F000058A468A2B003233A8469E4250DD701B83
:1009000006F062F9071C2F4B1A88131CAA4200D26A
:100910002B1C9AB2B24200D9331C42469BB2981AA1
:1009200006F052F9391C06F0F4F8637A002B04D073
:10093000011CFE20800506F0E6F8234906F0FDF8CC
:10094000224906F0E0F8051CA07A06F038F92049A3
:1009500006F0DFF81F49041C06F024F9002806D130
:10096000FE21201C890506F025F900281ED000264E
:10097000194C301C216806F0E0F8291C06F0C6F876
:10098000206006F043F980231B02984200DB1348E5
:10099000134B984200DA180000B280BCB846F0BD94
:1009A0003223322598460F4F0F4EACE7FE20211C14
:1009B000800506F0A8F8211C061C281C06F0BDF8CE
:1009C000051CD5E7F80E002000FE7F4700FEFF461D
:1009D0000000C8420AD7233C90170020FF7F000088
:1009E0000080FFFF00B07945CD0F0000F0B55746FD
:1009F0004E46DE4645460023E0B5802783B0994643
:100A00009B460093554B3F010026BA4698460197F6
:100A100004228021524B49001A60524A13680B424B
:100A2000FCD05368424612881B045400A4181B0CC7
:100A3000E4184346A4101420A4B21C80FFF792FDD2
:100A40000500002E1CD1231CBC4200D93B1C9FB2C8
:100A5000E123DB009F4201D201239B46002259463D
:100A6000002000F015FF002D05D04B46002B02D1D1
:100A70005B46002B63D10A2003F054F8A946C7E770
:100A8000012E23D0022E44D00A2003F04BF8032E6F
:100A9000F4D13B00C8339BB2534505D380231B01DF
:100AA0000193314B32279A46FFF72CFD5346438280
:100AB000019B07828382FFF729FD00F05BFF03B0F3
:100AC000F0BCBB46B246A946A046F0BD231C544527
:100AD00000D253469BB29A46244B9A4501D9012332
:100AE0000093FE2201200099920500F0D1FE002D16
:100AF000C1D04B46002BBED1009B002BBBD0962013
:100B0000400003F00FF80A2003F00CF80226A94673
:100B10007EE7FC2201210220920500F0B9FE002DA3
:100B200007D04B460A20002B13D102F0FBFF0194A3
:100B3000AFE70A2002F0F6FFA946019468E7962085
:100B4000400002F0EFFF0A2002F0ECFF0126A94668
:100B50005EE702F0E7FFA946019459E7F80E00208E
:100B600000E0044000C00440CD0F000098080000E1
:100B700070B52F4986B02F4806F0A6FB0621050068
:100B8000152002F003F901230021152229480093C2
:100B900006F0FEFB80235B020293EB1CEA011B03C1
:100BA0001343254A052013400393244B0593244BFC
:100BB000049303F0CFFC06F002F8224905F0A9FFE8
:100BC000061C06F055F884B20023002C0ED020003D
:100BD00005F0F5FF011C301C05F095FF8721C905C4
:100BE00005F0ABFF06F044F8C3B21B0224041C431B
:100BF0000294104C2A000021200002AB06F020FCD9
:100C000001222368002113430F485032236006F06D
:100C100077F980221B2052026368190011401342A9
:100C2000FAD1013821610028F6D106B070BDC04666
:100C30005C9C001000002050FFFFFF9F005400202C
:100C4000000006700024F44A1018002000B583B09C
:100C500001911A2807D843001B1804480322C01822
:100C600001A906F053F903B000BDC04610180020DA
:100C700030B50B4C802025000A4A5135400261787E
:100C8000237809041B021943A37819430902536806
:100C90000342FCD103341161A542F0D130BDC046FE
:100CA0001018002000002050014B18707047C046FB
:100CB0003E2C002010B5040003F022F80123610C43
:100CC000234A194049421170210C19404942517080
:100CD000E10B194049429170A10B19404942D17072
:100CE000610B194049421171210B19404942517160
:100CF000E10A194049429171A10A19404942D17152
:100D0000610A194049421172210A1940494251723F
:100D1000E109194049429172A10919404942D17231
:100D2000610919404942117321091940494251731F
:100D3000E108194049429173A10819404942D17311
:100D400061081940234049425B421174537410BD3D
:100D50007C170020F0B55746DE464E464546E0B5C6
:100D6000DB4B07001B7885B0002B00D02EE1FFF78E
:100D7000C9FB037A0500022B00D125E1C37A052BBC
:100D800000D17AE2042B00D1ACE1012B00D1D7E2F3
:100D9000032B00D1AEE3022B00D11EE2290001207B
:100DA000CC4C0022260023008446A846A1463031C0
:100DB0000AE00D784C78887801321D705C7098706C
:100DC00003310333152A1ED038006446D040044254
:100DD000EFD11C7801322001041B2001001B5C783C
:100DE000001218702001041B2001001B9C780012C7
:100DF00058702001041B2001001B00129870033161
:100E00000333152AE0D1B44B45463B404C46BF0561
:100E100000D01DE1002B00D1D4E17222A85C013288
:100E2000A95C0132AD5C3F229446A75C3A01D71B16
:100E30003A01D21B674612120232E2554022944612
:100E4000A75C3A01D71B3A01D21B67461212043243
:100E5000E25541229446A75C3A01D71B3A01D21BC6
:100E6000674612120832E25542229446A75C3A01C4
:100E7000D71B3A01D21B674612120232E2554322B7
:100E80009446A75C3A01D71B3A01D21B674612125F
:100E90000432E25544229446A75C3A01D71B3A013A
:100EA000D21B674612120832E25545229446A75CCF
:100EB0003A01D71B3A01D21B674612120232E255A1
:100EC00046229446A75C3A01D71B3A01D21B6746DB
:100ED00012120432E25547229446A75C3A01D71B0E
:100EE0003A01D21B674612120832E255002B00D09D
:100EF000DBE04821625C13019A1A13019B1A1B1252
:100F0000083363540131625C13019A1A13019B1A6E
:100F10001B12023363540131625C13019A1A1301EC
:100F20009B1A1B12043363540131625C13019A1A39
:100F300013019B1A1B12083363540131625C1301C5
:100F40009A1A13019B1A1B12023363540131625C1B
:100F500013019A1A13019B1A1B12043363540131B3
:100F6000625C13019A1A13019B1A1B120833635413
:100F70000131625C13019A1A13019B1A1B1202338E
:100F800063540131625C13019A1A13019B1A1B12FC
:100F9000043363548020514A5134400271783378CD
:100FA00009041B021943B378194309025368034229
:100FB000FCD103361161B442F0D105B0F0BCBB46A0
:100FC000B246A946A046F0BD037BD8E6414C51226B
:100FD0000021200005F094FF414D03222900A01DAF
:100FE00005F094FF2000E91C0322093005F08EFF74
:100FF0002000A91D03220C3005F088FF29002000E5
:1010000003220931243005F081FF2900200003224A
:101010000C31273005F07AFF2900200003222A3006
:101020000F3105F073FF250080202C4A5135400216
:101030006178237809041B021943A3781943090234
:1010400053680342FCD103341161A542F0D1B4E7E7
:1010500070215A32AA5C91466A5C0131695C924601
:101060008C46002B00D0B1E00F25052119203F222E
:101070004F46A75457460132A75467460132A7543A
:101080004F460132A75457460132A75467460132F2
:10109000A7544F460132A75457460132A75467461A
:1010A0000132A754002B00D123E74823E054013339
:1010B000E1540133E5540133E0540133E154013389
:1010C000E5540133E0540133E1540133E55461E761
:1010D0003E2C00201018002000FC0F0000002050C3
:1010E0007C170020944C631B313B0A2B00D89FE3F4
:1010F0002B6B23606B6B6360AB6BA360EB6BE3608C
:101100002B6C23616B6C6361AB6CA361EB6CE36173
:101110002B6D23626B6D6362AB6DA362EB6DE3625B
:101120002B6E23636B6E6363AB6EA3636E23EA5C0B
:10113000023BEB5AA3873E23E2546F23EF5C01335B
:10114000EE5C0133E85C0133E95C0133EA5C0133B6
:10115000EB5C3F2567550135665501356055013516
:1011600067550135665501356055013567550135BF
:101170006655013560554820215401302254013014
:1011800023540130215401302254013023540130C2
:1011900021544F216254502225008020A354674AD5
:1011A000513540026178237809041B021943A37862
:1011B0001943090253680342FCD103341161A5426B
:1011C000F0D1FAE60F25052119202CE672217422B0
:1011D000685C0131695CAD5C49E72E339A460023B7
:1011E000554CAA4456460195BA461D0002940394F4
:1011F00008E0002323706370A370013503340336C5
:10120000152D4DD053460122EB401A42F1D13378CF
:10121000207899467378B778984681450CD9123072
:1012200005F0D2FC8346484605F0C9FC594608F053
:10123000A7FC05F01DFD2070607880450CD91230A8
:1012400005F0C2FC8146404605F0B9FC494608F06D
:1012500097FC05F00DFD6070A0788742CDD9123063
:1012600005F0B2FC8046380005F0A9FC414608F0C4
:1012700087FC05F0FDFCA070BFE7512200212E483D
:1012800005F03EFE80221B242C4952024B681800B8
:1012900010401342FAD1013C0861002CF6D18CE6D3
:1012A0006F23019D039CEB5C029E9C467023EF5CC8
:1012B0000133E85C0133E95C0133EA5C0133EB5C48
:1012C0003F2598466346635501356755013560559E
:1012D0000135635501356755013560550135635555
:1012E000013567550135605548204346215401308A
:1012F0002254013023540130215401302254013052
:101300002354013021544F21625450228020A35491
:101310000A4A513440027178337809041B02194398
:10132000B3781943090253680342FCD103361161B3
:10133000B442F0D141E6C046101800200000205011
:1013400002F0DEFC002900D1CFE0FA220023920057
:1013500004F0DCFDEE4904F09BFD080005F02FFCD5
:10136000EC4905F0D6FB011C05F0D0FBEA4905F07D
:10137000E4FB05F093FCE94905F0DFFBE84905F0E3
:10138000C5FB30239846E74CA8442700A146A24657
:101390004446A846051C607805F016FC291C05F09B
:1013A000CCFB05F065FCC6B2A07805F00DFC291C4D
:1013B00005F0C3FB05F05CFCC3B29B46207805F04A
:1013C00003FC291C05F0B9FB05F052FC5B46BB7021
:1013D000D54B38707E70033703349F42DBD1AB4668
:1013E0006F234546E85C05F0EFFB594605F0A5FB89
:1013F00005F03EFCC3B254469A467023E85C05F003
:10140000E3FB594605F099FB05F032FCC3B24E46AA
:1014100099467123E85C05F0D7FB594605F08DFB32
:1014200005F026FCC3B298467223E85C05F0CCFBBD
:10143000594605F082FB05F01BFC7323C7B2E85C3C
:1014400005F0C2FB594605F078FB05F011FC74234A
:10145000C2B20192E85C05F0B7FB594605F06DFB9E
:1014600005F006FC3F235146E15449460133E1545F
:1014700041460133E15451460133E15449460133B9
:10148000E15441460133E15451460133E1544946A8
:101490000133E15441460133E154019A0133E754E9
:1014A0000133E254C0B20133E0540133E754013355
:1014B000E2540133E0540133E7540133E254013381
:1014C000E0548020994A51344002717833780904FD
:1014D0001B021943B3781943090253680342FCD134
:1014E00003361161A642F0D167E5FA21890004F0C4
:1014F000CFFC2FE702F004FC002900D193E1FA228F
:101500000023920004F002FD4005030E984601936B
:101510003F23844C9B46250089339946844B260003
:10152000A3440294FF2744469A46A84638002B213C
:10153000204004F0ADFC390085B28306C2B24846B3
:101540005B1B9B005B199B005B199B0021405B1997
:101550005B1859005B185B00DBB21902C91A09124B
:10156000791A4143F81A03021B1A48461B12FB1A48
:10157000434309121B12C9B2DBB2042A00D94EE15F
:1015800055469000285887460022C8233170737052
:10159000B27003360C345E45C8D1FF26019F2B2163
:1015A0001E373740380004F073FC82B28306C1B2A4
:1015B000DC209B1A9B009B189B009B189B009B1890
:1015C000DB195A009B185B00DBB21A02D21AF31A1D
:1015D0001F02FB1A12121B12B21AF31A42434343A0
:1015E00012121B124446029DD2B2DBB2042900D96A
:1015F0003DE1504E880030588746C821C6E71900A3
:10160000C8220023C2E70B00C8220021BEE71A004F
:101610000021C823BAE73F224749A3540132A1520F
:1016200000210232A3540132A1540132DC31A15411
:101630001A000023452022544622FF26A3544723A4
:10164000019FE154B43737402B21380004F020FCCF
:1016500081B28306C2B2DC205B1A9B005B189B0040
:101660005B189B005B18DB1959005B185B00DBB251
:101670001902C91AF31A1F02FB1A09121B12711A56
:10168000F31A4143434309121B12C9B2DBB2042AC5
:1016900000D9DDE0294E90003058874648230022CB
:1016A000E2540133E1544A329333A3520232A1543B
:1016B0000132A3540B0000218F324E2021544F21C0
:1016C000635450238020E254184A51344002697810
:1016D0002B7809041B021943AB781943090253689C
:1016E0000342FCD103351161AC42F0D165E44822DC
:1016F0001149A15200210232A3540132A1540132F6
:10170000DC31A1540132A35400211A00DC23D4E7B8
:10171000C409000000401C45D00F49406666E63E03
:10172000CDCC0C3F101800204F1800200000205096
:10173000209C0010349C001000DCFFFF489C00102F
:10174000482349220020E1549433A3540132A05489
:101750000132A1540132A3520022AEE74821DC201D
:1017600060544A4801316354013160520020023113
:101770006354013160548F319FE748220021A35404
:101780000132A1540132DC31A15440490132A35449
:101790000132A1521900903200238EE700213F232D
:1017A0004120E1540133E2549C332354013021544D
:1017B000433162540131635413009831002239E7F8
:1017C0003F220021A1540132DC31A1542F490132C2
:1017D000A3540132A1520232A35419000022DC2387
:1017E00028E73F234021E2549D3363520231625483
:1017F000013163540021983BE15498331AE7DC200F
:101800003F22A05401324126A3540022A2550136A2
:10181000A0559938235401302254DC320AE70A00DB
:101820000023C821B2E6FA21890004F031FB6BE6FF
:101830002A002700230030323F37167850789178FD
:101840001E7058709970033303329F42F5D174E4CF
:1018500048230022E0520233E1540133E0540133C3
:10186000E2540133E1540A000023DC2125E73F2341
:101870000021E0540133E1540133E2540133E052DA
:101880000233E25411000023DC22D3E600DCFFFF28
:1018900070B5364C05000E0051220021200005F0E5
:1018A0002FFB002D2DD1FF23002E35D03F22A55434
:1018B0000132A3540232A5540132A3540232A5547A
:1018C000013225706370E5702371A571E371657253
:1018D000A37225736373A35425008020244A5135D5
:1018E00040026178237809041B021943A378194345
:1018F000090253680342FCD103341161AC42F0D1B8
:1019000070BD012D0BD0022DE6D13D23FF22E25404
:10191000573B63812385DFE7873BFF35C6E7002E12
:1019200020D17823FF2221216254013163540231F6
:101930006254013163540231625401316354023103
:101940006254013163541D316254013163540231D8
:101950006254013163540231A27762544F22E3771B
:10196000A354B9E7FF230022DDE7C046101800208A
:1019700000002050F8B5032357469A46FF231B0268
:101980004E469946404B454698465023DE469B4678
:10199000E0B53E4F4A46FA6042463A614A46BA616D
:1019A0004246FA614A467A6242464B46BA624A4623
:1019B0003B6043463A6342467B60FF237A634A4674
:1019C0001B04BB607B613B62FB62BB63FA637B64AD
:1019D00042464B463A64BB64FA645B460022FA54C2
:1019E00080223D003E002A4952027078337800047C
:1019F0001B021843B378184300024B681C001440C4
:101A00001342FAD1234B033608619E42EDD1962052
:101A100002F088F85B4680201D4A3C607C60BC6018
:101A2000FC603C617C61BC61FC613C627C62BC62CC
:101A3000FC623C637C63BC63FC633C647C64BC64AC
:101A4000FC64FC54400269782B7809041B0219439A
:101A5000AB781943090253680342FCD10D4B03359F
:101A600011619D42EFD1642002F05CF801235B42DA
:101A70009C46E2445346002B8CD1F0BCBB46B24698
:101A8000A946A046F8BDC046FF0000FF1018002080
:101A9000000020506118002070B502F031F90029D3
:101AA00000D175E0FA220023920004F02FFAFA2107
:101AB000C90004F0EDF9080005F081F8374905F098
:101AC00028F8011C05F022F8354905F036F805F034
:101AD000E5F8FC21890505F030F8FC21890505F0C1
:101AE00015F8304905F029F82F4905F00FF805F0F1
:101AF000BFF8C5B2280005F067F82C4905F01DF8BD
:101B000005F0B6F82A4AC6B21000140013000021EE
:101B10003F3019705D709D7003338342F9D13F23CC
:101B20008020D1540133D6540133D5540133D154DC
:101B30000133D6540133D5540133D1540133D65433
:101B40000133D5540133D1540133D6540133D55424
:101B50000133D1540133D6540133D5540133D15418
:101B60000133D6540133D55451321500114A400285
:101B70006178237809041B021943A37819430902E9
:101B800053680342FCD103341161A542F0D170BD0A
:101B9000FA21890004F07CF989E7C0460000FA4484
:101BA000D00F4940000034430000A041CDCCCC3ED2
:101BB0001018002000002050F0B55746DE464E4673
:101BC0004546E0B5824687B000280ED0012805D0F2
:101BD000022800D1C3E0042800D1B9E0FF2301931B
:101BE000193B9A460023984603E0B42301934B33F4
:101BF0009846022302934346190253464046019DEC
:101C00001A04294354462F060A433A439146524642
:101C10000604504624022B0205942C04039413431B
:101C2000444600061E430643B346240604944F4C24
:101C30004346059A41461343039A26001343049AE8
:101C4000270013435A4662604A46A2605A46226100
:101C50004A4662615A46E2614A4622625A46A26296
:101C60004A46E2625A462360E360A36163622363EB
:101C70006263E3634A465B46A2632364626448236B
:101C80004246E25452460133E254019A0133E2548F
:101C90000133E15451460133E15441460133E254EA
:101CA0000133E15451460133E1540133E2548022BF
:101CB0002F49520278783B7800041B021843BB7806
:101CC000184300024B681D0015401342FAD1294BFE
:101CD000033708619F42EDD1642001F023FF5023B8
:101CE0008020234A25606560A560E5602561656107
:101CF000A561E56125626562A562E56225636563AC
:101D0000A563E56325646564A564E564E554400264
:101D10007178337809041B021943B3781943090217
:101D200053680342FCD1134B033611619E42EFD13D
:101D3000322001F0F7FE029B012B06D107B0F0BC68
:101D4000BB46B246A946A046F0BD012302936FE709
:101D500000230193C8339A463733984649E7002356
:101D60000193FF339A460023984642E7101800205B
:101D70000000205061180020014B18707047C046C9
:101D8000432C0020054B1B78013BDBB2032B03D80F
:101D9000034A9B00985870470248FCE7432C0020F8
:101DA0009C9D00109C9E0010034B1B78012B01D0C2
:101DB000024870470248FCE7432C0020D89E0010E0
:101DC0004C9F0010054B1B78013BDBB2032B03D863
:101DD000034A9B00985870470248FCE7432C0020B8
:101DE0008C9D0010089E001010B51F4B1B78012B16
:101DF00031D0022B23D0042B30D007221B4B0028DC
:101E000021D090422DD28000C458200007F02EFB34
:101E10000100782800D97821002807D00023144A2F
:101E2000E05C0133108002328B42F9D3C0230131D0
:101E3000C9B249009B0019430E48018010BD04221D
:101E40000D4B0028DDD119680222094805F05EF823
:101E5000C1218900F0E70422084BD0E70522084B96
:101E6000CDE70020EAE7C046432C0020100F0020F9
:101E70008A230020882300203C0F00202C0F002004
:101E8000FC0E002010B53F220021034805F038F871
:101E90000120FEF709FF10BD6820002070B500206A
:101EA00006F0A0FD002800D170BD0023434C142093
:101EB000E361FEF757FB05000020FEF753FB002807
:101EC00063D0002D6ED08023A28B9B0013430A2089
:101ED000A383FEF747FB002803D04022A38B1343C4
:101EE000A3830120FEF73EFB002803D1E28B344B95
:101EF0001343E3830B20FEF735FB002804D1802336
:101F0000A28BDB011343A3830220FEF72BFB0028E7
:101F100003D00122A38B1343A3830320FEF722FBEC
:101F2000002803D02022A38B1343A3830420FEF7B1
:101F300019FB002803D01022A38B1343A3830C208A
:101F4000FEF710FB002803D00222A38B1343A383C8
:101F50000D20FEF707FB002803D00122E38B13437B
:101F6000E3830E20FEF7FEFA002803D0A28B144B69
:101F70001343A383FEF780FC3F23208020822200AE
:101F80000121002006F04AFD8EE70A20FEF7EAFA5A
:101F90000028A6D0002DA0D18023A28B9B01134343
:101FA000A3839EE78023E28BDB0113430A20E383B4
:101FB000FEF7D8FA0028EFD193E7C046682000204A
:101FC0000080FFFF0020704710B502AA1288012A86
:101FD00002D91A78102A00D010BD5A78032A14D0DA
:101FE00007D8013A012AF7D8202330210A4AD154D0
:101FF000F2E7042AF0D19878DA7800041B7912020B
:1020000010431843FEF756FEE6E700222021024B5C
:102010009A615A54E0E7C0466820002010B50020BD
:10202000FEF742FE10BDC046F0B5C64600B5002022
:1020300088B006F0D7FC002803D108B080BCB846B1
:10204000F0BD1D220021684604F05AFFFEF75AFA3F
:102050000723183000240600984601270F4D285DFD
:10206000FEF780FA00280ED0325D531EDBB2E62B5D
:1020700009D84346D1081A403B0093406A46525C57
:1020800013436A4653540134152CE8D11D236A4684
:102090000021002006F0C2FCCFE7C046649F00107C
:1020A0007047C0460022014B1A7070473D2C00203B
:1020B0000120704770B5050014000120012905D1E9
:1020C0006023127800201340402B00D070BD63784D
:1020D000012BFBD152B2002AF8DA21002800024A73
:1020E000133306F0F5F8F1E7949F0010F0B54F4672
:1020F000D6464646C0B54B7981460D00FF2B02D12E
:102100008B795D2B06D000273800E0BCBA46B1467B
:10211000A846F0BD0979CF007F1A1937BFB2BA427D
:10212000F1D32C782C190029EED0AE18A642EBD9A9
:10213000002398460E4B9A4605E02378E41888451C
:10214000E2D2A642E0D96378052BF6D121004846B9
:1021500006F030F80028D6D0A378DA09012A01D198
:102160005246137043460133DBB298462979E4E7BF
:102170003D2C002001230370004870477C9F001015
:1021800010B50020FEF790FD10BDC04630B5704C74
:1021900087B02378002B01D107B030BD05F076FB66
:1021A0000028F9D005F07AFB0028F5D1217806F057
:1021B00069F80028F0D101AD14220021280004F0B4
:1021C0009FFE142303206B70FEF7CCF9002803D088
:1021D0000122AB781343AB700520FEF7C3F900284A
:1021E00003D00222AB781343AB700220FEF7BAF99A
:1021F000002803D00422AB781343AB700420FEF711
:10220000B1F9002803D00822AB781343AB700A2041
:10221000FEF7A8F9002803D01022AB781343AB7067
:102220000020FEF79FF9002803D02022AB7813434B
:10223000AB700620FEF796F9002803D04022AB7859
:102240001343AB700720FEF78DF9002804D08023DC
:10225000AA785B421343AB700120FEF783F9002894
:1022600003D00122EB781343EB700B20FEF77AF9D1
:10227000002803D00222EB781343EB701420FEF702
:1022800071F9002803D00422EB781343EB700E2081
:10229000FEF768F9002803D01022EB781343EB70A7
:1022A0000F20FEF75FF900284BD02022EB78134374
:1022B000EB700C20FEF756F9002803D04022EB7893
:1022C0001343EB700D20FEF74DF9002804D0802356
:1022D000EA785B421343EB700920FEF743F90028CC
:1022E00001D0FF232B711320FEF73CF9002801D009
:1022F000FF236B711020FEF735F9002801D0154B34
:10230000AB811120FEF72EF9002801D0124B6B8112
:102310001220FEF727F9002801D00E4B6B81FEF743
:10232000DFFA2178E880002005F05EFF2178142391
:102330002A00002005F080FF2178002005F068FFCA
:102340002AE70820FEF70EF90028AED1B1E7C04613
:102350003D2C0020FF7F00000080FFFFF0B5C64647
:10236000040000B592B00B0017004021244A02A8D7
:1023700003F000FD200002A907F024FA002839D05C
:102380005B2107F013F8031E34D0FA1C9046012598
:102390001C4E01331C0022781300093BDBB2172BC3
:1023A00006D95D2A28D1012012B080BCB846F0BD04
:1023B0003200DA4013002A009A4319D000230A227F
:1023C000200001A9019307F05BFB019B3870002BF3
:1023D000E9D09C42E7D01A78202A03D0092A01D0FC
:1023E0002C2A01D10133F6E70137B845D2D1DAE71B
:1023F0000134D0E70020D7E7002AD4D0DEE7C0467A
:10240000A89F001013008000002210B5024B00208E
:102410001A60FEF749FC10BD64200020F0B5DE46CE
:1024200057464E464546E0B5C94C0020A54406F047
:1024300061F8002822D0002006F05CF800281DD0AA
:10244000012200201EA906F061F8002800D1BFE398
:10245000702202AB9B181B780D2B17D00A2B15D0BE
:10246000BC49BD480A688242E5D8501C0860BB4997
:1024700000208B5406F03EF80028E1D1B84B9D4473
:10248000F0BCBB46B246A946A046F0BDB14B9B4648
:102490001B68002BCFD00022B04DEA542B78202BA4
:1024A00001D0092B01D10135F8E704222800AD49FC
:1024B00007F00AF8002800D106E10A222800AA49FC
:1024C00007F002F8002845D00B222800A74906F0A3
:1024D000FBFF002800D11DE10E222800A44906F0D0
:1024E000F3FF002800D175E30A222800A14906F075
:1024F000EBFF002800D1F4E00D2228009E4906F0F1
:10250000E3FF071E00D18EE30E2228009B4906F050
:10251000DBFF002801D100F008FC062228009849C2
:1025200006F0D2FF002800D067E305F0CBFF0028BB
:1025300007D00E220020934906F05CF8002006F038
:102540001DF8642001F0EEFA00220021002002F0C4
:102550005FF8B5E0FDF7D6FFC027C28A436808924E
:10256000828AFF000792428A80460692028A3900D8
:102570000592027B45460492C27A19350392827A0B
:102580000292427A0192027A1EA800927E4A03F0D9
:10259000F1FB1EAB391A04007C4A181803F0EAFB61
:1025A0002D2224181EAB424492461819784A4346FD
:1025B00091461B7E774E391B4A46009603F0DAFBA4
:1025C0001EAB241818192B780135391B5545F3D14A
:1025D000714A00924A4603F0CDFB1EAB2418391B0A
:1025E00018196E4A03F0C6FB1EAB0519791B581962
:1025F0006B4A03F0BFFB1EAB2D184246581930231F
:102600004446D35C3122A25C791B6F279446322268
:102610004744A25CBA46634F3334B946170062465A
:10262000BC466746009201974A46029603F0A2FB19
:102630001EAB2D185819C023A778DB006278591BF0
:1026400023780334BC465445EBD1534C009202949A
:102650004A46019703F08EFBC0242D18E4001EAB00
:10266000611B4E4A581903F085FB42466F234019FF
:10267000D35C1EAA9446211A74224446A25C60448C
:1026800004927322A25C03927222A25C02927122D3
:10269000A25C01927022A25C0092434A03F06AFBA2
:1026A000002005F00FFF00280AD01EA806F0DEFE6D
:1026B0001EA90200002005F09DFF002005F05EFF2E
:1026C00000235A461360B6E605F0FCFE0028F7D05A
:1026D00006223649002005F08DFF002005F04EFF50
:1026E000EEE7FDF749FF0400FEF794F80500FEF75A
:1026F00097F804F0C9FA2300029003912C4A802134
:1027000000951EA803F036FB002005F0DBFE002834
:10271000D6D0CAE7FDF7F6FE264B40219A46814601
:102720005246254B0B351EA803F024FB28001EA99A
:1027300007F048F8041E49D01EA806F097FE20189E
:102740000378202B01D0092B38D10130F8E7C0469F
:1027500084F9FFFF64200020FE07000064180020B9
:102760007C060000B09F0010C09F00109CA00010CD
:1027700068A100108CA10010CCA1001008A20010CC
:1027800030A2001038A20010CC9F001078A00010DA
:1027900084A00010C49B0010ECA1001060A20010E7
:1027A000A0A200108CA0001064A20010B89F00101E
:1027B00098A10010A89F0010A8A000100A220021D4
:1027C00007F05EF9022801D84B46187252464021A4
:1027D000BE4B1EA803F0CEFA28001EA906F0F2FF99
:1027E000041E12D01EA806F041FE20180378202BEC
:1027F00001D0092B01D10130F8E70A22002107F0AE
:102800003FF9052801D84B46D87252464021B04BBB
:102810001EA803F0AFFA28001EA906F0D3FF041E7D
:1028200012D01EA806F022FE20180378202B01D01B
:10283000092B01D10130F8E70A22002107F020F925
:10284000052801D84B46187352464021A14B1EA8BB
:1028500003F090FA28001EA906F0B4FF041E14D05D
:102860001EA806F003FE20180378202B01D0092BA8
:1028700001D10130F8E70A22002107F001F905280B
:1028800003D84B46C0B2D872187352464021924BBF
:102890001EA803F06FFA28001EA906F093FF041E7D
:1028A00012D01EA806F0E2FD20180378202B01D0DC
:1028B000092B01D10130F8E70A22002107F0E0F8E6
:1028C000431E98414B46587252464021834B1EA8E6
:1028D00003F050FA28001EA906F074FF041E13D05E
:1028E0001EA806F0C3FD20180378202B01D0092B69
:1028F00001D10130F8E70A22002107F0C1F864286D
:1029000000D964204B46987252464021744B1EA851
:1029100003F030FA28001EA906F054FF041E10D060
:102920001EA806F0A3FD20180378202B01D0092B48
:1029300001D10130F8E70A22002107F0A1F84B4647
:10294000188252464021674B1EA803F013FA280054
:102950001EA906F037FF041E10D01EA806F086FD43
:1029600020180378202B01D0092B01D10130F8E782
:102970000A22002107F084F84B4658825246402133
:10298000594B1EA803F0F6F928001EA906F01AFFFD
:10299000041E10D01EA806F069FD20180378202B15
:1029A00001D0092B01D10130F8E70A22002107F0FC
:1029B00067F84B469882524640214C4B1EA803F0C4
:1029C000D9F928001EA906F0FDFE041E10D01EA88D
:1029D00006F04CFD20180378202B01D0092B01D1E3
:1029E0000130F8E70A22002107F04AF84B46D88266
:1029F000402152463E4B1EA803F0BCF928001EA9F8
:102A000006F0E0FE002800D10AE15B2106F0CEFCD2
:102A1000031E00D104E12D224A444F460B920EAA18
:102A2000A84601261500013318371C002278130030
:102A3000093BDBB2172B00D8A2E05D2A00D0EBE007
:102A40002B0045469846402152462A4B1EA803F0CB
:102A500091F928001EA906F0B5FE002856D05B218A
:102A600006F0A4FC002851D06F234B440B930023A5
:102A70009A4643464E46A8461D00013030365B213B
:102A800006F094FC00283ED00130F71C04002378A7
:102A9000202B01D0092B01D10134F8E753460A223B
:102AA000290020000E9306F0EBFF30700E980028EE
:102AB00000D18BE0844200D188E00378202B03D042
:102AC0002C2B01D05D2B17D10130F6E7B4A00010FC
:102AD000C0A00010C8A00010D4A00010E0A00010FA
:102AE000ECA00010F8A0001004A1001014A1001028
:102AF00020A1001028A100100136BE42C6D10B9BB8
:102B00003E00BB42BBD12B0045469846924B414606
:102B10001A8843461A80002370208B7002A9091876
:102B20000A80722102AA52181370280042468B496B
:102B3000FFF714FC002805D04846032241466F30B9
:102B400004F0E4F9280086491EAAFFF707FC0028D4
:102B500005D04846032272301EA904F0D7F9FDF7CC
:102B6000D5FC002005F0AEFC002800D1A8E511221C
:102B70007C49002005F03EFD002005F0FFFC9FE5AC
:102B8000794ADA40130032009A431DD000230A220A
:102B9000290020000E9306F073FF38700E9B002B67
:102BA00000D14DE79C4200D14AE71A78202A03D091
:102BB000092A01D02C2A01D10133F6E70B9A0137FB
:102BC000BA4200D031E73BE701342FE7200096E717
:102BD000FF2345E4FDF702FCFDF798FC002005F01B
:102BE00071FC002800D16BE513226049002005F03C
:102BF00001FD002005F0C2FC62E5002005F062FC4A
:102C0000002800D15CE517225949002005F0F2FCAC
:102C1000002005F0B3FC53E5002A00D110E7B5E72A
:102C20000EAB98460FE74021524B534A1EA803F0C3
:102C3000A1F828001EA90D3006F0C4FD002865D0BB
:102C40005B2106F0B3FB002860D002AA6F239446F4
:102C50006344994600230EAD2E009A46A8460130E3
:102C60005B2106F0A3FB002825D00130F51C0400F1
:102C70002378202B01D0092B01D10134F8E75346EA
:102C80000A2220000DA90D9306F0FAFE30700D986F
:102C9000002839D0844237D00378202B03D02C2B46
:102CA00001D05D2B01D10130F6E70136AE42DED115
:102CB0002E00A945D4D145467024297802A80019D0
:102CC000017071206A7802A909180A707221AB7824
:102CD00002AA52181370F8B21E990335FDF7B6FF19
:102CE00001374D45E8D1FDF7C3FF002005F0EAFBB1
:102CF000002800D1E4E410222049002005F07AFCED
:102D0000002005F03BFCDBE42000D1E7002005F0CB
:102D1000D9FB002800D1D3E416221949002005F080
:102D200069FC002005F02AFCCAE405F0CBFB002872
:102D300007D016220020134905F05CFC002005F0A6
:102D40001DFC642000F0EEFE0F4803F047F8002160
:102D5000030008009847C046B0A2001034A100103C
:102D600044A1001054A100101300800078A10010AD
:102D700048A200102CA10010A89F0010DCA1001098
:102D8000F0A1001018A2001055420000094A83006B
:102D900094464022634410B51C68C0006240C024C1
:102DA00014408022520113431C60034B9C46604434
:102DB000416010BD04C00140004001400A4B80004A
:102DC0009C4604236044002901D00C230821002ADA
:102DD00000D10B00026853400C221A4080235B0193
:102DE000184302607047C04604C00140084B800091
:102DF0009C466044002905D080239B011843402352
:102E000003607047C0239B01184340230360F8E729
:102E100004C001400123D0228340120693629361D3
:102E2000094A83009446402263441968C0004A401E
:102E3000C02111408022520113431960034B9C466C
:102E4000052360444360704704C0014000400140D6
:102E5000024B18688007C00F7047C04600C006408C
:102E6000EFF3108072B6034A1368002BFCD0BFF357
:102E70005F8F70472C0100D0BFF35F8F0022024BA1
:102E80001A6080F3108870472C0100D070B5EFF302
:102E9000108C72B60D4D2B68002BFCD0BFF35F8FEA
:102EA0000724CB08C618C05C01230C40A3401C00BB
:102EB0000440034207D103433370BFF35F8F2C609C
:102EC0008CF3108870BD100001F080FC2C0100D044
:102ED000F8B54746CE46884680B5EFF3108C72B6FB
:102EE000214D2C68002CFCD0BFF35F8F9A422CD868
:102EF000D4080727055D061901241740BC402C4261
:102F00001FD007210127894609E0D408055D06196D
:102F10004C4639001440A1400C00294211D0013226
:102F20009342F2D201204042BFF35F8F00220E4B4A
:102F30001A608CF3108800280FDBC0BCB946B0467D
:102F4000F8BD2C4310003470EEE7BFF35F8F002311
:102F50002B608CF31088012040424346002BECD0BC
:102F6000089801F033FCC0462C0100D00021044B2E
:102F7000044ABFF35F8F02C39342FAD17047C04641
:102F8000000100D0800100D0044A1078431CDBB25D
:102F9000172B00D9102313707047C0464C0F002028
:102FA00000B5054B83B00100009318221F2303488E
:102FB000FFF78EFF03B000BDB4A2001090270020E1
:102FC00001238340002904D0034A1360034A13609D
:102FD0007047034A1360FBE780E200E000E100E095
:102FE00080E100E001228240034B1B6813405A1E1F
:102FF0009341D8B27047C04600E100E0024B103068
:103000009B688000C058704700ED00E070B50D006F
:10301000EFF3108672B60F4A1368002BFCD0BFF393
:103020005F8F0D4B10309B6884001B590B4A9342F5
:1030300003D09D4201D001F0E1FB074B9B681D517D
:10304000BFF35F8FBFF35F8F0022024B1A6086F3DE
:10305000108870BD240100D000ED00E0CD0100100B
:10306000F0B557464E46DE464546E0B585B006000B
:1030700002911700EFF3108B72B6674A1368002BAA
:10308000FCD0BFF35F8F0025644B5D579A46002D3F
:1030900000DAA4E06B00624C03935B199B00984636
:1030A000A146C1444B4652469B79103613705D4B86
:1030B000B2009B68019299580B1B2F2B34D95A4BA5
:1030C000994200D0A4E0039B584A9C46584B654463
:1030D000AD006353434602336519E418554B012193
:1030E000043B1B1B1B055B0D13436B80524BEF71A5
:1030F000AB80FF23AB71029BAB604B460B431900C7
:10310000484B019A9B689950BFF35F8FBFF35F8F65
:103110000022414B1A608BF3108805B0F0BCBB460F
:10312000B246A946A046F0BD01200A008243D379E9
:10313000BB422FD845464E46130040491B1B5B41FE
:103140005943090D3A4B63533A4B02356519043B19
:103150005B1B1B05354D5B0D2B4373800426B4466A
:10316000E0444444131F1B1B4C46A17102991B05EC
:10317000A16049465B0D2B43A380314BE7710143AE
:103180001360BDE75800C01880002018C679BE4201
:103190002BD902000623D356002BF3DA101D8246EA
:1031A0002848804604267642B446E14450464E46BE
:1031B000361A3005400D824656461C489571064326
:1031C0009680039A944665441D4AAD0064192260B6
:1031D0004246A371029BA280E771A36090E701F0D1
:1031E0000DFB002553465D5754E7101D824690881D
:1031F0004005001584464046D444664604302018F5
:10320000301AE0260005400D360230438046C9E7FB
:1032100001F0F4FA57E7C046240100D0442C002006
:10322000500F002000ED00E0CD01001000E0FFFF96
:1032300000A1FFFF800F002001BDFFFFAAAA000030
:103240000148804701BD0000F0B5DE4657464E46B6
:103250004546E0B50C0083B0EFF3108972B6584ACA
:103260001368002BFCD0BFF35F8F564B9A680300A6
:1032700010339F00D559544A9046954232D0A5420A
:1032800043D0524EAA1B2F2A2CD8012282409246AC
:1032900051464F4A12681140019151464D4A116002
:1032A000BFF35F8FEFF305829346002A33D10123EA
:1032B0002A009A4393689C4208D177E04B005B1840
:1032C0009B00F3189968A1422AD01A000621515692
:1032D0000029F3DA019B002B19D052463E4B1A60AD
:1032E0003B4B1A60374B9B68DD51BFF35F8FBFF3D9
:1032F0005F8F0022324B1A6089F3108803B0F0BC54
:10330000BB46B246A946A046F0BD1500EAE75246C4
:10331000304B1A60E6E79342C9D001F06FFAC6E776
:1033200006215956002921DB4A0050188000341824
:103330008046A0689860E079D87106202056987180
:10334000002824DBA488F01A6405241544440019DD
:10335000E0240005400D24022043988052181F4BA2
:103360009200B6181A781970B271B3E7594600295D
:103370000FD1FF3191711A49918018490A789A71D9
:10338000184A9B1B5B415A43120D0A70A2E716486C
:10339000E3E7164A1649D21A083A5002400D014393
:1033A0009980144952080A43DA8093E7062151565E
:1033B00013000029B8DA5A46002AEAD14546DCE76C
:1033C000240100D000ED00E0CD010010500F0020DE
:1033D00000E100E080E100E080E200E0442C002019
:1033E00001BDFFFFAAAA000001BD00008A0F002056
:1033F00000F0FFFF00F8FFFF70B5EFF30581012437
:103400000443EFF3108C72B6214A1368002BFCD0F2
:10341000BFF35F8F1F4B05001F4AED1A6D416A43D2
:10342000120D1E4D8900AE6852B27658A6421CD0CD
:103430000621595691421CD012215956914222D050
:103440001E215956914220D02A21595603249142D7
:1034500010D0134B19781A708171BFF35F8F00225F
:103460000B4B1A608CF3108870BDAB680D4C5C5030
:10347000EFE700246100091989005B18FF219971A9
:1034800009499980E5E70124F4E70224F2E7C04600
:10349000240100D0500F0020AAAA000000ED00E097
:1034A000442C0020CD01001001BDFFFF054B064A52
:1034B0001360064A136053609360D36013615361D5
:1034C000936170478080808000E400E004E400E0C5
:1034D000024B9C4661448900016070474000003403
:1034E00010B50400FFF750FD01002000FFF7F0FFCA
:1034F000FF232371BFF35F8F10BDC04610B50400DA
:10350000FFF742FD01002000FFF7E2FFFF23A38049
:10351000BFF35F8F10BDC04610B504000120FFF758
:103520003FFD044B9C46604480002060BFF35F8FEA
:1035300010BDC0464000003483680B4810B5844677
:1035400061446244090112019A18591854684B6881
:1035500001209C4201D802D00020C0B210BD1268E8
:103560000B689A42F9D8F7E7FFFFFF0F0A4B19687B
:10357000EFF3108072B60A68002AFCD0BFF35F8FA9
:103580001B68BFF35F8F00221A6080F3108840BF72
:10359000002000217047C046282C0020F8B557466F
:1035A0004E464546DE46E0B599460CAB1C780DAB61
:1035B0001B78060090469A460768002C11D1BC7B08
:1035C000002C42D065003B682D19033D59194B78FA
:1035D000BB73002B00D1FB7300238B704B700B70FF
:1035E00004E065003B682D19033D5919B2682A4B68
:1035F00094464246E3181B0163441A604A465A60E7
:103600000A9A9A600B9ADA6000238B704B700B70E9
:103610007B7B9B46002B2BD022005946B8687B68E9
:1036200098473A68002816D05B4658465B005B44D2
:103630005519033BA870D118D35C002B00D06B70D8
:103640005B460C707B73A34513D0F0BCBB46B246FF
:10365000A946A046F8BD5B465B005B44033BD3181C
:103660009C705119525D002A00D05A705B460B7055
:103670007C7342464B46307D00F0A2FB051E06D00F
:103680005346002B03D12100306800F0BDFD0E9B96
:10369000002BDAD01D70D8E7FFFFFF0FF0B5DE4634
:1036A00057464E4645460023E0B58BB00893674B1E
:1036B0008200D45800239B46099000F021FB6268E9
:1036C00006000F00EFF3108572B61368002BFCD0D4
:1036D000BFF35F8F23689C465B7B9946002B00D12C
:1036E00069E0A2685A4B90464B441B0198444346FC
:1036F0001A685B6810001900801BB941002900DCC2
:1037000063E0099800F05CFB002300229846002348
:103710000692079300239A466368BFF35F8F5A4669
:103720001A6085F310885346002B08D10028C4D1B5
:103730000BB0F0BCBB46B246A946A046F0BD089B04
:10374000414618024B461843D047626806000F00F6
:10375000EFF3108572B61368002BFCD0BFF35F8FB8
:10376000002F50DB33003B4302D02369002B61D193
:103770002368D97B002907D04A00521819688C4663
:1037800049466244033A51709A7B002A01D14A4665
:103790009A734A46DA734B46E168013BCA5C0132D0
:1037A000CA545B4623616368BFF35F8F5A461A6051
:1037B00085F3108881E700230022984600230692B3
:1037C0000793002300209A46A6E7002902D100288B
:1037D00000D096E70021604600F094FC43461A684A
:1037E0005B680692079343469B689A464346DB68AC
:1037F0009846E3684B44013B1B7808931B02034344
:103800002361002088E72369002BB1D0069A079B2B
:10381000921BBB41002B15DB5946049101210391FA
:103820004946029141460191514620000091FFF71F
:10383000B5FEB6E700F064FA32003B0012184B41C7
:10384000002BE9DA0122034B5242E5E7142C002059
:10385000FFFFFF0FFFFFFF7F10B5144C6368002BC5
:1038600004D00A211248FFF733FE10BD2300114A8D
:103870001021206800F060FB032000F035FA0320DF
:1038800000F008FB03200C4900F054FAFFF77CFB22
:103890000A4B9C4603232375D0231B061B686044F8
:1038A0006375074B80006060DC60DAE7980F0020EA
:1038B000282C0020393500109D36001040000034BF
:1038C000142C0020F0B54E464546DE465746E0B57E
:1038D00085B0019310AB1B78060003930023994633
:1038E000984600927268EFF3108B72B61368002B43
:1038F000FCD0BFF35F8F3568AC7B002C3DD06700F8
:103900002B683F19033FDB195A78AA73002A00D1AC
:10391000EA73B168474A8C4600980199A2181201CF
:103920006244106051600E9991600F99D1604246D7
:103930009A705A701A706B7B9A46002B67D02200DF
:103940001900A8686B6898472A68002852D0534627
:1039500050465B005344D719033BB870D118D35C71
:10396000002B00D07B7053460C706B7354454FD0C6
:10397000F3681B19013B187800E000207368BFF35F
:103980005F8F42461A608BF31088002C4FD04B4655
:10399000002B08D10002204305B0F0BCBB46B24664
:1039A000A946A046F0BD039B002B3ED00E9B0020F5
:1039B0000F999847030004000D000B4335D00029F0
:1039C0000ADA009A019B121BAB4100920193002B73
:1039D0000ADB039B994685E700F092F924184D41D4
:1039E00000940195002DF4DA0123134C5B420093FF
:1039F0000194EEE753465B005344033BD3189C709D
:103A0000D119D25D002A00D05A7053460B706C73E6
:103A1000307D009A019B00F0D3F981460028A7D0A1
:103A20002100306800F0F0FBA2E70020B4E701209D
:103A30004042B1E7FFFFFF0FFFFFFF7FF0B504003B
:103A40000D0006267642F717C64636196F4100B5B7
:103A500084B08F4214D811D000F052F932003B00EC
:103A6000121A8B41002B15DC002B3ED020002900C0
:103A700000F050F904B080BCB846F0BD8642EBD9E6
:103A80000026002700F03CF932003B00121A8B415F
:103A9000002BE9DD002302930193154B32000093C4
:103AA00014483B00FFF70EFF0028DFDB0023984699
:103AB000BC46114A114F7B6A9C4504D8B96A8E42B4
:103AC000D4D99C45D2D11168EFF3108072B60B683F
:103AD000002BFCD0BFF35F8F1368BFF35F8F4146AD
:103AE000196080F3108820BFE5E7002ABED0D1E737
:103AF0006D350010980F0020282C00200040054054
:103B000070B504000D0000F0FBF8001969410029B0
:103B100002DBFFF793FF70BD012001494042F8E747
:103B2000FFFFFF7F70B5060000F0EAF8FA220400FC
:103B30000D00002330000021920002F0C7FF0019A1
:103B40006941002902DBFFF779FF70BD01200149BF
:103B50004042F8E7FFFFFF7FF0B5EFF30583CE4665
:103B6000474680B505000C0085B0002B12D02C4ACA
:103B70000020536A9C4203D8926A0130AA4204D3BF
:103B800005B0C0BCB946B046F0BDE01A421E904137
:103B9000C0B2F5E7234E02930193234B020000933A
:103BA00030000B00FFF78EFE031EE0DD20BF7168C2
:103BB000EFF3108772B60A68002AFCD0BFF35F8F5C
:103BC000DAB294463068427B62451DD0FF221A402B
:103BD0005100894601689144884649464144033969
:103BE0008978002913D0F1681B0A88464244013ABB
:103BF0001278DBB29A420FD07368BFF35F8F002256
:103C00001A6087F31088B2E7FF221A40EBE73269A7
:103C10009342F1D13161EFE7614600F0F5FAEBE74D
:103C200000400540980F00206D350010F0B5EFF30F
:103C30000582D6464F4646461000C0B51038EFF311
:103C4000108872B6214C2368002BFCD0BFF35F8F25
:103C50000123190081401E4D1F006963AA461D4DB6
:103C600029601D4D2E78AC463500C5402F402B42B3
:103C700009D1BFF35F8F276088F31088E0BCBA4694
:103C8000B146A846F0BD5346144D5F6A83005D59A6
:103C9000AF420ED3124A8E439B5862461670BFF352
:103CA0005F8F0022226088F31088002BE6D09847AF
:103CB000E4E70C4B92009C46624413681360BFF328
:103CC0005F8F0023236088F31088D7E7280100D096
:103CD000004005403C700540452C00202C2C002065
:103CE00080260020D03F054010B50100024A03485D
:103CF000FFF7CCF810BDC046D0A20010422C002027
:103D0000034B596A0A00986A596A8A42FAD1704785
:103D100000400540064A536A9942FCD807D1044B3B
:103D200002E05A6A914202D19A6A8242F9D37047FC
:103D30000040054070B504000D00EFF3108672B628
:103D40001A4A1368002BFCD0BFF35F8F002D1BD0E5
:103D50002000FFF753F9164981420AD02000FFF7EF
:103D600055F901212000FFF72BF90123A340114A47
:103D70001360114BA400E550BFF35F8F00220B4B83
:103D80001A6086F3108870BD0B4BA200D55001223B
:103D9000A2400A4920000B7893430B700449FFF7B7
:103DA00053FA00212000FFF70BF9E5E7280100D0C6
:103DB0002D3C00103860054080260020452C002056
:103DC000F0B54F46D6464646C0B507002C4C616A52
:103DD0000D00A66A616AA942FAD18B4208D805D0C3
:103DE0000120E0BCBA46B146A846F0BDB242F7D9C0
:103DF000EFF3108A72B6234801680029FCD0BFF3A4
:103E00005F8F0125BD4020491D4C884609788946B1
:103E10002943C9B28C46414660460870391D1B488B
:103E2000890065630A51B9000B50216A00202942BC
:103E300019D0616A0800A66A616A8142FAD18B4290
:103E400019D801D1B24216D8CC4516D00C4B1F2040
:103E50001D625D6301230740BB400D4A1E3813609D
:103E600043464A461A70BFF35F8F0022054B1A6023
:103E70008AF31088B5E70020F5E70120F3E7C04694
:103E800000400540280100D0452C00202C2C0020AB
:103E900080E200E0EFF3108C72B60A490B68002B49
:103EA000FCD0BFF35F8F01238340074A07481362AA
:103EB00002789A430270BFF35F8F00230B608CF38C
:103EC00010887047280100D000400540452C002094
:103ED00070B5050014001600002915D00C00002A4A
:103EE00012D080686B689847296800280ED073004C
:103EF0009B196200033B1219CB18033A9C70881877
:103F00008A5C002A15D10670200070BD63001B1961
:103F10007200033B9219CB18033A9E7088188A5C92
:103F2000002A02D104703400EEE75A7004703400A5
:103F3000EAE75A700670E7E730B583600023CCB239
:103F400043730133047342608373C4730D000068CC
:103F5000012C06D9421C0133DBB2137003329C42A0
:103F6000F9D1FF2129404B0059180023401803388C
:103F7000437030BDF8B5CE46474606000C0080B50C
:103F8000002907D04D0003686D18033D5A19577872
:103F9000002F04D12000C0BCB946B046F8BD79005E
:103FA000C919033988464344597889460021597014
:103FB000517073683A002100806898473368002880
:103FC00014D042469A18947059195B5D002B00D0AA
:103FD00053700F70270049463000FFF7CBFF3900C0
:103FE00002003000FFF774FF0400D3E74246414669
:103FF0005D19AF709A185B5C002B00D06B70147069
:10400000E9E7C046F0B557464546DE464E46E0B5C0
:104010000D006B0001685B19DF1E0400C85D83B0F2
:104020000192CA19002850D043001B18033BCB183B
:104030005E78B446002E1AD1019E002E42D0E67B57
:10404000002E04D073009B19CB18033B5D70A37B3B
:10405000002B00D1A573E57300282FD100235370E6
:1040600003B0F0BCBB46B246A946A046F0BD720004
:104070006244033A89184A78904600224A70914671
:104080005A70010032002000FFF722FF43468246AB
:10409000002B07D05B0021684344033BCB185A78C0
:1040A000002A16D1424651462000FFF711FF216831
:1040B000019BCA19002BC2D10028CFD043001B1886
:1040C000033BCB1800219970C8E7019B002BB6D1A8
:1040D000C4E75000801803380918487883464846DA
:1040E0004870587041462000FFF7F2FE594680465E
:1040F0002000FFF73FFF414602002000FFF7E8FEE7
:104100008046CFE7F0B557464546DE464E46E0B519
:1041100083B00191457B04006B0000685B19DF1ED2
:10412000C15DC219002952D04B005B18033BC31874
:104130005E78B446002E1CD1019E002E44D0E67B52
:10414000002E04D073009B19C318033B5D70A37B42
:10415000002B00D1A573E573002931D1002328007D
:104160005370617303B0F0BCBB46B246A946A0468B
:10417000F0BD72006244033A8018427890460022F3
:10418000427091465A7020003200FFF7A1FE43466C
:104190008246002B07D05B0021684344033BCB18C9
:1041A0005A78002A17D1424651462000FFF790FE68
:1041B000019B01002068C219002BC0D10029CDD07D
:1041C0004B005B18033BC31800209870C6E7019BA7
:1041D000002BB4D1C2E75000801803380918487882
:1041E000834648464870587041462000FFF770FEED
:1041F000594680462000FFF7BDFE414602002000E0
:10420000FFF766FE8046CEE770B5040000292CD08B
:10421000437B8B422ED0056848004018033828188D
:104220008278002A21D053009B18033BEA5CEE18E9
:104230008A4202D11BE0002A08D053009B18033B9E
:10424000EB185A788A42F6D142785A70002301223C
:10425000837043702000FFF7D5FE617B02002000D1
:10426000FFF736FE6073012000E0002070BD437848
:104270003370EBE701221900FFF7C4FE60730120E1
:10428000F4E7C04630B50C2083B000F0B9F9FEF772
:10429000DFFD00280ED0994B994A1A605A609A6047
:1042A000DA601A615A619A61DA611A62954A5A6251
:1042B00003B030BD944CA06700F0F6F90122934B97
:1042C0001A60636C012BFCD10322914B1A608E4A59
:1042D000936B012BFCD1013301218E4A8E48009350
:1042E000043300F03DF905238C4A009301218C48EA
:1042F00000F036F98B4B5A68FF2A02D88022520010
:104300005A6080227D4C824B21691201854D1A60D2
:10431000002907D0606901F0BBFD431C5800C0189C
:104320000338FDD2E0217F4B02201A681140802221
:1043300052012A431160196848400321014011606D
:1043400004219A681142FCD08022802192012A43E4
:1043500009011160802252005A60734B2361734B34
:104360005968FF2900D85A600321684A6F4B1160D1
:1043700002399A681142FCD0E0201A68104080226D
:1043800052011A431060186848400321014002207E
:10439000116066498A681042FCD080229201134362
:1043A000802212011A608022614B52004A606361D0
:1043B000604B5968FF2900D85A6080225E4BE16942
:1043C00012015C4D1A60002907D0606901F060FDA0
:1043D000431C5800C0180338FDD2E02255490B6831
:1043E0001A4080235B012B431A60802380229B01AB
:1043F0002B4312011A608022414B52004A60E36154
:104400004E4B5968FF2900D85A6080224C4B216AD4
:1044100012014A4D1A60002907D0606901F038FD89
:10442000431C5800C0180338FDD2E02243490B68F2
:104430001A4080235B012B431A60802380229B015A
:104440002B4312011A60802380225B004B602C4BAF
:10445000D20223623B4B5968914200D25A608022BB
:10446000394B616A1201374D1A60002907D0606923
:1044700001F00EFD431C5800C0180338FDD2E022A5
:1044800030490B681A4080235B012B431A6080235C
:1044900080229B012B4312011A608023DB024B60B8
:1044A000184B6362294B5A68FF2A02D880225200B7
:1044B0005A608022264BA1691201244D1A600029FE
:1044C00007D0606901F0E4FC431C5800C0180338B1
:1044D000FDD2E0221D490B681A4080235B012B436B
:1044E0001A60802380229B012B4312011A608023D3
:1044F0005B004B600E4BA361DAE6C04694270020B8
:10450000006CDC021BB70000008000403CB00040A3
:1045100030B00040002F685900800240008C864770
:1045200000C0024030800040001BB7003C800040CB
:10453000405973075480004054B0004060800040F0
:1045400060B000406C8000406CB00040488000408B
:1045500048B00040014B8000C058704794270020AD
:10456000F8B5040021481D0017000E0001F090FC72
:104570000100380001F08CFC069B29041B03194341
:104580002368002B20DB1A4B1A4DE21853425A4184
:1045900080235B019C461203174B62441A60174B41
:1045A0001A601700AB689F43FBD1C022231D920104
:1045B0001A4321232660A06013602368002BFCDAD5
:1045C0000823E1601360F8BD3F2322681340B34223
:1045D000D9D1A3681B051B0D8342D4D1EE22E36819
:1045E000D20213408B42CED1EDE7C046001BB7008C
:1045F0000040FDBF00C0004000E0004000F000406F
:104600008023024A9B000343D36270470080054029
:1046100010B5140080221B4BD2051A6000281AD056
:104620000123194A1843194BDA61194A42401A62A8
:10463000596298628022134BD2051A601549164AB6
:104640001160E022D2041A60002C07D18022134BA3
:1046500012061A6010BD0D4BD861EBE763011B1BFE
:104660009A008023121912015B049A4200D30C4A6B
:104670000C4B1A60054B5A608022084BD2051A6019
:10468000E8E7C04600B00540D3C007B00080054051
:104690002D3FF84FFCFF01000820014000A005401D
:1046A000FFFFFF000C2C0020AA23064A1B01136009
:1046B0002F230549D360054B19605368002BFCDAA2
:1046C0007047C0460040024000B0FA00006002405F
:1046D0002C4B2D4A70B51A602C4A2D4B2D491A606F
:1046E00014008B689C43FBD12B4D2C4EB54208D255
:1046F000013E761BB60808CD984723000134B3422B
:10470000F9D1FFF7BFFD264A214B1A60214A936871
:10471000DB43DB01DD09002BF9D14022214B224C88
:10472000224E9A675A671A67DA66B44208D223683B
:104730002000002B20D00834FEF7E0FEB442F6D370
:104740001B4E1C4CC022A168300002F0DFFBA660AB
:10475000FEF70CFCFEF7AAFEFFF77EF8164C174E8C
:10476000B44208D2013E361BB60808CC98472B004D
:1047700001359E42F9D170BD0834FEF7B1FEB44256
:10478000D5D3DDE700E00040BFCDFBFEFE7F3C005F
:1047900000F0004000C000404814002058140020E1
:1047A000FFFFFF0100F001403814002048140020F2
:1047B0000000002000ED00E0581400205C140020F0
:1047C00000BEFDE710B5FFF7FBFFC0460FB400B514
:1047D000084883B002F0CCFC049B002B07D005A94D
:1047E0001800019101F0DAFA034802F0C1FC01203F
:1047F000FFF7E6FFF4A2001064A1001010B5014815
:10480000FFF7E4FF04A300109A4200D288547047D7
:104810007047C046F8B557464E464546DE46E0B5B9
:1048200099460A9B07009A460D9B884693461500B9
:104830000B9E9B0710D10C9B9E420DD29D1B14001A
:104840000E005D4422004B46013431002020B84761
:10485000A542F7D1B0460B9E002E27D044467519CD
:104860005346AA1B013E985D21004B46B847002ED7
:10487000F6D123002C0098460D9B9B070FD55B4675
:10488000E51A0C9BAB420AD94646984622004B4695
:10489000310020200135B8470134A845F6D8200062
:1048A000F0BCBB46B246A946A046F8BD2C00E3E7E3
:1048B000F0B54F464646D646C0B584B098460EABD6
:1048C0001B78129F994694460D9C109B119EBA0727
:1048D00025D4002E4BD19C4200D3BFE001223A40A8
:1048E00092461F2C00D9B8E00C9A551E302201E0E8
:1048F000202C03D001342A55A342F9D85246002A6D
:104900000DD0A6420BD9202C44D00C9A551E302233
:1049100001E0202C3ED001342A55B442F9D1FA06E8
:104920004DD57A053FD4002C39D10F9B102B00D1E7
:1049300079E00F9B022B00D18AE030230C9A0124EE
:1049400013704B46002B3FD02D230C9A1355013486
:104950000C9B624600930397434602960194FFF72F
:1049600059FF04B0E0BCBA46B146A846F0BD0122EA
:1049700015003D40AA463A422FD04A46002A02D1AD
:104980000C323A4200D0013E9C42BAD21F2CABD925
:10499000202E27D92024FA06DAD57A0503D4A3429B
:1049A0002DD0A6422BD00F9B102B32D0022B20D023
:1049B000202CCDD030220C9B1B191A700134202CD6
:1049C000C6D04B46002BBFD17B070DD43B07BFD5CC
:1049D00020230C9A13550134BAE79C429FD21F2C16
:1049E00000D881E720249AE72B230C9A1355013431
:1049F000AEE7202CACD00C9B1B1901343AE0631EAF
:104A0000012C92D00F9A102A2AD0022A2FD01C00F3
:104A1000D0E7BB060ED4202C9AD00C9B1A19013477
:104A200078231370C4E7BB060DD478230C9A0124B5
:104A30001370BFE7202C00D18AE758220C9B1B196A
:104A40001A700134B4E758230C9A01241370B1E7AB
:104A50000C9A603301241370ACE7202400265EE733
:104A6000023CBA06E9D40C9A12191C00D8E70C9A39
:104A70009246534462221A709AE7C04610B5002845
:104A800000D110BD02F028FBFBE7C046F0B5DE46C2
:104A900057464E464546E0B59BB09B46249B89460B
:104AA0009846259B0B900C924046424619009A4628
:104AB00001F0B7FC002800D0D8E001224046514662
:104AC000774B524201F0A8FC002800D0CEE0012232
:104AD00040465146734B524201F088FC002800D0FA
:104AE000C4E0002200234046514601F07FFC00282C
:104AF00000D0B9E1424653460A9209938023289A8E
:104B0000DB001A400E92289A1A4201D106232693FE
:104B10000A9A099B1600134300D0C7E0289B002582
:104B200000261B0500D49BE100230D93269A0D9BC4
:104B30009A4200DC9FE1D01A431E26938023289AD4
:104B4000DB001A430023002728920D93279B0024A3
:104B5000BB4200D9DC1B0223289A1A400E92289AE5
:104B6000134203D07B427B415B421C400D9B002BD8
:104B700007D00A9809992A00330001F0D6FB0A9061
:104B80000991002200234046514601F02FFC0028E5
:104B900005D0802000068446099961440991289A2D
:104BA000414B0B9D13400493269B0A9A0293099B49
:104BB00003940092019349465B4628000C9A00F04A
:104BC0008BF90400002F62D0289B220098061F2337
:104BD000C0179843631C984649465B466530A84712
:104BE0000D9B0025DA179C18DB0F9A465440013FB5
:104BF00001E0202D13D00AAA94461F23200063440D
:104C00000A2101355E1901F043F93031317020007D
:104C10000A2101F03DF926000400092EE9D80523F8
:104C20000693002304930A330393534605970B9F7F
:104C3000029312AB009342465B4649463800019509
:104C4000FFF736FE0E9B0400002B20D00C9BC51AEC
:104C5000279BAB421BD91E0022005B464946202001
:104C60000135B8470134AE42F6D810E0289B4246E1
:104C70000493279B49460393269B0B980293534624
:104C8000009201935B460C9A00F026F90400200084
:104C90001BB0F0BCBB46B246A946A046F0BDC0461C
:104CA000FFFFEF7FFFFFEFFFFFF7FFFF734B099F52
:104CB0009C467800400D604401F0C6FB704A714B81
:104CC00001F051FB704A714B01F026FB3B03704A27
:104CD0001B0B1A4304000D00300011006D4B002225
:104CE00001F011FB6C4A6D4B01F03DFB02000B0023
:104CF0002000290001F010FB01F0BEFB0D9001F037
:104D0000A3FB674A674B04000D0001F02CFB002257
:104D1000654B01F001FB01F0AFFB644A0600644BF8
:104D20002000290001F01FFB040030000D000F9649
:104D300001F08AFB5F4A604B01F015FB02000B009B
:104D40002000290001F0DFFA02000B0006000F002E
:104D500001F009FB320004000D003B003000390077
:104D600001F0DAFA002210901191544B2000290032
:104D700001F0DBFA0022524B01F0CEFA02000B00E8
:104D80002000290001F0D1FA00224E4B01F0C4FAB4
:104D900002000B002000290001F0C7FA0D0080215D
:104DA000040032003B000020C90501F0ACFA02000B
:104DB0000B002000290001F0AFFA02000B00109850
:104DC000119901F0B2FA0022314B01F0A5FA3E4BE5
:104DD0000F9C9C4664440022230501F0C4FA0500A0
:104DE0000E0002000B000A98099901F0FFFA002852
:104DF0000AD00D9B2800013B31000D930022304B5F
:104E000001F093FA05000E00C6270D992B006331BF
:104E10008F42BF4128997F420437090500D495E6A7
:104E2000334300D182E6099C284A2100284B0A9886
:104E300001F0EAFA002808D000222100254B0A9848
:104E400001F0D4FA002800D070E6269B002B00D198
:104E50007CE60E9B5A1E9341269AD31A269375E63A
:104E6000002304270D9371E643460A9380231B0613
:104E70005344099342E6002326935FE601FCFFFFBB
:104E8000FB799F501344D33FB3C8608B288AC63F39
:104E90000000F03F0000F83F61436F63A787D23FF7
:104EA00071A379094F930A400000E03F1655B5BB46
:104EB000B16B0240EF39FAFE422EE63F00002C4073
:104EC0000000244000001840FF0300002D431CEBAD
:104ED000E2361A3F80842E41F0B54E46DE465746F4
:104EE0004546E0B597B09946209E219F229B834678
:104EF000984607910C923B0032003000390001F0D7
:104F000090FA002800D0A9E1012230003900CA4BF4
:104F1000524201F06BFA002800D0E1E0012230009B
:104F20003900C64B524201F077FA002800D0B7E0B2
:104F3000002230003900C24B01F06EFA002800D088
:104F400099E0002230003900BE4B01F04FFA0028F2
:104F500000D090E0002200233000390001F046FA32
:104F6000002800D0B1E000230D93249B5B0501D401
:104F70000623984608AB9C4617220024302341465E
:104F8000624404E0013413550139202C01D0092971
:104F9000F8D888463000390001F06EFA4346DA004E
:104FA000A94B05009B181A685B680892099301F0E9
:104FB0004BFA02000B003000390001F0A4F9089A06
:104FC000099B01F0D0F90A900B9101F079FA824621
:104FD00001F036FA02000B000A980B9901F093F9E0
:104FE00000229A4B0A900B9101F016FA002800D18A
:104FF000C0E001239C46E244504601F021FA020041
:105000000B000898099901F0F7F9002802D0002355
:105010009A4601354346002B6AD008AB17269C46BA
:1050200008956644554614E001235B4243440A2137
:1050300028009A4600F02CFF0134303137193970BE
:1050400028000A2100F024FF092D00D8D0E0D04626
:105050000500202CE8D10EAB98460323249A134078
:10506000012B00D196E02023249A01930392239AE6
:10507000434602921EE0249B58460493239B0096CD
:105080000197039343460C9A029307994B46FFF707
:10509000FDFC17B0F0BCBB46B246A946A046F0BD29
:1050A000249B5B070ED40322694B24990192039140
:1050B00023990291009358464B460C9A0799FFF7A3
:1050C000A9FBE6E70422634BEFE73B003200002038
:1050D000002101F018F9012306000F000D9344E7A9
:1050E000249B0393239B0293042301935A4BE1E7F0
:1050F000280001F0A9F902000B003000390001F08E
:1051000002F9524B002206000F0001F06FF90EABBE
:10511000984600280AD10022300039004B4B01F09C
:105120007BF9002802D1EB0700D50135202C94D063
:1051300008AA94461723280063440A2101341E1943
:1051400000F07EFE3031280031700A2100F078FE38
:10515000051EEBD10323249A1340012B1BD0202CD6
:1051600000D180E70D9B002B35D02D224146631CDA
:105170000A5579E700220A980B99344B01F036F969
:10518000002800D046E75346002B51D101239C460E
:10519000E2443FE72024239B002BE0D00D9B002B13
:1051A00003D1249A0C33134202D0239B013B239357
:1051B000239BA342D3D908AB9C46172230236244D9
:1051C000202C00D14FE72399013413558C42C6D0CF
:1051D000202CF8D147E7249B5B0724D4249A230092
:1051E000120700D440E72022414601330A553BE72D
:1051F0005746089D202C00D12DE722003021404643
:10520000002F09D00132B154202A00D123E7D34323
:105210001B191B18002BF5D10EAB98462E234146C7
:10522000541C8B5482E72B224146631C0A551BE712
:10523000DB0700D4EEE6A9E7FFFFEFFFFFFFEF7FFC
:1052400065CDCD4165CDCDC108A500100000E03F82
:1052500010A3001014A3001020A30010249B03939C
:10526000239B029303230193004B23E71CA300100D
:10527000F0B5DE464E4657464546E0B59FB01C00A9
:10528000289B91460993C94AC94B8B4608901A60DE
:10529000002900D118E2002320789A46002800D186
:1052A0001AE226001D005C460AE02A006F1C4B46ED
:1052B000089D2100A8473D0001363078002870D0B5
:1052C0002528F2D110239B46083B9A46043B98467A
:1052D000023B00219C46721C107816000300203B04
:1052E000DBB2102B03D8B34F9B00FB589F46030043
:1052F000303B092B32D900230A932A2868D0002397
:1053000098462E283ED00300683BDBB2122B1CD8F7
:10531000A94A9B00D3589F46012301321943DBE77A
:10532000634601321943D7E7434601321943D3E7B5
:105330005B4601321943CFE7534601321943CBE7AD
:1053400080235B007078194301360300253BDBB2F4
:10535000532BAAD8994A9B00D3589F460027030095
:10536000B800C01901364000C018337830381A0030
:10537000303A0700092AF3D90A901800002398460A
:105380002E28C0D180237078DB0019430300303B06
:10539000721C092B00D8A1E12A2800D1B2E1160025
:1053A000B1E7A346AA462C00D14503D801235B42AE
:1053B0004B449A464B46524659460020089DA84702
:1053C00020001FB0F0BCBB46B246A946A046F0BDC7
:1053D000099B40CB0A96002E03DB50780993561C9C
:1053E0008DE72838014370420A9009935078561C83
:1053F00085E7782800D1DFE1582800D14CE26F28FA
:1054000000D14FE3622801D100F030FC10230A00E4
:105410009A430B92692801D000F0A9FC0A230C934F
:105420004B0500D5D0E10B9A802311009B00194059
:105430008B461A4200D0A1E2802311005B00194084
:105440008A461A4200D0B6E313005B0600D5EDE2AF
:10545000130009991B0601D400F076FC08C91BB2A1
:10546000D8171A18424092B209919346DA0F129255
:10547000002B09D1802310220B99DB000B409143B4
:105480000B91002B00D0E4E20B9A6123920600D529
:1054900041230EA91F228C46DBB262440A3B5F46C1
:1054A0001395A34655460C9CB2460D9316000AE090
:1054B0003033DBB201357355A74200D2EDE2202D27
:1054C00000D1EAE207002100380000F0E1FCCBB295
:1054D0000929EDD90D9A94466344DBB2EAE78023AB
:1054E0009B007078194301362FE77078682800D147
:1054F000CDE180230136194327E770786C2800D16D
:10550000BFE180235B00194301361EE7462800D126
:105510009BE10722099B0491073393430A9A1900E0
:105520000392424602920CC9089800920193099195
:105530002A004B462100FFF7CFFC01360500BCE6F0
:105540002A006F1C4B46089D21002520A8470136E4
:105550003D00B2E68B0700D4ADE1099B2A009A46D4
:105560006B1C9846534601CB21009A46089F4B4638
:10557000C0B2B8470A9B9C466544012B00D886E21E
:10558000089B4746B04626004C4699463A00230001
:10559000013731002020C847AF42F7D1A14653461A
:1055A000340046460993013687E6C0467152001022
:1055B000082C002028A300106CA30010B8A3001032
:1055C000099B04CB9B4643460992002B00D1C6E0C1
:1055D00013789C46002B00D1BDE34346013B099A5A
:1055E0000133D0180A9F130001E0834203D05A7898
:1055F0000133002AF9D1099A0A979B1A0B93802349
:105600000A00DB001A400C92194204D00B9B434560
:1056100001D943460B9302231A000A400D920B4214
:1056200000D187E16046002800D168E10C9B002B87
:1056300000D10DE1A844C246099B57465B1B984622
:10564000089BB2462A0026004C46994609E02300F2
:105650003100551CC8474346585D002800D126E15B
:105660002A009742F3D1A1463D00340056460D9BD7
:10567000002B00D043E15B46013609931DE6099BF0
:105680001A0008CA9246002B48D0212211438B46AB
:105690000EA884461F216144099500220F27A446C5
:1056A0000D0002E0202A0CD00B003C001C40200022
:1056B0003730092C00D807380132A85419090F2BAC
:1056C000F0D86446099D32E0DC4B20780893002333
:1056D0009A46002800D0E4E5002465E6434606002B
:1056E0000A9F9800C0180132400080191678030004
:1056F00030003038303B0928F3D930009846160086
:105700000A9700E6099B023604CB9046D2434046F6
:10571000D2171040804609933078F4E51022080033
:10572000904311321043834600224905B0D55B46B1
:105730000693082305934346049310230393002301
:10574000029316AB019200932A004B462100089861
:10575000FFF7AEF85346050001360993ADE513781F
:105760009C46002B00D1F7E202235B4237E720235F
:1057700002009A43472A04D180231B0119430223C4
:105780009843452801D1202319430722099B0491FE
:10579000073393430A9A19000392424602920CC9B6
:1057A00008980092019309912A004B462100FFF7C7
:1057B0006DF90136050080E510230C930C230A00D7
:1057C0009A430B924B0503D501230B9A9A430B92F4
:1057D000692800D127E6642800D124E60B9A8023AB
:1057E00011009B0019408B461A4200D066E18023CD
:1057F00011005B0019408A461A4200D039E21300BA
:105800005B0600D53CE113001B0600D4A6E2099B11
:1058100004CB1204120C934609935B46002B00D074
:105820009AE10B9A1033110099430B91520500D461
:1058300092E100239A460B9B06930A9B05934346ED
:1058400004930C9B039300230CE12023194360E68F
:10585000099B0A9A5B1B98464B4691461F00B2462D
:105860002600089C2A003B003100A0474346013532
:10587000585D0028F6D14A463400B94656460A9289
:10588000F5E6C0239B00B078194302365DE5C023DE
:10589000B0781943023658E50C230A009A431433B2
:1058A0001A43103B0B920C934B058DD496E7A146FF
:1058B00034005646DBE60A9A012A00D853E26B1EF2
:1058C0009F18089BB04626004C4699462A002300A4
:1058D000013531002020C847BD42F7D1A146340030
:1058E0004646099B3A0001CB210098467D1C4B4659
:1058F000089FC0B2B847434601360993DDE40B9BCD
:105900000A9AA8469A4200D8B5E694466544ED1A2C
:10591000089B4746B04626004C4699463A0023006D
:10592000013731002020C847AF42F7D1A1463400EB
:105930004646A0E60B9A0A99531C914200D814E2FD
:105940004B199B1A1F00089BB24626004C469946ED
:105950002A002300013531002020C847BD42F7D17D
:105960000A9BA14601330B93099B34001B785646D2
:105970009C466046002800D058E67CE60722099B3A
:1059800007339343013294469C4462465F68099210
:105990001A68FB1710931193109811990300534044
:1059A0000E930B007B400F9394460E9A0F9B121A96
:1059B0008B410E920F93FB0F6246129300233A43E2
:1059C0009B463DD00B9A6123920600D541230022CD
:1059D000DBB20EA90A3B8C4692460D9343461F321A
:1059E00062441395159655460E9E0F9FA24690460B
:1059F0000C9C14930CE03032D2B2434601355A5518
:105A0000BB4500D18AE1202D00D18AE106000F00BC
:105A1000220000233000390000F078FAD2B2092ABF
:105A2000E9D90D9B9C466244D2B2E6E7FF2309996F
:105A300004C913401A00099117E5C0461148001027
:105A40000B9A1033110099430B915205BAD50023DC
:105A50009A460B9B06930A9B0593434604930C9B23
:105A60000393129B02935346019316AB2A000093B3
:105A700021004B460898FEF71BFF013605001CE489
:105A8000FF22099B02CB11408B460993C5E6534682
:105A9000454609930136FFF710FC56465C46AA4678
:105AA000139DD6E708230C930B910B99642800D023
:105AB00084E60B9B5B0500D586E6B4E40722099BD0
:105AC00007339343013294469C44624609921A6814
:105AD0005B6810009B4613005A46134307D10B9A8C
:105AE0001033110099430B91520500D5A1E60B9A92
:105AF0006123920600D541230022DBB20EA90A3BA6
:105B00008C4692460D9343461F3262445F4612957F
:105B1000A34655460400B24690460C9E13930DE0F2
:105B20003032D2B2434601355A550023BB4200D130
:105B300000E1202D00D100E104000F00320000231D
:105B40002000390000F0E2F9D2B2092AE8D90D9B11
:105B50009C466244D2B2E5E70B9A6123920600D5D7
:105B60004123DBB20EA90A3B1F228C460D93230072
:105B700062445C461295170055469B46B2460C9E01
:105B800008E03033DBB201357B55B4420ED3202D13
:105B90000CD004003100200000F07AF9CBB20929C2
:105BA000EFD90D9A94466344DBB2ECE756465C4667
:105BB000AA46129D3FE6099B1A0008CAD9171392FC
:105BC0005A184A409246DA0F1292002B08D18023CD
:105BD00010220B99DB000B4091430B91002B2BD132
:105BE0000B9A6123920600D541230EAA1F279446E3
:105BF000DBB20A3B0D9567445D460993A3465446C4
:105C0000B2460C9E08E03033DBB201357B55B4421E
:105C10000ED3202D0CD004003100200000F038F904
:105C2000CBB20929EFD9099A94466344DBB2ECE779
:105C300056465C46AB460D9D0B9B2A0006930A9B7D
:105C400021000593434604930C9B08980393129BF1
:105C5000013602935B46019316AB00934B46FEF769
:105C600027FE139B05000993FFF727FB02230C93E4
:105C70001AE7099B04CB92461293002A08D180238D
:105C800010220B99DB000B4091430B91002B2BD181
:105C90000B9A6123920600D541230EAA1F27944632
:105CA000DBB20A3B0D9567445D460993A346544613
:105CB000B2460C9E08E03033DBB201357B55B4426E
:105CC0000ED3202D0CD004003100200000F0E0F8AD
:105CD000CBB20929EFD9099A94466344DBB2ECE7C9
:105CE00056465C46AB460D9D0B9B2A0006930A9BCD
:105CF00021000593434604930C9B089803930023CB
:105D000002935B46019316AB00934B46FEF7D0FD22
:105D1000129B050009930136FFF7CFFAB44200D871
:105D200071E6149B54460E960F97AA469846159E08
:105D3000139D8EE6A64200D8FBE6139B5646984676
:105D4000AA465C46129D76E508C9D8171A18424043
:105D50000991FFF78AFB00230B9350E4099B04CBC6
:105D60009346099359E52F00BBE50B9301E6063BEB
:105D70000C939AE60CB410B584B006AC08CC0A00BB
:105D80000094010004480394FFF772FA04B010BCB9
:105D900008BC02B01847C0460948001010B5094AAF
:105DA0000300146884B0002C08D00122009106483A
:105DB000524203A9A047012004B010BD01F0D8F958
:105DC0000020F9E7082C00207D4A0010014804213A
:105DD000014B1847C00F0020FD5D0010142310B5C3
:105DE0000100188804331B88984710BD162310B58E
:105DF0000100188802331B88984710BDF8B5474644
:105E0000CE4680B50F1E19D01423994604330400E2
:105E10000025012698464B461888434621681B8872
:105E2000984701C4431E9841013540420640AF42A5
:105E3000F1D13000C0BCB946B046F8BD0126F8E744
:105E4000124A936F9B0815D29066D166002905D03F
:105E5000FFE7FFE7FFE7516F106F704704B5802140
:105E60000906C2175140002800D0C84303F048FE7D
:105E7000002104BDF0B5146E556E576F166FFFF715
:105E8000E3FF1466556657671667F0BD000000D043
:105E9000114A936F9B0813D210665166002905D0F2
:105EA000FFE7FFE7FFE7516F106F704704B5002869
:105EB00001D00020C04303F023FE002104BDC046F2
:105EC000F0B5146E556E576F166FFFF7E5FF146649
:105ED000556657671667F0BD000000D094464A4AE1
:105EE000926F9208624601D228E0C046F0B5464E55
:105EF000346E756E776F366F00F020F89446424A24
:105F000014665566576716676246F0BD94463E4A6A
:105F1000926F9208624601D254E0C046F0B53A4E04
:105F2000346E756E776F366F00F04CF89446364AD3
:105F300014665566576716676246F0BD002B24DB72
:105F400011D000293EDA00B5C943404200D10131E9
:105F500000F038F8C943404200D10131DB435242DE
:105F600000D1013300BD002AEBD1002801D1002966
:105F700005D00020C90FC90701D1C043410800B5B1
:105F800003F0A6FD0022002300BD00B500290ADBB6
:105F9000DB43524200D1013300F014F8C9434042C0
:105FA00000D1013100BDC943404200D10131DB4382
:105FB000524200D1013300F005F8DB43524200D1D8
:105FC000013300BD002923D1002B18D1002A0CD0A9
:105FD000BC460D4F38667A6600210023FFE7FFE7D5
:105FE000FFE77A6F386F67467047002801D007488F
:105FF000010000B503F06CFD0022002300BD02008B
:106000000B00002000217047000000D0FFFFFFFFC1
:10601000002B00D0BFE0130C28D1002AE7D080B4B9
:10602000114F39667A66FFE7FFE730B4040C7B6FE7
:10603000396F1B0423433B667A66FFE7FFE7FFE700
:10604000C04684B27B6F3D6F1B0423433B667A6678
:10605000FFE7FFE7C04600232C042D0C7A6F386F52
:1060600000196941B0BC7047000000D0F0B59446FB
:106070000025140E01D112020835140F01D11201AE
:106080000435940F01D192000235D40F01D1520092
:106090000135D40B0134254F7C66254C3C660E0C33
:1060A00093B2FFE7FFE7FFE73C6F6643360C7703E9
:1060B000BE467343DF0B5B04C01AB941130C734334
:1060C000DB18C91ACE086643360CB64493B2734344
:1060D0001F0F1B01C01AB941130C73431F0B1B0583
:1060E000C01AB941860D8F023E436643360C092D16
:1060F00024DB520A7243801A7703460A6643360C41
:1061000016235B1BDE40DF40BF1964466643821BDB
:106110007046043506330100D940A840C01900D3A9
:106120000131A24206D20023F0BD0000000000D0E1
:10613000FFFFFFFF121B0130F3D3F1E709277F1B9D
:10614000FE406446A2B27243801A00D20139220C8A
:106150007243130C1204821A99410B0070460435E5
:1061600013370100F940A840801900D30131002BFA
:1061700002D1A2420AD2F0BD013000D30131121B7C
:10618000FAD2013BF8D1A24200D2F0BD013000D3D7
:106190000131121BF7E7F0B51C0C00D080E00CB405
:1061A00000251C0A04D11B02160E334312020835C7
:1061B0001C0B04D11B01160F3343120104359C0B39
:1061C00004D19B00960F334392000235DC0B02D1C1
:1061D00092185B4101351C00971864410134464F09
:1061E0007C66464C3C660E0CFFE7FFE7FFE7C046C7
:1061F0003C6F6643360C7703BE4697B27743C01BAD
:1062000000D20139C01B00D201399FB27743C91BAC
:10621000C91B170C77437E04FF0B801BB941CE08C6
:106220006643360C0C2D33DBB644120B1F053A4384
:106230001B0B97B27743C01B00D201399FB2774343
:10624000C91B170C77433E043F0C801BB941860DD8
:106250008F023E43664329277F1BFE400C3D774655
:10626000AF40BF1930BCA2B2ABB272437343801AC5
:106270009941220C7243130C1204801A99410200B6
:106280000B000137001BA941F9D2781E0021F0BD97
:106290000C277F1BFE4077467F0BAF40FF19E0E7DE
:1062A00000245D1C07D0144F7D663966FFE7FFE7C9
:1062B000FFE7FFE73C6F95B29EB265436643401B24
:1062C000B141150C1E0C6543664336042F0C3E434A
:1062D0002D04401BB141994204D202000B00200062
:1062E0000021F0BD01D19042F7D3801A99410134C9
:1062F0009942F2D3F6E70000000000D0FFFFFFFF55
:1063000048404140484018B41B4B5B68FC46019331
:1063100008BD04DF9F65001018B4174B1B68FC46CE
:10632000019308BD00DFA96500109446134A926FDF
:10633000920809D2624618B40F4BDB68FC46019301
:1063400008BD0CDF616800100C4AF0B5146E556E84
:10635000576F166F6246FFF7EEFF084A14665566E0
:1063600057671667F0BD18B4034B9B68FC46019352
:1063700008BD08DF0567001060150020000000D090
:10638000FFB550404240504059404B40594000E01A
:10639000FFB5154F4C00640D03D0BC4204D10C0373
:1063A00014D80020090D09055C00640D03D0BC421F
:1063B00004D11C030AD800221B0D1B0501264B40EB
:1063C00009D44B4003D58B4200D18242FFBD994294
:1063D000FCD19042FFBD0B43DB1803431343F5D0C0
:1063E000C9434918FFBD0000FF07000000B5FFF7D3
:1063F000CFFF804100BDC04600B5FFF7C9FF01D9FE
:10640000002000BD012000BD00B5FFF7B9FF01D994
:10641000002000BD012000BD00B5FFF7B1FF8041A5
:1064200000BD012040054A00121804D85A00121875
:1064300001D80020704701207047002070470000FD
:106440000021002805D17047C1174840401AFAD0F2
:10645000C90713B5064B1B6898470CBC441CA240E7
:106460001005120B0349091B09051943114310BDFF
:10647000242C00201F04000010B54C00620D802366
:10648000D218DB00D21A5B057E2A10DD9E3A13DAA1
:10649000CC170903490819435242D1406400013422
:1064A0001532202A05DAD0400843604310BD002091
:1064B00010BD0846604310BDC80FC018013810BD9C
:1064C00018B4044B5B6AFC46019308BD24DF116AD3
:1064D0000010000060150020132370B51D78012DF9
:1064E00015D010DD1C48FFF781FC1C4C01008022F8
:1064F000200000F00BFD022D06D01948FFF76EFCBE
:10650000184B186070BD154C174BA364F5E7164B7C
:10651000124C23606360A360E36023616361A36145
:10652000E36123626362A362E36223636363A36341
:10653000E36323646364A364E36423656365A36521
:10654000E36523666366A366E36623676367A36701
:10655000E367A364D1E7C046534400006015002000
:106560004C330000242C00206D65001007B56046F8
:1065700001880A0A0230DF2AFAD1C9B2820804D39C
:10658000028840880004104300E00068014A50502F
:10659000039007BD601500200FB403BC0CBCF0B520
:1065A0000124E407634000E0F0B50C0DCF0F661E38
:1065B0003605891B640503D3C943404200D301312A
:1065C000640D03D0661CF60A07D0E41B00207F0090
:1065D000791C89078912803C24031D0DDF0F6E1E74
:1065E00036059B1B6D0503D3DB43524200D30133B9
:1065F0006D0D03D06E1CF60A07D0ED1B00227F0044
:106600007B1C9B079B12803D2D032F1B661B58D4C0
:10661000A446202E46DA20371400BC401D00BD40A1
:10662000F24033412A4380185941CB0F05D0C9436A
:10663000C043002264425041514162464D0D28D171
:106640000D0D07D100281FD0241940414941013ABE
:106650000D0DF9D0640006D3013000D30131002CB8
:1066600001D140084000013A0BD4941CE40A04D143
:1066700012051144DB071944F0BDD907204B19431B
:1066800000E0D9070020F0BD0029DDD1002CDBD1CE
:10669000F0BD0132C6074008CD0728434908002E47
:1066A000E1D0D9E73C2E29DA203E40371400BC4027
:1066B00000D00124F24014431A00BB401C43D317FE
:1066C000ACE7AC46202F08DA20360400B4400D00B9
:1066D000B540F84039412843A5E73C2F0CDA203F6C
:1066E00040360400B44000D00124F84004430800C0
:1066F000B1400C43C117EAE710001900002494E7E9
:106700000000F07FF0B50C0D661E3605891BE60A09
:106710006405640D02D0651CED0A04D0002001213F
:106720000905803C2403A4461C0D671E3F05DB1BA6
:10673000E70A6405640D02D0651CED0A04D000224E
:1067400001231B05803C24037740644497B484B242
:1067500096B27443070C7E43150C6F4380B26843B6
:10676000361802D3012000043F183004350C0019FC
:106770007D41844688B29AB250430C0C62431F0C90
:106780007C438EB27E43921902D301263604A419AB
:106790001604170C3618674101BC81B29AB25143F6
:1067A000040C62431B0C5C4380B25843121802D3A2
:1067B0000120000424181004130C401863412D1804
:1067C0005E410020474106BC88B293B258430C0C8E
:1067D0006343120C544389B251435B1802D3012125
:1067E0000904641819041A0C091862416D185641FD
:1067F0000020474118BCF902720D1143F0026A0DE6
:106800001043ED020A0D03D16D1940414941013B8E
:10681000124E9B1B7600B3420ED26D0007D301309F
:10682000002671416646354301D1400840001B05F2
:10683000C918E4072144F0BD0BDA013306D1013059
:1068400004D101314F0D01D04908F2E7E1070020E2
:10685000F0BD013631050020EBE70000FF0300002A
:10686000F0B51C0D671E3F05DB1BE70A6405640DD0
:1068700002D0661CF60A04D0002201231B05803CCE
:106880002403D0252D060026F6432E661E096E66CB
:10689000CE0FF619B44649004F0D02D07E1CF60A01
:1068A00003D000200021403F3F033E1BB600B4440C
:1068B000013F7F05C91B49082E6F013676089C02EF
:1068C000950D25437543ED137543AD1301356D10DB
:1068D000F603761B0CB4CC02450D2C43A2B2B3B226
:1068E0005A43270C7B43350C6F43A4B26C431B19EE
:1068F00002D3012424043F191C041D0CA4187D415B
:1069000024196D41009A91B2ACB26143170C7C43DB
:106910002B0C5F4392B25A43A41802D301221204F3
:10692000BF182204230C52187B41019C6C431B1995
:10693000520ED9010A434401A01A81B2B2B25143A6
:1069400003145A43360C734387B27743D617D219D0
:1069500000277E4136049B191704160C7F185E41F0
:106960007316ED18F301002680337541A90F06D187
:106970006400690AE8055B0A184309D22FE0042283
:10698000944480337541A90AA8059B0A184326D36D
:10699000404149412404009A019B0D005543641B6A
:1069A0004343E41A95B286B27543170C7E43030C39
:1069B0005F4392B25A43B61802D301221204BF18A1
:1069C0003204330C52197B4152429C41002C02D4B8
:1069D0000022013051414008CA071043490802B063
:1069E0006246D7079210084BD218084B9A4203D23E
:1069F00012058918C919F0BD0020002A01DC3900F0
:106A0000F0BD01331905F5E7FD030000FE070000A6
:106A1000002200B5203200F004F8080000BD00009C
:106A200000220B150AD410B5944600F031F8141466
:106A3000013400DA0021CB17144C2047002000213C
:106A400070476244343A0CD40C2A07DA04009140AF
:106A5000904052422032D440214310BDD843D94304
:106A600010BD203207D40C469440524220321141CE
:106A7000D040204310BD0800C917203203D4524231
:106A80002032104110BD1800190010BD436A0010DB
:106A90000A0DCC0F531E1B05C91A520503D3C94357
:106AA000404200D30131520D03D0531CDB0A07D002
:106AB000121B00206400611C89078912803A1203AE
:106AC000014BD21A70470000FF03000051434343BB
:106AD000C9188C46110C83B24B4310B4040C6143AB
:106AE00092B280B2504362431C041B0C001910BCCC
:106AF00059411304120CC018514161447047000001
:106B00004840414048400E4B5B6818470C4B1B689F
:106B100018470C4A936F9B0802D2094BDB68184751
:106B2000F0B5146E556E576F166FFFF7F6FF054AF6
:106B30001466556657671667F0BD014B9B6818478A
:106B400060160020000000D007B548404140484092
:106B500001E0C04607B54200120E03D0FF2A03D160
:106B6000420218D8C00DC0054A00120E03D0FF2AF9
:106B700003D14A020FD8C90DC9050122414005D4ED
:106B8000414001D5814207BD884207BD01434918F4
:106B900001D0C043001807BD00B5FFF7DBFF8041FF
:106BA00000BDC04600B5FFF7D5FF01D9002000BDEC
:106BB000012000BD00B5FFF7C7FF804100BD491AA5
:106BC000002807D108467047C10FC90700D54042C9
:106BD000002817D0F44603B40B4B1B68984706BC3B
:106BE00081409E384042803107D20B0607D04900D1
:106BF000490AC0051043084360470130F8E7490AD5
:106C00008902F5E770470000242C002041000A0E9D
:106C100080231B067E2A0BDD9E3A0BDAC117400249
:106C2000400818435242D040490001314843704760
:106C300000207047C00FC01801387047C0420DD304
:106C400000B540004008002100F012F8002801D4EF
:106C5000404200BD8020000600BD0000034BDB6900
:106C6000FC4618471CDFA96E0010000060160020CB
:106C7000014B5B6A1847000060160020014B1B6B3C
:106C80001847000060160020034BDB6FFC461847D6
:106C90007CDFC16E00100000601600204100090E6C
:106CA000862902DA044B1B6C1847044900B500F032
:106CB000DFF802BC8E46F5E760160020DB0FC94006
:106CC000132310B512481C78FFF790F80100012C2F
:106CD0000AD003DD80220F4800F018F90E48FFF7B4
:106CE0007DF80E4B186010BD0A4C5422200000F0B5
:106CF0000DF90B4B6365A365E36523666366A366C5
:106D0000E36623676367A367E3672362E361E5E7FD
:106D100053460000601600204C330000242C002055
:106D20007D6E0010F8B5454657464E46DE46E0B546
:106D3000FF268846C50DC90D35401700041C0E40BE
:106D4000002A01D000231360FF2D60D0002E5ED0FA
:106D5000002D5FD0201CFF2E53D0731EAB4250DCA1
:106D6000E20F94468022120491466402640A14439E
:106D7000424649465202520A11438946AB4251D01B
:106D80006346002B58D000216442AD1B002D5CDD12
:106D90004B460120D9114042FFF77AF81D23834664
:106DA00000219C462A000C2D00DD0C22584663125F
:106DB000944043436046A246801A03414C465046E5
:106DC000914001335B105C435918041BAD1A002D30
:106DD000E8DCA14537DC4B46E41AA14546DCE41A61
:106DE000023163004B4519DC16D04346002B00DA14
:106DF0004942002F00D0396096212000891BFFF7FF
:106E00003DFFF0BCBB46B246A946A046F8BDFF20F8
:106E1000C005F6E70020F4E7CB07E6D54B46013185
:106E2000E41AE2E78C42ECDD6346002B13D14B0001
:106E30002E000121E41AD8E7AD1B002DA8DC8C42FE
:106E400011DA0021CDE7002CCBDA4B46E41808D547
:106E50004C440239C5E74B0001212E001C1B49425E
:106E6000C3E70139BDE74B460021E41A0131B8E719
:106E700010B50022FFF756FF10BDC04607B56046AB
:106E800001880A0A0230DF2AFAD1C9B2820804D383
:106E9000028840880004104300E00068014A505016
:106EA000039007BD601600200021C2158032803299
:106EB00001D0024A1047002070470000CD2A000090
:106EC000C30FDB0741000A0E07D0FF2A08D00909CB
:106ED000054A891819434007704719000020704778
:106EE0000249C918FAE70000000000380000F07FEE
:106EF00001480421014B1847D00F0020FD5D001010
:106F0000014B1B6818470000D00F0020014B5B6845
:106F100018470000D00F0020030010B50800110032
:106F20001B68984710BDC046F0B546464F46D6464A
:106F3000C0B5437D80460E001700002B46D0002AC6
:106F40003FDD4B1E9946244B0125002400209A4624
:106F50000DE04B461B5D0D3B5A425341325DDBB2A7
:106F60000A2A0BD02B00013401359F421ADD002C78
:106F7000EFD14346325D1B7D0A2AF3D1002BF1D1BC
:106F8000A04204DA4346211A1B683018984743464A
:106F900050461B6802219847013428002B00013518
:106FA0009F42E4DC874204DD4346391A1B683018EF
:106FB0009847F619013E33780D3B5A4253414246F9
:106FC0001375E0BCBA46B146A846F0BD036811008F
:106FD00030009847F5E7C046B8A50010F0B5DE468A
:106FE00057464E464546E0B585B017001C000600E2
:106FF0000D00FCF785FE0023304A12184B41002B90
:1070000058DB2F4908008A4602F092FD01906B1C64
:1070100003D1300002F02AFA0500002C25D1294BBB
:107020009846294B1C68002C15D0002F20D1274FE3
:1070300002E02469002C0ED02368002BF9D03B68B5
:10704000002B01D0A342F4D120002A003100C04718
:107050002469002CF0D1019B002B27D105B0F0BC96
:10706000BB46B246A946A046F0BD194B9846D8E7A4
:10707000164B994602ABDF1D0A239B4602E02469AA
:10708000002CE8D02368002BF9D04B461B68002B5E
:1070900001D0A342F3D12A0031002000C0475B4653
:1070A0000122390020003B70C047E8E7504602F05B
:1070B00007FDD3E70122074B5242A2E740420F00EF
:1070C00040140020296F0010FC2700200428002015
:1070D000196F0010FFFFFF7FF0B5CE46474680B521
:1070E00083B06B460600DD1D2870FCF709FE002307
:1070F0001A4A12184B41002B2BDB1949080088460D
:1071000002F016FD174B81461C68002C14D0164F58
:1071100002E02469002C0FD02368002BF9D03B68D3
:10712000002B01D0A342F4D1200001222900FFF757
:10713000FBFE2469002CEFD14B46002B05D130001B
:1071400003B0C0BCB946B046F0BD404602F0B8FC42
:10715000F5E70122054B5242CFE7C04640420F00FF
:1071600040140020FC27002004280020FFFFFF7FA0
:1071700070B5040002F07AF9002301000500012235
:107180002000FFF72BFF084B1C68002C06D063681B
:10719000002B05D098472469002CF8D1280070BD39
:1071A0002469002CF3D1F9E7FC2700200020704768
:1071B00003BDC04610B50400FCF778F9A04710BD28
:1071C000F0B5040087B00F200E001700FBF70AFF90
:1071D000002105000F20FBF7F3FE002300220092A0
:1071E000019301230293D0230496059400260024E2
:1071F0000121022003971B06002C14D01A6D1042A7
:10720000FCD05C6540BF1A6D114203D120BF1A6DDE
:107210001142FBD09A6DA2420AD000266C46B20001
:10722000A458E9E79A6D1A6D1142FBD140BFE5E71A
:107230000136052EF2D929000F20FBF7C1FE07B059
:10724000F0BDC0460B4B0C4A10B5934201D201234E
:107250005B421900094A985004329B50084A094B76
:107260000948CA50094B9A68044B9C466144FFF791
:10727000A7FF10BD0008042000000420F407000050
:10728000B5710010FC070000B171001000ED00E0C6
:1072900001230121084A1360084A1360084A0800C4
:1072A00093689843FBD1074A116080214900136815
:1072B0000B42FCD07047C04600E0004000F00040A8
:1072C00000C0004000C00440F0B5D6464F464646D8
:1072D0008846C0B505240600FBF7C2FD43461F796A
:1072E0001C57284B8146F01843425841264B9A467A
:1072F00083009C4653466246985801222023BA4098
:10730000DB1B013A002C32DB9C422DDCA240150035
:10731000104229D1002F1AD043465A781978120208
:10732000114342469B78D2781B040B4312061A4342
:107330009046002241465300C95A4B0B00D109190F
:10734000131912339B00013299519742F2D85346D8
:10735000624605439D504846FBF78EFD2000E0BC89
:10736000BA46B146A846F0BD0848FDF72FFA002BF3
:1073700002DAF9E7013BF7D315009D401C000542F6
:10738000F8D1C7E70000D0AF78260020BCA50010D8
:10739000F0B557464E464546DE468946E0B583B0D1
:1073A0000CA90D784946490088464944C900461849
:1073B00037003400DC3701903868CC3483462068CD
:1073C000C02482460198CC318446A4016144214303
:1073D0008024A4020C60691E8D411F216D420D4066
:1073E00016498C466544052B0ED9A02149058C46CB
:1073F0001F21D8366046540104430532053B3C60EA
:107400000A403560052BF5D8414652019B061343CF
:107410004944019AC90050180200DC32136003008D
:10742000D8331D605B4613605346CC30036003B015
:10743000F0BCBB46B246A946A046F0BD80E00000C5
:10744000F0B501258D400468AC434D0004606C1814
:10745000E40004192600C836002B28D01F68DC344D
:1074600037605F6877609F68DB68B76023606D187E
:10747000EB001D008024D035451964012C43802584
:107480002D062560256001250F4C2E008C40846060
:107490000C1DA640802408318D401F21A401044307
:1074A000C0180A40D830266025600260F0BD8027F1
:1074B0007F023760F8277F027760C027DC343F0304
:1074C000B7602360D3E7C0460101010110B5012177
:1074D0000520FBF775FD10BD10B500220021024804
:1074E00000F05AF910BDC046282800208022024B27
:1074F0005202DA647047C04600201150F0B5C6460B
:1075000000B5060000F022F90C231B4DFF22AB67EB
:1075100005201A49FBF7A4FD40239846184C402249
:1075200000212000FFF7ECFC4346012723832121A3
:107530000023144A6770A260136063545F31618452
:1075400041462187053963540F4A10496360E26060
:10755000A1620B606362E26202F01AFB80239B056A
:107560002F64EB6490230A4A3000EA50FFF7BEFF15
:1075700080BCB846F0BDC04600001150B9040020E0
:107580000828002084001050000110508000105086
:1075900010D001000B785B0602D14B78052B00D090
:1075A00070478A78014B1A60FAE7C0460000115014
:1075B000F0B5C64600B54B790C791B028878234399
:1075C000CC787F21A4070140C509A20F4F00140009
:1075D000324E7A195201B2189070012068405070F2
:1075E00000205B055B0DD0701383D4768046CA0003
:1075F000012D33D02A488446880162448446B4442D
:107600006046826040461060002933D0254AC90098
:1076100090466246414451603F223F339343022CDF
:1076200000D15B0020487A1901685201B218D1607C
:107630001E4ACB18036051405340802288465201B5
:10764000934228D84346A4061C4380237F197F0118
:107650001B06F6191C4373681C6011E0144884462D
:10766000880162448446B4446046826240461060A9
:10767000002909D100236D01761973600D4BF36069
:10768000012080BCB846F0BD084AC9009046624659
:1076900041445162C0E7FDF7B1F8D3E70828002064
:1076A0008400105004001050102C002000001050D6
:1076B000800010500001105010B502F069FA10BDA2
:1076C00010B57F200C0020404000E4091100001993
:1076D0001A00034B4001C01800F05EF8012010BDF5
:1076E000082800207F22130010B50B400A420BD05F
:1076F000C90980225800401806494001401812016B
:10770000002102F035FA10BD02220348C909521ABD
:107710008266EEE708280020002011507F2210002A
:1077200010B508400A4200D110BD0023C90940002D
:10773000401804494001081800220349C37002F0B0
:1077400017FAF1E708280020FFF7FFFF80220D4B12
:10775000520410B51A600C4B0C491A6010008B686B
:107760009843FBD10A4C9C2200212000FFF7C8FB64
:107770008022002152010748FFF7C2FB09236367FB
:1077800010BDC04600E0004000F0004000C00040D6
:10779000000011500000105070B5837E04000D00F1
:1077A0001600002B17D10023E38201332000A682AC
:1077B000A376256102F0CCF9002804D08021902323
:1077C000084A8902D150200002F0EAF9002805D0C9
:1077D0000123237770BD02F0C3F9E4E7200002F033
:1077E000AFF9F7E700201150F0B5C64600B5224EBC
:1077F000224A050000243378002A2AD0204A214F4B
:107800009046A3422ED8E31ADBB2012B02D980BCEA
:10781000B846F0BD5A00D318DB00FB185B6828009F
:10782000984733780134E4B25A1CA242E9DA164C84
:10783000532200212000FFF763FB1022FF21E01CF0
:10784000FFF75EFB20002022FF211330FFF758FBDB
:10785000DDE700F027FF280001F032F93378002B34
:10786000D5D1E4E742461268630094461B19DB0059
:107870006344002BD2D1CAE73F2C002075210010B1
:10788000A8200020C4A600105C250020024B5878D8
:10789000431E9841C0B270475C250020024B187807
:1078A0004007C00F7047C0465C250020034B187886
:1078B000FF38431E9841C0B27047C04604100020F4
:1078C000F8B5CE46474680B5314E040033780120E6
:1078D000FF2B03D0C0BCB946B046F8BD53220021EF
:1078E0002C48FFF70DFB2C4D2800FBF7F9FD2B4B27
:1078F0001D602B4D28001430FBF70EFE280001F010
:1079000011FD284B284F1D60284B9846002B04D0B2
:107910003800FAF72FFC264B1860424600253B78CA
:10792000002A20D0234A9046214A9146AB4223D8D0
:10793000EB1ADBB2012B01D90020CBE75A00D31898
:10794000DB0043441B6898473B780135EDB25A1C75
:10795000AA42EBDA20003470FFF7D0FD2000FFF7D9
:10796000B5FD0120B6E700F05FFE01F09FF83B781F
:10797000002BEFD00020ADE74A4612686B0094461A
:107980005B19DB006344002BDCD10020A2E7C0467A
:10799000041000205C25002014250020B0250020C4
:1079A000E80F0020B42500203F2C00207521001096
:1079B000A8200020C4A60010F0B5DE4657464E466B
:1079C0004546E0B58FB001F0E5F9002853D0C94B2A
:1079D000C94F994618239A46053B9B46C74D0BACA9
:1079E000BB442E687269EFF3108172B61368002BE6
:1079F000FCD0BFF35F8FB1613000210001F0D4FAF9
:107A00007269B369BFF35F8F0021116083F310883F
:107A1000002830D06378082BE3D84A469B00D3581F
:107A20009F466368002BDCD0A0689847D9E77F2287
:107A30002179B14B0A4056009B199846C8098044E9
:107A4000404601233030C6789E43C670C678033363
:107A50009E43C670002A00D181E04346A84ADB7CE1
:107A6000002A06D0A74A1278934200D2CEE09B1A91
:107A7000DBB2012B68D90FB0F0BCBB46B246A946B9
:107A8000A046F0BD01223B78012013433B70332315
:107A90000421FA5C8243FA54FA5C8A43FA540133B3
:107AA000FA5C8243FA54FA5C00208A43FA54237841
:107AB000984600F075FC602223791A40602A0AD0AB
:107AC000402A52D0DB06DB0E012B00D1A7E0022BAF
:107AD00065D0002B57D020780021FFF703FE8021CE
:107AE0002078FFF7FFFD7CE7834B1B78DB0700D492
:107AF00077E7854B002B00D173E700E000BF70E70C
:107B00007D4B1A78D20700D46BE7804A002A00D157
:107B100067E718780007C00F00E000BF61E7207832
:107B2000FFF762FE00F032FC794B002B00D158E7E2
:107B300000E000BF55E72078FFF756FE00F026FC76
:107B400022796D4B9A704CE75A00D218714BD200D3
:107B50009B181E6962792078A368B04741E7627973
:107B60002078A36800F030FC3BE76B480028B2D0D7
:107B700000F016FC012140460CAA00E000BF0028DE
:107B800000D02EE7A7E7202A00D162E1002AA2D187
:107B90006379092B9FD8614A9B00D3589F46702375
:107BA000217A0B4297D10F330B405B00F818CE09B6
:107BB0000193534B8019C07C002B06D0514B1B788E
:107BC000984200D285E0C01AC0B2012860D9002ACC
:107BD00081D10023029360790223020003909A432B
:107BE000012A00D14EE1002800D074E7019B0AAAC7
:107BF000FB189E193036F37802329B07DB0F138097
:107C0000404602230CA900F063FBEAE65A00D218B2
:107C1000434BD2001B689B18002B9AD12BE7237A89
:107C20000F2B00D957E7364AFB18DB78002A05D01E
:107C3000344A1278934242D39B1ADBB2012B00D90B
:107C400049E75E00F318334EDB00F618F06800F0E9
:107C5000A7FB01214046F3680CAA9847002800D0F2
:107C6000BFE66022160023791E401A4200D032E798
:107C700063790A3B012B00D92DE700F091FB637972
:107C80000A2B00D14CE140460CA900F009FBA8E604
:107C900043009C461F4B6044C0009C460300634465
:107CA0000293002A97D0029EF3681800019300F017
:107CB00077FB01214046F3680CAA98475FE7184A12
:107CC0005E00F3181668DB00F618002E00D102E7FC
:107CD000BCE743009C46124B60441B68C0009C46B6
:107CE000030063440293002A00D174E7002BDAD129
:107CF000F1E6C04638A600105C250020B42500201F
:107D0000752100103F2C0020000000000000000042
:107D100000000000C4A60010000000005CA60010D7
:107D2000A8200020A37906931A007B789A4207D0F6
:107D30007B78002B00D065E1069B002B00D0F8E09B
:107D4000069B40460CA97B7000F0AAFA49E67B78B6
:107D50000AAA02321370404601230CA900F0B8FAB7
:107D60003FE6E088030AC0B20F2B00D9B3E6C3494F
:107D70009A008A5897460CA800F018FB4046A17953
:107D8000FFF7AAFB02223B7813433B7029E6E38806
:107D9000012B00D09FE608223B78404693430CA974
:107DA0003B7000F07DFA1CE6022039780AAB9A1C81
:107DB0008B068908DB0F01400B4320E7E388012B8A
:107DC00000D088E608223B78404613430CA93B705C
:107DD00000F066FA05E6AA4B002B00D17BE600E036
:107DE00000BF021E00D176E6D37891781B020B43C8
:107DF00040460CA900F06CFAC1E6A24B002B00D162
:107E000069E600E000BF021E00D164E64046137838
:107E10000CA900F05DFAB2E62189F9F7E5FF021E30
:107E2000F4D158E6022B00D1F5E0974B002B00D19E
:107E300051E600E000BF0200002A00D14BE6D3E784
:107E4000F9F7A0FF122302000CA9404600F040FA07
:107E500095E6237A0F2B00D93DE68C4AFB18DB7898
:107E6000002A05D08A4A127893422ED39B1ADBB29D
:107E7000012B00D92FE65E00F318864EDB00F618C2
:107E8000F06814E7E288002A08D1012827D0019B76
:107E9000FB189E193036F3789B0734D5029E002ECE
:107EA00000D19EE5F3681800019300F079FAF368B9
:107EB00001210CAA40469847002000F071FA3423B3
:107EC000FB5CDB0700D58CE5DDE6734A5E00F3184A
:107ED0001668DB00F618002E00D1FCE5D0E7019B08
:107EE000FB189E193036F3789B07D7D56B4B187863
:107EF000FFF714FC0222F3789343F370F378039AAC
:107F00009343F370CAE7654B1878FFF7EBFB022247
:107F1000F37813430122F370F3781343F370BDE752
:107F20000AAB9A1C404601230CA9167000F0D0F948
:107F300057E5581EC0B2F9F745FF002800D1CAE541
:107F400043780893022B00D0C5E501210600C279D1
:107F50000936931152110B400A4012015B01134381
:107F60003A782F318A4313433B70C37882781B02DF
:107F70001343C31807934346B0460493079B4345F6
:107F800000D8AEE0434601225B7803920B2B05D16B
:107F90004346DB78039343461B78984443465B781B
:107FA000042B00D097E542460021079B01919B1AC4
:107FB0009BB20293354A364B05911B788A4239D0E1
:107FC000019A9A422BD3D31ADBB2012B00D982E556
:107FD000524653432F4AD6184146029A0498B36832
:107FE00098478446082802D9029A82423FD2019BD0
:107FF0000133D9B2264B01911B7805915A1C8A4254
:10800000DEDA68E54046FFF757FBBE784046FFF7EB
:10801000EBFBBE7090E6F9F7D5FE02000CE71E4BB5
:1080200056461B6856430993099B9C466644002E9E
:10803000D2D150E5029E41463200049800F048FB40
:108040008446082801D9864254D2029E4146320015
:10805000049800F03FFD8446082800D83BE586429E
:1080600000D238E501230B4E019318360593039B8C
:10807000012B41D0002240461EE0C04684A60010DD
:10808000000000000000000000000000752100104A
:108090003F2C0020C4A60010A820002004100020BF
:1080A0008378D318DBB2FB18D978FF2900D012E50A
:1080B00001990132D970D2B2039B9A42F0D166463F
:1080C000624680460100019B584600F0E7FEB44638
:1080D0000D4B059A1B78E04401339A4200DC4DE7D2
:1080E000F9E4049B9846094B002B00D128E600E0F8
:1080F00000BF25E6064EBAE7064BB2689A42B9D1F0
:10810000089B0393B6E7C0463F2C00200000000008
:10811000C4A60010D1860010F8B557464E46DE467C
:1081200045460C00E0B516001F00002A3CD0702325
:1081300098461E4B00259B461D4B9A461AE05B460F
:108140001B78200099465346997800F06BFE002872
:108150001CD021004846FFF72BFA002816D0A37840
:10816000DA09012A19D00A9A013513702378E41824
:10817000B54219DA6378052B08D1E3789B079B0F8A
:10818000BB4203D14246A3781A42D8D00020F0BCAB
:10819000BB46B246A946A046F8BD0B9A01351370FE
:1081A0002378E418B542E5DB0120F0E70410002055
:1081B0005C250020702270B58B780C001A4201D02B
:1081C000002070BD064B20001D78064B997800F00A
:1081D00029FE0028F4D021002800FFF7E9F9F0E794
:1081E000041000205C250020074B080019687F233D
:1081F00010B50340C0095B0033301818034B181842
:1082000000F0CCFD10BDC046B02500205C2500204C
:10821000074B080019687F2310B50340C0095B00B5
:1082200033301818034B181800F0E0FD10BDC0469D
:10823000B02500205C2500207F2070B508400F4C41
:108240004000CD09241864193034E5780020ED078A
:1082500000D570BD0126E578094835430078E57002
:10826000FFF72EFA0028F4D10122E3789343E3705C
:10827000E37803329343E370EBE7C0465C250020CC
:10828000041000207F22CB090A40044952008918BB
:10829000C9183031C878C007C00F70475C2500206E
:1082A00070B50A4E0500300008220C00FEF72EFEC5
:1082B00000237F21F3602278B36091425B41280064
:1082C000D90100220023FFF7B7FF70BD74230020FF
:1082D000F8B5CE46474691462A4E80B5082207009B
:1082E00030000D009846FEF711FE4B46B3600023A8
:1082F000F381EC79A97924020C43231C444500D96D
:1083000043469AB29046B381002C13D0002A1FD066
:108310004B46002B34D0131C402A1FD89BB29846E2
:1083200033787F2B20D80021174A43463800FFF7C7
:1083300083FF09E07F222B7838009A4264410023B2
:108340000022E101FFF778FFC0BCB946B046F8BD96
:1083500033787F2B11D980210022E6E740239BB29E
:10836000984633787F2BDED9074C42464946200099
:10837000FEF7CCFD80212200D7E700210022D4E7C0
:108380000020E1E7742300201C25002010B51422F2
:1083900000210248FEF7B4FD10BDC0467423002042
:1083A000014B18617047C0467423002010B5054C7E
:1083B000010008222000FEF7A9FD0023A360E3606E
:1083C00010BDC04674230020F8B53B4C1D00237837
:1083D0000600DA09C9098A4213D00020002D00D016
:1083E000F8BD364B002B03D021003000FFF7D2F848
:1083F0002369002B44D0220003213000984701203C
:10840000EEE77F2B06D8A068002837D02A002C4939
:10841000FEF77CFDA368E28959195219E38892B2EC
:10842000E281A160934214D03F2D12D9A589A81AE8
:10843000071C80B240282FD82378BFB27F2B2DD8BD
:108440000021AA4235D01E4A3B003000FFF7F4FE5F
:10845000C6E72369002B05D022000221300098478F
:1084600000280FD07F220021237830009A42494112
:1084700000230022C901FFF7DFFEB1E70020AFE7CC
:108480000120ADE700213000FFF72CF930008021FA
:10849000FFF728F90120A3E74027CDE7AA4207D03C
:1084A000074C3A002000FEF731FD80212200CBE787
:1084B00080210022C8E7C046742300209575001073
:1084C0001C25002010B50400FFF7E0F9002801D1B9
:1084D000002010BDFFF7E2F90028F9D1B22080009A
:1084E000444303480019037901201840F1E7C046CE
:1084F000AC200020B2239B00584310B5024B103033
:10850000C01800F01DFD10BDAC200020F0B5B22554
:10851000AD0045432C00C646174F1034E41900B592
:10852000200092B200F090FD0600200000F026FD31
:108530003F2803D8300080BCB846F0BD7B1900202E
:10854000D9789846FFF750FE0028F3D0200000F0BD
:1085500015FD3F280AD992239B00EA184346D219F9
:10856000D97800204023FFF767FEE3E74346002069
:10857000D978FFF74DFEDDE7AC200020F8B5040008
:10858000FFF784F9002801D10020F8BDFFF786F934
:108590000028F9D1B220800044432500144E243530
:1085A000AD19280000F0CCFC0028EDD037190020D0
:1085B000B978FFF719FE0028E6D0A2239B009C465D
:1085C0006444A41921002800402200F03DFDB97840
:1085D000051E08D0030022000020FFF72DFE002812
:1085E000D2D02800D1E70020FFF712FECCE7C0462A
:1085F000AC20002070B5B224A4004443094B2434BD
:10860000E418050092B2200000F0D8FD060020001A
:1086100000F096FC3F2801D8300070BD2800FFF71D
:10862000ADFFF9E7AC200020B222F0B51B4C83B0BF
:10863000002120009200FEF763FCFF236371184BBA
:1086400080260025E38001270823210020007600F2
:1086500023733200278138310095073B103000F03A
:1086600037FC2100200039313200FF31012300970F
:10867000243000F02DFC8E239B00E6183000FAF722
:108680002FFF90239B002662E6183000E561FAF781
:1086900027FF2663656303B0F0BDC046AC20002011
:1086A00000C2FFFF10B5094C052200212000FEF793
:1086B00027FC20002434103000F034FE200000F0AD
:1086C00031FE0121200000F04DFE10BDAC20002045
:1086D000F0B54B79060083B0022B02D18B79022BC7
:1086E00003D00025280003B0F0BD304FBB78002B2D
:1086F000F7D18B7809253B700C780C196378242B03
:108700000BD1082A02D80FE0AA420DD32378E4182F
:10871000ED186378ADB2242BF6D0052B21D0042BB5
:1087200002D163790A2B2FD0214C200000F026FCC7
:108730003F28D7D92600103E0020F178FFF754FDDE
:108740000028CFD0200000F019FC3F2817D98E2335
:108750009B00E218F93BF178FF3B0020FFF76CFD2E
:10876000C0E721003000FFF725FD0028B9D0A3782D
:108770007B702378ED18E4186378ADB2CFE7F17819
:108780000020FFF745FDADE70A4B27780193013341
:108790000093022202233000E119FFF7BDFC0028FC
:1087A0009FD00E35ED19ADB2BEE7C046AC2000201B
:1087B000BC200020AE200020F8B560231400127801
:1087C000050013400020202B12D12F4A637927790E
:1087D00016781B023B439E420AD16378222B27D096
:1087E00007D8202B17D0212B02D101293DD0012001
:1087F000F8BD232BFCD101293FD00329F7D1234B0E
:10880000002BF4D0E178A37809020020194300E09E
:1088100000BF0120ECE7012927D00329E7D11C4B39
:10882000002BE4D00020911D00E000BF0120DFE715
:10883000012922D00329DAD101252E00A378E4787A
:10884000023924021C431471264024321000714066
:1088500000F088FD0F4B002BC9D0620800203100CA
:108860002A4000E000BF0120C2E7072321002800C2
:10887000094AFFF72DFD0120BAE721002800FFF784
:108880000FFD0120B4E7C046AC200020000000002E
:108890000000000000000000B2200020F8B557469C
:1088A0004E464546DE46E0B5494F8046FA780C0014
:1088B0001E008A4264D19AB292239B00FD181023B5
:1088C0009B46BB442900584600F078FC414BD946F2
:1088D000002B18D07B79D946FF2B14D0002E12D054
:1088E000AA19924603E0013555450CD07B792A78C8
:1088F0009A42F8D1484600F039FB0028F3D1797943
:1089000000E000BFEFE7344B002B04D0484600F0F6
:108910002DFB002852D0484600F030FB3F2834D8C9
:108920004A46103A9378A34207D001242000F0BCB5
:10893000BB46B246A946A046F8BD284B002B02D044
:10894000002000E000BF0020FFF718FE0028ECD157
:10895000234D280000F0F4FA0028E6D1002EE4D0E0
:10896000B306E2D1243D4046A978FFF73DFC041E42
:10897000DBD0002300224046A978FFF75DFCD5E755
:10898000BB788B42D9D00024D0E74D46103D002063
:10899000E978FFF729FC002801D1AB78C3E7484606
:1089A00000F0ECFA3F280CD98E22920040230020E0
:1089B000E9784A44FFF740FCAB78B4E700E000BF39
:1089C000A9E70020E978FFF723FCAB78ABE7C046C6
:1089D000AC200020000000000000000000000000AB
:1089E000D02000208C2343430B4810B5C018447896
:1089F000FEF74CFF002801D1002010BDFEF74EFF0E
:108A00000028F9D1002CF7D021000020FFF73AFC14
:108A100001235840C0B2F0E788240020F8B58C2428
:108A20004746CE464443204E80B53419050089465A
:108A30000020617890461F00FFF7D6FB00281DD06C
:108A40004B46002B1ED03B1C3F2F29D88C244A4676
:108A50006C439FB23319083434191A7241463A00F4
:108A6000601CFEF753FA0137BFB28C2045437619DC
:108A70003B00220000207178FFF7DEFBC0BCB94646
:108A8000B046F8BD3B1C402F0CD88C246C430834F6
:108A90009FB234193A0041462000FEF737FAE4E766
:108AA0003F23D3E74023F0E78824002010B58C2231
:108AB00000210248FEF724FA10BDC0468824002099
:108AC00010B58C2200210248FEF71AFA10BDC046EC
:108AD00088240020F0B54B7906000D0083B0032BED
:108AE0000AD10879C400241A1234A4B2944203D8DB
:108AF0001B4F7B78002B03D00024200003B0F0BD77
:108B0000097869184B78212BF6D18823F9500B7816
:108B10000200C9187B1C0193BB1C00933000032387
:108B2000FFF7FAFA0028E7D0AB79012B14D0012324
:108B30003B71AB783B708823FA58137AD1791B02CA
:108B40000B43B978FB800029D7D03A00402330008E
:108B50004832FFF771FBD0E7EB79FB70E7E7C046DF
:108B6000882400201F23F0B514001278050083B07C
:108B70001340012B17D1614E20793378984212D1DE
:108B8000602318001040134208D020280BD16378CE
:108B90000B2B08D85A4A9B00D3589F4601290DD168
:108BA0006378062B0CD0002003B0F0BD012905D15D
:108BB000012321002800534AFFF78AFB0120F3E735
:108BC000E378212B7ED0222BEDD10020F9F7ECF8B1
:108BD00021000200F3882800FFF77AFB0120E3E779
:108BE000012917D00329E9D1A178474B3171002B16
:108BF000E4D0002000E000BF0120D5E70129DDD14D
:108C0000E178424B7171002B04D0002000E000BFDE
:108C10000028C8D021002800FFF742FB0120C3E74D
:108C200001295AD00329C9D1E079A3790002184358
:108C3000E278A178041C402800D94024344BA4B227
:108C4000002908D0012806D94820305C884202D18A
:108C5000013C304BA4B200200094F9F7B5F9012093
:108C6000A2E70129AAD10123210028002A4AFFF7FF
:108C70002FFB012098E70129A0D1E379A0791B02FD
:108C80000343E278A178181C402B00D9402080B221
:108C9000002930D0012B2ED9330001270138317241
:108CA00080B2093300900020F9F78CF93F18BBB26D
:108CB000002B00D177E721002800184AFFF708FBB6
:108CC000012071E76733F258002A00D16BE72100D9
:108CD00028001378FFF7FCFA66E7E379A2791B0214
:108CE0001343402B00D95EE721002800084AFFF714
:108CF000EFFA012058E70027084BD3E7882400202B
:108D0000F4A600108C2400200000000000000000E9
:108D1000D0240020D12400208D2400209024002085
:108D200070B5164C0500A27882B08A420ED16178E7
:108D3000914210D1124A0124002A04D00020114986
:108D40009AB200E000BF200002B070BD627800243B
:108D50008A42F8D1EEE726009BB248360022002175
:108D6000002000933300F9F72FF9A1784023320057
:108D70002800FFF761FA0400E5E7C04688240020D8
:108D8000000000009024002010B50020FEF798FDA0
:108D900010BDC04610B5FEF789FD10BD037870B553
:108DA000DB0704000E00DD0F002B17D103785B07F3
:108DB00001D5280070BD01213000494200F0B0FE0D
:108DC0002378DB07DD0F002B0AD123785B0708D45B
:108DD0000422237801251343237002E00025E8E7ED
:108DE0000025300000F06CFEE3E7C04670B50D00D2
:108DF000012104004942280000F092FE23785B071D
:108E0000DE0F002B04DB280000F05AFE300070BD9E
:108E10002378DB0704D40422237893432370F2E7FA
:108E20000026F0E710B5437904791B0223435B0564
:108E30005A0DC3789B079B0F022B05D0032B15D02F
:108E40000020012B08D010BD02291CD00020402397
:108E500093424041C0B2F6E702394B4259410D4BB3
:108E60009C46614491424041C0B2ECE702394B421A
:108E70005941F023002049429B0019404031914262
:108E80004041C0B2DFE7044BD3185A425341D8B235
:108E9000D9E7C046FF03000000FEFFFF8A1870B547
:108EA000914207D27F264C78052C04D00C78091902
:108EB0008A42F8D870BD34008D782C4064000419C3
:108EC000ED0963550C7809198A42ECD8F2E7C046DF
:108ED000F0B5C64600B5040006A80578802088468F
:108EE00017001E000002824227D8E068002803D045
:108EF0000121494200F014FE2069002803D001211D
:108F0000494200F00DFE4346236073045B0CED0301
:108F10001D430023E0686381A780E580238100284A
:108F200001D000F0CDFD20690124002801D000F01F
:108F3000C7FD200080BCB846F0BD0024F9E7C0465C
:108F400010B5048941898288A3B288B28C4207D3C4
:108F50001B1A9BB2101C9A4200D9181C80B210BD7B
:108F60005100091A5B189BB2F4E7C0460300008960
:108F70005B89C01A43425841C0B2704710B504899A
:108F800041898288A3B288B28C4207D31B1A9BB254
:108F900000209A4201D9D31A98B210BD5100091A83
:108FA0005B189BB2F4E7C04670B5040000690E0080
:108FB000002803D00121494200F0B2FD25896089D3
:108FC000A288A9B283B285422CD3CD1AADB2002DAE
:108FD0002ED0AA4208D2914231D38B1A9BB2638120
:108FE0009A4203D89B1A9BB29A42FBD9E288216825
:108FF0005204520C53433000C918FDF787FF6189B2
:1090000001254B1C9BB2A288994214D9002352001F
:109010009B1A9BB220696381002801D000F050FDAB
:10902000280070BD5500ED1A4D19ADB2002DD0D1FC
:10903000002563899BB252009342EBDBE8E7891875
:109040008BB26381CCE7C046F0B546464F46D64664
:10905000C0B50600006989469046002803D001216A
:10906000494200F05DFD31897289B5888BB294B2B6
:10907000914257D31F1BBFB2002F4DD0BD4205D226
:10908000AB4254D25B199CB22F0074814346B84561
:1090900040D89FB2A54203D8641BA4B2A542FBD915
:1090A000F288281B5204530C190098463368614318
:1090B0009C4680B26144874226D94346584383B2D6
:1090C0001A0048469A46FDF721FF434648467D1B55
:1090D00064195C4331685044A2B2FDF717FF7189EF
:1090E000B588CB199BB26A00994217D99B1A9BB2DB
:1090F00030697381002801D000F0E2FC3800E0BC48
:10910000BA46B146A846F0BD424648467A43FDF706
:10911000FDFEE4E73B1CBCE773899BB26A00934207
:10912000E6DBE3E76F003F1BDF19BFB2A4E75B1B81
:109130009CB2A9E7F8B50400C0680E00002803D06F
:109140000121494200F0ECFC258920896189A2882F
:10915000ADB283B28FB2884228D3DB1B9BB29A4256
:1091600009D8E779FF0906D1E068002801D000F0AE
:10917000A7FC3800F8BD2B00954203D39B1A9BB285
:109180009342FBD2E28821685204520C5343C81820
:109190003100FDF7BBFEA2886B1C9BB252009D42C2
:1091A00009D99B1A9BB201272381DDE75100C91B16
:1091B0005B189BB2D3E79342F5DBF2E7F0B54E467E
:1091C0004546DE465746E0B589460500140083B0A3
:1091D000002A6ED0C068002803D00121494200F067
:1091E0009FFC2F89EA796B89BFB29BB2D20942D129
:1091F000AE889F4267D27200D31AFB189BB200223E
:1092000090469E4231D9F31A1A1C9BB2A34200D950
:10921000221C93B29846E8884346FB189BB29B46B3
:109220003C00B74203D3A41BA4B2B442FBD2400417
:10923000430C18009A462B6860439C46311B89B248
:10924000604441454ED35246434649465A43FDF792
:109250005DFEAB885B00BB4501D39B4503DB5A46F3
:10926000D31A9BB29B465B462B81E868002822D02C
:1092700000F026FC1FE0AA889046944226D29F4226
:1092800044D34146FA1A92B2490012198A4209DBC4
:1092900042469A1892B2171BBFB29346BB423AD9C4
:1092A0007F1ABFB2E3199BB246469B46A046E888A8
:1092B000B6E700239846404603B0F0BCBB46B24632
:1092C000A946A046F0BDFB1A9BB298E7E888A21A0F
:1092D0004404640C54434246A144002AC5D0464687
:1092E0001F0099E75346594389B20A000191494644
:1092F000FDF70CFE43469A1B5346A2185A430199A8
:10930000286892B24944FDF701FEA2E75100CA1A4B
:10931000BA1892B2B9E7B942C2DD4646E888A0461B
:109320007EE7C04610B50400C068002803D00121C4
:10933000494200F0F5FB2069002803D00121494291
:1093400000F0EEFB0023E06863812381002801D058
:1093500000F0B6FB2069002801D000F0B1FB01202D
:1093600010BDC04670B50400C0680D00002803D0D1
:109370000121494200F0D4FB2069002803D00121DB
:10938000494200F0CDFB7F21E379ED011940E0680F
:109390002943E171002801D000F092FB20690028E8
:1093A00001D000F08DFB012070BDC046CAB2F0B5FF
:1093B000002A35D0032483072DD1FF2529400D0233
:1093C00029430D040D4329000468264E61408B1982
:1093D0008B43A119A143244E0B43334211D1416861
:1093E000204F0C00CB196C408B43E119A1430B4378
:1093F00004303342F3D00378002B05D09A4204D0D6
:1094000001300378002BF9D10020F0BD9342FCD04D
:1094100001302042D1D00378002BF7D10020F4E7AF
:10942000830708D0032202E00130104203D0037802
:10943000002BF9D1E9E702680A4B0B49D318934393
:109440000B4206D14268074B0430D31893430B42BA
:10945000F8D00378002BD8D043780130002BFBD113
:10946000D3E7C046FFFEFEFE8080808010B58307F4
:109470000AD00300032102E001330B4205D01A7821
:10948000002AF9D1181A10BD030019680C4A0D4CB6
:109490008A188A4322420FD15968094A04338A182C
:1094A0008A43224208D15968054A04338A188A43FC
:1094B0002242F1D000E001331A78002AFBD1E1E723
:1094C000FFFEFEFE8080808030B5002A26D003009B
:1094D0000B439B0724D1032A22D9164D0BE0043AF3
:1094E000002A1BD0144C1C199C432C4216D104306A
:1094F0000431032A14D903680C68A342EFD004781E
:109500000D78AC4213D1012306E0C45CCD5CAC42C3
:109510000DD10133934201D0002CF6D1002030BD93
:1095200004780D78A54202D1012AECD1F6E7601B40
:10953000F5E7C04680808080FFFEFEFEF0B5DE4687
:109540004E4645465746E0B59C4C8346A544884662
:1095500014001E00012B00D82AE101200125B44689
:1095600000210122012306006D4205E019000122BD
:109570005E1B8B189C450DD96019E75C805C8742A7
:10958000F4D300D188E001220D0001318B180126AF
:109590009C45F1D80123009666469C46023B9946BD
:1095A00048460021A94601220500023306E05A1B65
:1095B0009446190001228B189E420DD9A018E75C31
:1095C000405D8742F3D86CD0012301220D000131A8
:1095D0009C468B189E42F1D82B004D4601336A1CE5
:1095E00092469A4202D862469A460092FFAA02AB7D
:1095F0000C3240C39A42FCD101256D42002E0DD0A1
:109600002300A446751E371960191A78C11A9200F2
:1096100002AC0133A1509F42F7D16446009B5246F1
:109620002000E11800F05CFA002869D100235246BE
:10963000994601339B1A0193330000274E46994601
:109640005B46D819435D02AA9B00D358002B2CD04F
:10965000002E04D0009A934201D24B469B1A00265A
:10966000FF1843464A469B1ABB42E9D2802158461E
:1096700009011143404400F00FFA804443464A4632
:109680009B1ABB42DCD200204D4B9D44F0BCBB4634
:10969000B246A946A046F0BD964200D185E001320F
:1096A00067E762457ED0013285E75346B24506D270
:1096B000330004E0E15CC25C91421BD10133AB4258
:1096C000F8D35346D446013BB24504D809E05A1EAC
:1096D000B34213D013005A1C9446E15CC25C914221
:1096E000F5D001366645CFD8009B4A469C46D61A2F
:1096F0006744B6E7019A94466744B0E7B446F0E79A
:109700005346F31A53454BD3013352460193012379
:109710009B1A009380231B0199463300002746467D
:1097200098465B46D819435D02AA9B00D358002B8C
:1097300018D0DF194346F31A9F42F2D95B464946D7
:1097400098194346194300F0A7F943463618F31A0F
:109750009F4298D85B46D819435D02AA9B00D35814
:10976000002BE6D15346AA4503D30AE00133AB42AE
:1097700007D2E15CC25C9142F8D0009A94466744FB
:10978000D7E75346013B03D27EE7013B00D27BE79C
:10979000E15CC25C9142F8D0019B9C466744C9E7FA
:1097A0005346B1E78918012205E701228919E0E64D
:1097B0000123009300239A4618E7C046F4FBFFFFFD
:1097C0000C040000F0B5CE46474680B50E0009787F
:1097D0000500040091B0002950D07078002800D115
:1097E00089E0B778002F4FD0F378002B00D189E0C3
:1097F0003279002A58D03000FFF738FE80218900E6
:1098000007000143280000F047F9874263D8FE2F84
:1098100000D989E0C01B804640226846791CA844D4
:10982000FDF76EFB002F0FD0BA1994463F2233008C
:109830009146F8B2301849466C461A780A40C11A67
:109840000133A1546345F6D12C003F256A46013C03
:10985000E35D2B40D05C2418A04503D23DE04C448E
:10986000A0453AD36A46E35D31002B40D35C20002B
:109870003A00994600F034F90028F0D1200011B0E8
:10988000C0BCB946B046F0BD090400232A780143A4
:1098900000E00500002A1ED01B041343681C6A78F0
:1098A0009942F6D16C1EE9E72A78002A13D000020B
:1098B000084339041B060143194309BA002301E098
:1098C00099421DD02C001B02013513432A78002A2F
:1098D000F6D1994214D00024D0E74346D819DB5D75
:1098E000002BF8D08021090100F0D6F880444445CF
:1098F000ACD90024C2E72800FFF758FD0400BDE7FB
:10990000033CBBE70906000401433F022A783943C0
:1099100000E00500002ADED013431B026A78681CB1
:109920009942F6D1AC1EA9E701003B0032002800A5
:10993000FFF704FE0400A1E7F0B54E46DE465746A9
:1099400045468346E0B588461E0091460B00082038
:10995000474F83B01A0014780133395D1D00084267
:10996000F8D12D2C5FD0002301932B2C33D0002E67
:109970000ED0102E5CD0012031004042FCF788FA56
:109980000700012031004042B246FCF781FA06E0B0
:10999000302C59D00A2305219A460A26354F002239
:1099A00000202300303B092B07D9113B192B03D989
:1099B0002300613B192B11D80A339E420EDD002A89
:1099C00023DBB84221D81ED052465043012218183A
:1099D0002C780135E5E72C78951CC8E7002A17DBC1
:1099E000019B002B00D040424B46002B04D0002AA4
:1099F00016D14B4642461A6003B0F0BCBB46B24695
:109A0000A946A046F0BD8B42DEDD01225242DFE7CF
:109A100022235A46012013604B464042002BEBD0D4
:109A20006B1E9846E5E71C780123951C01939EE781
:109A3000302C04D120222B789343582B09D01023AB
:109A40000F219A460C4FAAE720222B789343582BDC
:109A500007D110236C780F219A461026064F023545
:109A60009DE7082307219A460826044F97E7C0463A
:109A700035A7001099999919FFFFFF0FFFFFFF1FEE
:109A800010B504001300034A10680A002100FFF714
:109A900053FF10BD0810002010B503004418002922
:109AA00003D109E001339C4204D01A78002AF9D18D
:109AB000181A10BD201AFCE70020FAE7F8B5C046D6
:109AC00001B40248844601BC604700BFED0100209C
:109AD00001B40248844601BC604700BF190E002053
:109AE00001B40248844601BC604700BF1D0E00203F
:109AF00001B40248844601BC604700BFD502002083
:109B000001B40248844601BC604700BF190E002022
:109B100001B40248844601BC604700BF55020020E2
:109B200001B40248844601BC604700BF5D010020CB
:109B300001B40248844601BC604700BFC100002058
:109B400001B40248844601BC604700BF350B0020C9
:109B500001B40248844601BC604700BF910900205F
:109B600001B40248844601BC604700BFD10A00200E
:109B700001B40248844601BC604700BFDD0A0020F2
:109B800001B40248844601BC604700BFAD0D00200F
:109B900001B40248844601BC604700BF5503002061
:109BA00001B40248844601BC604700BFB9090020E7
:109BB00029E10416071D1B19050628E50F3334118A
:109BC000363738102C000000000102030405060798
:109BD00008090A0B0C0D0E0F1011121314000000CF
:109BE000FF0000FF00B4FF000000FF000064FFA0C2
:109BF0001EFFA01EFFA01EFFA01EFFFF3C00FFE6F1
:109C000000FF00B4FF000000FF000064FFA01EFF83
:109C1000A01EFFA01EFFA01EFFFF3C00FFDC3200C5
:109C2000FA150010881500100E1600100616001008
:109C3000FE150010FE170010E2170010C0170010EC
:109C40009C170010161600105C170010401700102B
:109C5000EE1600109C1600107A170010649C00107D
:109C600004FF000021622311001442A447656B69C0
:109C70006D61780047656B696D617820436F6E6632
:109C80006967757261746F720000000047454B4947
:109C9000434647303100000047656B696D617820AD
:109CA00053657269616C20496E74657266616365A3
:109CB000000000004D6963726F736F667420436F1C
:109CC00072702E0058626F782033363020436F6EEA
:109CD00074726F6C6C657200312E300047656B6971
:109CE0006D6178204B6579626F617264204E4B52D2
:109CF0004F00000047454B494D415830303100007E
:109D00005345474100000000492F4F20434F4E5418
:109D1000524F4C2042443B31353235373B30313B9A
:109D200039303B313833313B36363739413B3030CF
:109D30003B474F55543D31345F4144494E3D382CEB
:109D4000455F524F54494E3D345F434F494E494E53
:109D50003D325F5357494E3D322C455F5551313DA1
:109D600034312C363B00000041494D4520524541DD
:109D70004445522040434F4D310000004C454420A3
:109D8000424F4152442040434F4D3300349E001017
:109D9000589E0010089E0010BC9D0010B09E001040
:109DA000C49E00109C9E0010889E001009040000B4
:109DB00009040000090400000904000009024B0026
:109DC00002010080FA080B000202020000090400F0
:109DD0000001020200040524002001052401000105
:109DE000042402020524060001070581030800106F
:109DF00009040100020A00000007050202400000F9
:109E000007058202400000000902290001010080CC
:109E100032090400000203000006092111010001BB
:109E20002271000705010340000607058103400079
:109E3000060000000902220001010080FA09040066
:109E40000001030000000921110100012217000791
:109E5000058103200001000009023000010100809B
:109E6000FA0904000002FF5D010010211001012425
:109E7000811403000313020003000705810320007F
:109E8000010705020320000812010002EF02014051
:109E9000FECA044000010102030100001201000299
:109EA00000000040A30C210000010102030100009A
:109EB0001201000200000040FECA0240000101023F
:109EC0000301000012010002FFFFFF405E048E024A
:109ED000720501020301000005010904A1018501C9
:109EE0000901A1000930093109300931093009316E
:109EF000093009310933093409330934093609367F
:109F0000150027FFFF0000350047FFFF0000950EFA
:109F100075108102C00502050919012930150025B7
:109F200001450175019530810209007508951D8173
:109F30000106A0FF09008510A1010900150026FFF8
:109F4000007508953F9102C0C00000000501090698
:109F5000A1010507190029E715002501750195E8FC
:109F60008102C000000102030405060708090A0B6C
:109F70000C0D0E0F1011121314000000A120001080
:109F8000A5200010ED200010B5200010B120001019
:109F9000000000000014FF00FFFFFFFFFFFFFFFFB6
:109FA0000000000000000000222573223A0000009B
:109FB00050494E4700000000504F4E470D0A000028
:109FC0004745545F434F4E4649470000434F4E4676
:109FD00049473A7B2276657273696F6E223A25751E
:109FE0002C226163746976655F6D6F6465223A2522
:109FF000752C22696E766572745F78223A25752C0D
:10A0000022736D6F6F7468696E67223A25752C2212
:10A010006B625F6C65645F6D6F6465223A25752CB9
:10A020002267616D657061645F6C65645F6D6F640C
:10A0300065223A25752C2263616C69625F6D696ED9
:10A04000223A25752C2263616C69625F6D6178220A
:10A050003A25752C2263616C69625F63656E746575
:10A0600072223A25752C22646561647A6F6E6522CE
:10A070003A25752C00000000226B65796D61702215
:10A080003A5B000025752573000000005B25752CE8
:10A0900025752C25755D2573000000005345545F20
:10A0A000434F4E46494720006163746976655F6D92
:10A0B0006F6465006B625F6C65645F6D6F64650003
:10A0C00067616D657061645F6C65645F6D6F646529
:10A0D00000000000696E766572745F780000000011
:10A0E000736D6F6F7468696E6700000063616C69FF
:10A0F000625F6D696E00000063616C69625F6D6133
:10A100007800000063616C69625F63656E746572FC
:10A1100000000000646561647A6F6E6500000000F5
:10A120006B65796D617000006C65645F636F6C6F67
:10A1300072730000756E646572676C6F775F6C6533
:10A1400066740000756E646572676C6F775F726924
:10A15000676874004F4B3A434F4E4649475F53413F
:10A160005645440D0A00000052455345545F44458E
:10A170004641554C545300004F4B3A4445464155D7
:10A180004C54535F52455345540D0A004745545FA4
:10A19000494E505554530000494E505554533A7B44
:10A1A00022627574746F6E73223A256C752C22725C
:10A1B00061775F616463223A25752C226E6F726D40
:10A1C000223A252E33667D0D0A0000005052455676
:10A1D0004945575F4C454453200000004F4B3A50CF
:10A1E0005245564945575F5345540D0A000000003B
:10A1F0004552524F523A494E56414C49445F434FA3
:10A200004C4F52530D0A00005245424F4F545F428B
:10A210004F4F5453454C00004F4B3A5245424F4F1D
:10A2200054494E475F424F4F5453454C0D0A00006E
:10A230005245424F4F5400004F4B3A5245424F4F08
:10A2400054494E470D0A00004552524F523A554E5E
:10A250004B4E4F574E5F434F4D4D414E440D0A00FC
:10A260005D2C000022756E646572676C6F775F6CA1
:10A27000656674223A5B25752C25752C25755D2C39
:10A2800022756E646572676C6F775F726967687458
:10A29000223A5B25752C25752C25755D7D0D0A00F0
:10A2A000226C65645F636F6C6F7273223A5B0000AF
:10A2B000000000004E6F207370696E6C6F636B73EB
:10A2C0002061726520617661696C61626C65000075
:10A2D000486172647761726520616C61726D2025DE
:10A2E0006420616C726561647920636C61696D657D
:10A2F000640000000A2A2A2A2050414E4943202A9D
:10A300002A2A0A00486172642061737365727400BE
:10A31000666E6900666E692B000000006E616E005B
:10A32000666E692D0000000038530010EE520010D8
:10A33000EE52001030530010EE520010EE5200109A
:10A34000EE520010EE520010EE520010EE520010CD
:10A35000EE52001028530010EE520010205300104F
:10A36000EE520010EE52001018530010EA54001084
:10A370004A530010DE5400104A530010FA540010E3
:10A380004A5300104A5300104A5300104A53001019
:10A390004A5300104A5300104A5300104053001013
:10A3A0004A5300104A5300104A5300104A530010F9
:10A3B0004A5300104053001040550010AA5200109C
:10A3C000AA520010AA520010AA520010AA5200105D
:10A3D000AA520010AA520010AA520010AA5200104D
:10A3E000AA520010AA520010AA520010AA5200103D
:10A3F000AA520010AA520010AA520010AA5200102D
:10A40000AA520010AA520010AA520010AA5200101C
:10A41000AA520010AA520010AA520010AA5200100C
:10A42000AA520010AA520010AA520010AA520010FC
:10A43000AA520010AA5200106E5700100C550010BE
:10A440006E570010AA520010AA520010AA52001013
:10A45000AA520010AA520010AA520010AA520010CC
:10A46000AA520010AA520010AA520010AA520010BC
:10A47000AA520010AA520010AA520010AA520010AC
:10A48000AA520010F2530010AA520010AA52001053
:10A49000AA520010AA520010AA520010AA5200108C
:10A4A000AA520010AA520010AA520010F253001033
:10A4B00054550010F25300106E5700100C55001048
:10A4C0006E570010AA520010F2530010AA5200104A
:10A4D000AA520010AA520010AA520010AA5200104C
:10A4E000F25300107E560010AA520010AA5200101B
:10A4F000C0550010AA520010F2530010AA520010CA
:10A50000AA520010F2530010000000000000F03FBB
:10A51000000000000000244000000000000059403E
:10A520000000000000408F40000000000088C34091
:10A5300000000000006AF8400000000080842E4106
:10A5400000000000D01263410000000084D7974152
:10A550000000000065CDCD4152656C6561736500FA
:10A56000626F6F74325F77323571303830000000BF
:10A57000312E352E310000007069636F000000003D
:10A5800067656B696D6178004175672032312032F3
:10A590003032360006005250BBFF3CB678A50010A2
:10A5A00006005250E182887F60A5001006005250DC
:10A5B000D3F0754258A500100D0A00004E6F2070B0
:10A5C000726F6772616D20737061636500000000D7
:10A5D000556E68616E646C65642049525120307814
:10A5E00025780A0065702025642025732077617323
:10A5F00020616C726561647920617661696C616269
:10A600006C65000043616E277420636F6E74696E21
:10A6100075652078666572206F6E20696E6163745F
:10A620006976652065702025642025730000000090
:10A630006F757400696E0000E2790010367B0010BF
:10A640001E7B0010E2790010007B0010E87A0010F9
:10A65000847A00102E7A0010227A0010A87D001053
:10A660008E7D0010D67A0010BC7D0010D67A0010C6
:10A67000767D0010627D0010D67A00104E7D0010AD
:10A68000247D0010D67A0010407E0010247E001039
:10A69000187E0010D67A0010D67A0010FA7D0010CD
:10A6A000247E0010D67A0010D67A0010D67A0010D8
:10A6B000D67A0010D67A0010D67A0010D67A00101A
:10A6C000D67D001029860010A5860010D1860010C6
:10A6D000B98700109D88001000000000AD8A0010AE
:10A6E000C18A0010D58A0010658B0010218D0010E2
:10A6F00000000000A68B0010768C0010628C001009
:10A70000AC8B0010A68B0010A68B0010A68B00103F
:10A71000A68B0010A68B0010208C0010FC8B001064
:10A72000E08B00104C45440009005250000000022C
:10A7300024A70010002020202020202020202828CE
:10A7400028282820202020202020202020202020F1
:10A750002020202020881010101010101010101031
:10A760001010101010040404040404040404041061
:10A7700010101010101041414141414101010101EF
:10A7800001010101010101010101010101010101B9
:10A7900010101010101042424242424202020202C5
:10A7A0000202020202020202020202020202020289
:10A7B0001010101020000000000000000000000039
:10A7C0000000000000000000000000000000000089
:10A7D0000000000000000000000000000000000079
:10A7E0000000000000000000000000000000000069
:10A7F0000000000000000000000000000000000059
:10A800000000000000000000000000000000000048
:10A810000000000000000000000000000000000038
:10A820000000000000000000000000000000000028
:08A83000000000000000000020
:10A83800AC020010A00200109402001094A50010B1
:10A8480088020010A0A50010ACA5001028A70010D1
:10A85800F0B5C646150000B504001E000268EFF307
:10A86800108172B61368002BFCD0BFF35F8F0423EE
:10A87800E356002B2DDB2268BFF35F8F00201060AA
:10A8880081F31088D0221206127852B290469A426A
:10A8980003D1002080BCB846F0BD00270BE0236838
:10A8A800BFF35F8F1F6081F310882800310000F02C
:10A8B800B3FE0028EDD12268EFF3108172B6136859
:10A8C800002BFCD0BFF35F8F23797F2BE7D943465A
:10A8D80002E0D0231B061B6823712368BFF35F8F38
:10A8E80000221A6081F310880120D3E7F0B5C6462C
:10A8F80000B50D00040000F07FFEFA2206000F00EC
:10A90800002328000021920000F09EFE36184F41D7
:10A91800002F2CDBD0231B061B68002598460BE074
:10A928002368BFF35F8F1D6081F310883000390002
:10A9380000F072FE002818D12268EFF3108172B679
:10A948001368002BFCD0BFF35F8F23797F2BE7D9E7
:10A95800434623712368BFF35F8F00221A6081F397
:10A968001088012080BCB846F0BD0020FAE7012617
:10A97800014F7642CEE7C046FFFFFF7F0268EFF344
:10A98800108172B61368002BFCD0BFF35F8FFF23D2
:10A9980003710368BFF35F8F00221A6081F3108888
:10A9A80040BF7047084810B50378002B0AD18023B0
:10A9B8000649074A5B051C68CC5004339342FAD118
:10A9C8000123037010BDC046412C002090260010C2
:10A9D8000001001010B5024B0133984710BDC04666
:10A9E80090260020F0B58023D6464F4646464218AA
:10A9F80004000D00C0B59B039A4227D814271826D7
:10AA080038883388134998473388824612493888EA
:10AA180098473388814611493888984733881049C0
:10AA28008046388898470600FFF7BCFFD047C847DC
:10AA380080222900D82320005202C047B047FFF7E0
:10AA4800C9FFE0BCBA46B146A846F0BD00F0DCFD3F
:10AA5800D4E7C0464946000045580000524500006A
:10AA680046430000F8B54E464546DE465746802325
:10AA7800E0B515008218040089469B039A4226D83F
:10AA8800142718263888338812499847338883460C
:10AA9800114938889847338882461049388898473A
:10AAA80033880F498046388898470600FFF77AFFB1
:10AAB800D847D0472A0049462000C047B047FFF78B
:10AAC80089FFF0BCBB46B246A946A046F8BD00F0D7
:10AAD8009BFDD5E74946000045580000525000004C
:10AAE8004643000000231C4A10B59360D3601B4AFC
:10AAF80000219360D3601A4A1A489360D3601A4AB7
:10AB08009360D360194A9360D360194A9360D36005
:10AB1800184A9360D360184A9360D360174A9360C9
:10AB2800D360174A9360D360164A9360D360164A7D
:10AB38009360D360154A9360D360154A9360D360DD
:10AB4800144A9360D360F022920000F075FD124B16
:10AB5800124A1A6010BDC04600001050080010507C
:10AB680010001050482800201800105020001050E5
:10AB7800280010503000105038001050400010507D
:10AB880048001050500010505800105060001050ED
:10AB98006800105070001050102C002080011050D8
:10ABA800F0B55746DE464E464546E0B5234B87B0DE
:10ABB8009F6D002F23D0224B0024994601239846ED
:10ABC800204B01269A4604E001347600E4B2202C9A
:10ABD80015D03E42F8D04B469E65434665086D0049
:10ABE800A343ED186D015544280000F0A1FB00288F
:10ABF8000CD10134B743E4B27600002FE7D107B097
:10AC0800F0BCBB46B246A946A046F0BDAB780822C8
:10AC18009B46EB8A002103A8019300F00DFD072352
:10AC2800594602AA5371019B117203A80121059389
:10AC380000F0A6FB280000F013FBDAE70000115033
:10AC480000301150082800209823D14A70B5D558F3
:10AC580080232C009B02102684B01C401D4278D013
:10AC6800CC4BCD4C9A6ACD4B00261A603B23E35C53
:10AC7800022B00D1D7E07B23E35C022B00D11AE240
:10AC8800BB23E35C022B00D103E2FB23E35C022B32
:10AC980000D1ECE13C23FF33E35C022B00D1D1E18E
:10ACA8007C23FF33E35C022B00D1B6E1BC23FF33E6
:10ACB800E35C022B00D19BE1FC23FF33E35C022B16
:10ACC80000D14FE1B64BE35C022B00D136E1B54B26
:10ACD800E35C022B00D11DE1B34BE35C022B00D1F6
:10ACE80004E1B24BE35C022B00D1EBE0B04BE35C38
:10ACF800022B00D1D2E0AF4BE35C022B00D1B9E0CC
:10AD0800AD4BE35C022B00D19EE0AC4BE35C022B25
:10AD180000D1E2E1002E08D1A94B1B78002B04D109
:10AD28008021A84A90338902D15001AE984B0C2259
:10AD3800002130009C6C00F07FFC03236405640D47
:10AD48007370300002940121802400F019FB9E4E9C
:10AD5800A402EB0663D480235B021D4214D00122B7
:10AD680023211C438C4B5A54DA70C023974ADB00CA
:10AD7800019302AB03CA03C3012101A800F000FB41
:10AD88008022904B92021A6580235B011D422FD1CD
:10AD98008023DB011D421AD180231B021D4204D1EE
:10ADA800AC4200D0B3E104B070BD01AE0C2200216A
:10ADB80030001C4300F040FC052301217370300073
:10ADC80000F0DEFA80227F4B12011A65E8E701AE37
:10ADD8000C22002130001C4300F02EFC042301212A
:10ADE8007370300000F0CCFA1022764B1A65D3E766
:10ADF80000221C43664B01AE1A60FFF773FE0C225B
:10AE08000021300000F018FC01230121737030008C
:10AE180000F0B6FA80226B4B12031A65B8E7FFF709
:10AE2800BFFE340097E73833E65C002E00D122E7F6
:10AE38000233E25C002A00D11DE700222000E25420
:10AE4800203000F03FFA16E7614BE35C002B00D19D
:10AE58005BE7EF239B00E25C002A00D04FE1574BF1
:10AE6800E35C022B00D060E75A4BE35C002B00D078
:10AE780038E15AE7584BE35C002B00D140E7DF226A
:10AE88009200A15C1E00002900D139E70023A354D9
:10AE9800D8239B00E01800F015FA31E74F4BE35C2C
:10AEA800002B00D127E7CF229200A15C1E000029C9
:10AEB80000D120E70023A354C8239B00E01800F02A
:10AEC80001FA18E7464BE35C002B00D10EE7BF22DE
:10AED8009200A15C1E00002900D107E70023A354BB
:10AEE800B8239B00E01800F0EDF9FFE63D4BE35C6A
:10AEF800002B00D1F5E6AF229200A15C1E000029CC
:10AF080000D1EEE60023A354A8239B00E01800F02C
:10AF1800D9F9E6E6344BE35C002B00D1DCE69F224E
:10AF28009200A15C1E00002900D1D5E60023A3549D
:10AF380098239B00E01800F0C5F9CDE62B4BE35CA5
:10AF4800002B00D1C3E68F229200A15C1E000029CD
:10AF580000D1BCE60023A35488239B00E01800F02E
:10AF6800B1F9B4E6F933FF33E35C002B00D1A9E66D
:10AF7800FE225200A15C1E00002900D1A2E620009A
:10AF88000023E130A354FF3000F09CF99AE6C04654
:10AF9800000011500040054008280020002800202B
:10AFA8003B0200007B020000BB020000FB02000025
:10AFB8003B0300007B030000BB030000FB03000011
:10AFC800402C0020003011501000020000001050EA
:10AFD800BA030000FA0300007A0300003A030000F5
:10AFE800FA020000BA0200007A0200003A020000E9
:10AFF800B933FF33E35C002B00D15DE6DE2252005B
:10B00800A15C1E00002900D156E620000023A130D3
:10B01800A354FF3000F056F94EE67933FF33E35C72
:10B02800002B00D142E6BE225200A15C1E0000297E
:10B0380000D13BE6200000236130A354FF3000F02C
:10B0480041F933E63933FF33E35C002B00D127E6BF
:10B058009E225200A15C1E00002900D120E620009B
:10B0680000232130A354FF3000F02CF918E6F83300
:10B07800E35C002B00D10DE6FC22A15C1E00002938
:10B0880000D107E600232000A354E03000F01AF9AD
:10B0980000E6B833E35C002B00D1F6E5BC22A15CE6
:10B0A8001E00002900D1F0E500232000A354A030A1
:10B0B80000F008F9E9E57833E35C002B00D1DFE51F
:10B0C8007C22A15C1E00002900D1D9E500232000C4
:10B0D800A354603000F0F6F8D2E50F4BE35C002B88
:10B0E80000D117E6FF239B00E25C002A00D11CE692
:10B0F8000022E2541C3BE01800F0E4F815E60022B8
:10B10800E254E8239B00E01800F0DCF8A7E62100F1
:10B118000248694000F0A8FAFA030000D0A5001020
:10B12800084A0300126C0020920703D49A78D209C7
:10B13800012A00D07047D87E023843425841C0B235
:10B14800F8E7C0460000115010B5FFF7E9FF0028E6
:10B158000CD00749074B8C46074A9B6A1268634420
:10B168009B1A0020C6229A424041C0B210BDC04678
:10B17800E0FCFFFF0040054000280020F8B5028BE6
:10B18800838A04000F00161C9A4200D91E1C8025D1
:10B19800B6B29B1BE2789BB2ED00A3823543002A2E
:10B1A80002D09025AD01354301214A40E270627812
:10B1B800002A09D0002B02D18023DB011D43002F78
:10B1C80000D02D042800F8BDE368B8019C46320081
:10B1D8006044216900F028FA23699C46802366446C
:10B1E8001B021D432661A38AE4E7C046836870B545
:10B1F80004001D68002900D02D0C6378AD05AD0D45
:10B20800002B09D1E38AEB18E382238BAB4201D9E7
:10B218000023A382280070BDE36889019C462A00A8
:10B228002069614400F000FAE38AEB18E38223699D
:10B238005B192361E9E7C04610B504008368002163
:10B248001B68FFF7D3FF63681B685B0002D5238B7D
:10B25800834200D010BD01212000FFF7C7FFF9E7A6
:10B2680000238376436103617047C04610B5836845
:10B27800002901D01C682140002A11D08024E40054
:10B28800114322420CD01A6822420BD10A4A0A40C2
:10B298001A60FFE7FFE7FFE7FFE7FFE7FFE78368DD
:10B2A800196010BD7F2281780448CB091140044AF7
:10B2B8009B009A5800F0D8F9FFFBFFFFE4A50010A7
:10B2C800E00F0020436870B5002180251E68040047
:10B2D800FFF754FF134B6D011B6C05439B070FD5FC
:10B2E800A3785B060FD0104B1E4080239B05334389
:10B2F80062680021136020002A00FFF7B7FF70BDC5
:10B30800A378DB09EFD0A38A002BECD00121200021
:10B31800FFF734FFA023054ADB05324005431343FA
:10B32800E6E7C04600001150FFFFFFAFFFFFFFDF59
:10B3380070B5857E0400002D13D0FFF77DFFA38A2A
:10B34800002B01D1280070BD2000FFF7FDFE051E6F
:10B3580003D0012300252377F4E72000FFF7B2FF8D
:10B36800F0E77F2281780448CB091140034A9B000B
:10B378009A5800F079F9C04604A60010E00F0020A2
:10B38800F0B5C64600B54378050084B0042B00D15B
:10B398007CE04BD8022B00D18AE0032B5AD1614EB6
:10B3A800614B00243278002B00D199E05F4B604F4D
:10B3B800984604E00134E4B2531CA34216DBA242CF
:10B3C80000D9A4E0A11AC9B20129F3D84B005B182F
:10B3D800DB00FB185B69002BECD02878696898477C
:10B3E80032780134E4B2531CA342E8DA514B1A789C
:10B3F800520747D504211A7801A88A431A700021F8
:10B408000C2200F019F96A462B7813710523537141
:10B41800494B1C686269EFF3108172B61368002B00
:10B42800FCD0BFF35F8FA16101A920E0052B11D1EA
:10B43800404B1A78D20725D504211A788A431A7006
:10B448003D4B1C686269EFF3108172B61368002BDC
:10B4580009D1FBE7384B1C686269EFF3108172B6BB
:10B468001368002BFCD0BFF35F8FA1612900200077
:10B4780000F0F2F86269A369BFF35F8F00211160E1
:10B4880083F3108804B080BCB846F0BD294B1A7805
:10B49800D207F7D504211A780A431A70264B1C687C
:10B4A8006269EFF3108172B61368002BDBD1FBE7FA
:10B4B8000120204A117881431170117899430023A3
:10B4C80011700421537013788B4313701A4B1C6846
:10B4D8006269EFF3108172B61368002BC3D1FBE7E2
:10B4E8000024134F05E00134E4B2531CA34200DAF0
:10B4F8007CE7012CF7D863001B19DB00FB185B699C
:10B50800002BF0D02878696898473278EBE74146F5
:10B51800096863008C461B19DB006344002B00D1CB
:10B5280048E757E73F2C002075210010A82000208D
:10B53800C4A600105C250020B425002070B5041CAA
:10B548000D1C00F011F8002802D12C1C201C70BD25
:10B55800281C00F009F80028F8D0291C201C00F04D
:10B568008BF80028F2D1F0E74000430800280ED0FD
:10B57800FE210A4AC9059A188A420CD308495A1E5C
:10B588008A4206D9074A9818434258417047022010
:10B59800FCE70320FAE70420F8E7C046000080FF34
:10B5A800FEFF7F00000080807047C04630B5032A48
:10B5B8000CD903000B439B0719D103680C68A342FD
:10B5C80015D1043A04300431032AF6D8551E002A4E
:10B5D8000BD0002303E05A1C9D4206D01300C25C26
:10B5E800CC5CA242F7D0101B00E0002030BD551EF5
:10B5F800EFE7C0460000000001B40248844601BCE1
:10B60800604700BF013D001001B40248844601BCF8
:10B61800604700BFFD47001001B40248844601BCE2
:10B62800604700BF593B001001B40248844601BC82
:10B63800604700BF0D6F001001B40248844601BC8A
:10B64800604700BF016F001001B40248844601BC86
:10B65800604700BFCD6A001001B40248844601BCAF
:10B66800604700BF3591001001B40248844601BC10
:10B67800604700BFCD47001001B40248844601BCB2
:10B68800604700BF996B001000080000B89D0010CB
:10B698006C9C0010749C00108C9C0010989C0010EE
:10B6A800AC9D0010009D0010089D0010ECA100103A
:10B6B800689D00107C9D0010089D0010B09D001032
:10B6C8006C9C0010DC9C0010F49C0010B49D0010D1
:10B6D800B49C0010C49C0010D89C001010000000FE
:10B6E8000000000000000100000000000000000051
:10B6F800000002000000000000000000000003003D
:10B7080000000000000000000000FF000000000032
:10B7180001B5486801318E4600477046093801492D
:10B72800884701BDF9330010B00F00200000000069
:10B7380060140020BC27002000000000000000006A
:10B74800CC270020000000000000000010000000CE
:10B75800503300004C3300005433000052330000D3
:10B768004D5300004D4300005334000043340000A3
:10B7780030A6001034A60010B825002010000C00D8
:10B7880000000000000000000000000000000000B1
:10B7980000000000FF000000101000200000000062
:10B7A80000000000FC12002064130020CC130020CD
:10B7B8000000000000000000000000000000000081
:10B7C8000000000000000000000000000000000071
:10B7D8000000000000000000000000000000000061
:10B7E8000000000000000000000000000000000051
:10B7F8000000000000000000000000000000000041
:10B808000000000000000000000000000000000030
:10B818000000000000000000000000000000000020
:10B828000000000000000000000000000000000010
:10B838000000000000000000000000000000000000
:10B8480000000000000000000100000000000000EF
:10B858000E33CDAB34126DE6ECDE05000B000000B4
:10B8680000000000000000000000000000000000D0
:10B8780000000000000000000000000000000000C0
:10B8880000000000000000000000000000000000B0
:10B8980000000000000000000000000000000000A0
:10B8A8000000000000000000000000000000000090
:10B8B8000000000000000000000000000000000080
:10B8C8000000000000000000000000000000000070
:10B8D8000000000000000000000000000000000060
:10B8E8000000000000000000000000000000000050
:10B8F8000000000000000000000000000000000040
:10B90800000000000000000000000000000000002F
:10B91800000000000000000000000000000000001F
:10B92800000000000000000000000000000000000F
:10B9380000000000000000000000000000000000FF
:10B9480000000000000000000000000000000000EF
:10B9580000000000000000000000000000000000DF
:10B9680000000000000000000000000000000000CF
:10B9780000000000000000000000000000000000BF
:10B9880000000000000000000000000000000000AF
:10B99800000000000000000000000000000000009F
:10B9A800000000000000000000000000000000008F
:10B9B800000000000000000000000000000000007F
:10B9C800000000000000000000000000000000006F
:10B9D800000000000000000000000000000000005F
:10B9E800000000000000000000000000000000004F
:10B9F800000000000000000000000000000000003F
:10BA0800000000000000000000000000000000002E
:10BA1800000000000000000000000000000000001E
:10BA2800000000000000000000000000000000000E
:10BA380000000000000000000000000000000000FE
:10BA480000000000000000000000000000000000EE
:10BA580000000000000000000000000000000000DE
:10BA680000000000000000000000000000000000CE
:10BA780000000000000000000000000000000000BE
:10BA880000000000000000000000000000000000AE
:10BA9800000000000000000000000000000000009E
:10BAA800000000000000000000000000000000008E
:10BAB800000000000000000000000000000000007E
:10BAC800000000000000000000000000000000006E
:10BAD800000000000000000000000000000000005E
:10BAE800000000000000000000000000000000004E
:10BAF800000000000000000000000000000000003E
:10BB0800000000000000000000000000000000002D
:10BB1800000000000000000000000000000000001D
:10BB2800000000000000000000000000000000000D
:10BB380000000000000000000000000000000000FD
:10BB480000000000000000000000000000000000ED
:10BB580000000000000000000000000000000000DD
:10BB680000000000000000000000000000000000CD
:10BB780000000000000000000000000000000000BD
:10BB880000000000000000000000000000000000AD
:10BB9800000000000000000000000000000000009D
:10BBA800000000000000000000000000000000008D
:10BBB800000000000000000000000000000000007D
:10BBC800000000000000000000000000000000006D
:10BBD8000000000000000000F16E0010CD5D0010B4
:0CBBE800D9640010C16C0010E5020010D0
:04000005100001E9FD
:00000001FF
