
C:/Users/papha/OneDrive/Documents/gekimax-io4/build/gekimax.elf:     file format elf32-littlearm

Sections:
Idx Name          Size      VMA       LMA       File off  Algn
  0 .boot2        00000100  10000000  10000000  00001000  2**0
                  CONTENTS, ALLOC, LOAD, READONLY, CODE
  1 .text         00009ab0  10000100  10000100  00001100  2**3
                  CONTENTS, ALLOC, LOAD, READONLY, CODE
  2 .rodata       00000c88  10009bb0  10009bb0  0000abb0  2**3
                  CONTENTS, ALLOC, LOAD, READONLY, DATA
  3 .binary_info  00000020  1000a838  1000a838  0000b838  2**2
                  CONTENTS, ALLOC, LOAD, READONLY, DATA
  4 .ram_vector_table 000000c0  20000000  20000000  0000e000  2**2
                  ALLOC
  5 .data         0000139c  200000c0  1000a858  0000c0c0  2**4
                  CONTENTS, ALLOC, LOAD, READONLY, CODE
  6 .uninitialized_data 00000000  2000145c  2000145c  0000d45c  2**0
                  CONTENTS
  7 .scratch_x    00000000  20040000  20040000  0000d45c  2**0
                  CONTENTS
  8 .scratch_y    00000000  20041000  20041000  0000d45c  2**0
                  CONTENTS
  9 .bss          000017e8  20001460  20001460  0000e000  2**3
                  ALLOC
 10 .heap         00000800  20002c48  20002c48  0000d45c  2**2
                  CONTENTS, READONLY
 11 .stack1_dummy 00000800  20040000  20040000  0000e000  2**2
                  ALLOC
 12 .stack_dummy  00000800  20041000  20041000  0000dc60  2**5
                  CONTENTS, READONLY
 13 .ARM.attributes 00000028  00000000  00000000  0000e460  2**0
                  CONTENTS, READONLY
 14 .comment      00000049  00000000  00000000  0000e488  2**0
                  CONTENTS, READONLY
 15 .debug_frame  0000020c  00000000  00000000  0000e4d4  2**2
                  CONTENTS, READONLY, DEBUGGING, OCTETS

C:/Users/papha/OneDrive/Documents/gekimax-io4/build/gekimax.elf:     file format elf32-littlearm


Disassembly of section .boot2:

10000000 <__boot2_start__>:
10000000:	4b32b500 	.word	0x4b32b500
10000004:	60582021 	.word	0x60582021
10000008:	21026898 	.word	0x21026898
1000000c:	60984388 	.word	0x60984388
10000010:	611860d8 	.word	0x611860d8
10000014:	4b2e6158 	.word	0x4b2e6158
10000018:	60992100 	.word	0x60992100
1000001c:	61592102 	.word	0x61592102
10000020:	22f02101 	.word	0x22f02101
10000024:	492b5099 	.word	0x492b5099
10000028:	21016019 	.word	0x21016019
1000002c:	20356099 	.word	0x20356099
10000030:	f844f000 	.word	0xf844f000
10000034:	42902202 	.word	0x42902202
10000038:	2106d014 	.word	0x2106d014
1000003c:	f0006619 	.word	0xf0006619
10000040:	6e19f834 	.word	0x6e19f834
10000044:	66192101 	.word	0x66192101
10000048:	66182000 	.word	0x66182000
1000004c:	f000661a 	.word	0xf000661a
10000050:	6e19f82c 	.word	0x6e19f82c
10000054:	6e196e19 	.word	0x6e196e19
10000058:	f0002005 	.word	0xf0002005
1000005c:	2101f82f 	.word	0x2101f82f
10000060:	d1f94208 	.word	0xd1f94208
10000064:	60992100 	.word	0x60992100
10000068:	6019491b 	.word	0x6019491b
1000006c:	60592100 	.word	0x60592100
10000070:	481b491a 	.word	0x481b491a
10000074:	21016001 	.word	0x21016001
10000078:	21eb6099 	.word	0x21eb6099
1000007c:	21a06619 	.word	0x21a06619
10000080:	f0006619 	.word	0xf0006619
10000084:	2100f812 	.word	0x2100f812
10000088:	49166099 	.word	0x49166099
1000008c:	60014814 	.word	0x60014814
10000090:	60992101 	.word	0x60992101
10000094:	2800bc01 	.word	0x2800bc01
10000098:	4700d000 	.word	0x4700d000
1000009c:	49134812 	.word	0x49134812
100000a0:	c8036008 	.word	0xc8036008
100000a4:	8808f380 	.word	0x8808f380
100000a8:	b5034708 	.word	0xb5034708
100000ac:	20046a99 	.word	0x20046a99
100000b0:	d0fb4201 	.word	0xd0fb4201
100000b4:	42012001 	.word	0x42012001
100000b8:	bd03d1f8 	.word	0xbd03d1f8
100000bc:	6618b502 	.word	0x6618b502
100000c0:	f7ff6618 	.word	0xf7ff6618
100000c4:	6e18fff2 	.word	0x6e18fff2
100000c8:	bd026e18 	.word	0xbd026e18
100000cc:	40020000 	.word	0x40020000
100000d0:	18000000 	.word	0x18000000
100000d4:	00070000 	.word	0x00070000
100000d8:	005f0300 	.word	0x005f0300
100000dc:	00002221 	.word	0x00002221
100000e0:	180000f4 	.word	0x180000f4
100000e4:	a0002022 	.word	0xa0002022
100000e8:	10000100 	.word	0x10000100
100000ec:	e000ed08 	.word	0xe000ed08
	...
100000fc:	7a4eb274 	.word	0x7a4eb274

Disassembly of section .text:

10000100 <__VECTOR_TABLE>:
10000100:	20042000 	.word	0x20042000
10000104:	100001f7 	.word	0x100001f7
10000108:	100001c3 	.word	0x100001c3
1000010c:	100001c5 	.word	0x100001c5
10000110:	100001c1 	.word	0x100001c1
10000114:	100001c1 	.word	0x100001c1
10000118:	100001c1 	.word	0x100001c1
1000011c:	100001c1 	.word	0x100001c1
10000120:	100001c1 	.word	0x100001c1
10000124:	100001c1 	.word	0x100001c1
10000128:	100001c1 	.word	0x100001c1
1000012c:	100001c7 	.word	0x100001c7
10000130:	100001c1 	.word	0x100001c1
10000134:	100001c1 	.word	0x100001c1
10000138:	100001c9 	.word	0x100001c9
1000013c:	100001cb 	.word	0x100001cb
10000140:	100001cd 	.word	0x100001cd
10000144:	100001cd 	.word	0x100001cd
10000148:	100001cd 	.word	0x100001cd
1000014c:	100001cd 	.word	0x100001cd
10000150:	100001cd 	.word	0x100001cd
10000154:	100001cd 	.word	0x100001cd
10000158:	100001cd 	.word	0x100001cd
1000015c:	100001cd 	.word	0x100001cd
10000160:	100001cd 	.word	0x100001cd
10000164:	100001cd 	.word	0x100001cd
10000168:	100001cd 	.word	0x100001cd
1000016c:	100001cd 	.word	0x100001cd
10000170:	100001cd 	.word	0x100001cd
10000174:	100001cd 	.word	0x100001cd
10000178:	100001cd 	.word	0x100001cd
1000017c:	100001cd 	.word	0x100001cd
10000180:	100001cd 	.word	0x100001cd
10000184:	100001cd 	.word	0x100001cd
10000188:	100001cd 	.word	0x100001cd
1000018c:	100001cd 	.word	0x100001cd
10000190:	100001cd 	.word	0x100001cd
10000194:	100001cd 	.word	0x100001cd
10000198:	100001cd 	.word	0x100001cd
1000019c:	100001cd 	.word	0x100001cd
100001a0:	100001cd 	.word	0x100001cd
100001a4:	100001cd 	.word	0x100001cd
100001a8:	100001cd 	.word	0x100001cd
100001ac:	100001cd 	.word	0x100001cd
100001b0:	100001cd 	.word	0x100001cd
100001b4:	100001cd 	.word	0x100001cd
100001b8:	100001cd 	.word	0x100001cd
100001bc:	100001cd 	.word	0x100001cd

100001c0 <isr_invalid>:
100001c0:	be00      	bkpt	0x0000

100001c2 <isr_nmi>:
100001c2:	be00      	bkpt	0x0000

100001c4 <isr_hardfault>:
100001c4:	be00      	bkpt	0x0000

100001c6 <isr_svcall>:
100001c6:	be00      	bkpt	0x0000

100001c8 <isr_pendsv>:
100001c8:	be00      	bkpt	0x0000

100001ca <isr_systick>:
100001ca:	be00      	bkpt	0x0000

100001cc <__unhandled_user_irq>:
100001cc:	f3ef 8005 	mrs	r0, IPSR
100001d0:	3810      	subs	r0, #16

100001d2 <unhandled_user_irq_num_in_r0>:
100001d2:	be00      	bkpt	0x0000

100001d4 <binary_info_header>:
100001d4:	7188ebf2 	.word	0x7188ebf2
100001d8:	1000a838 	.word	0x1000a838
100001dc:	1000a858 	.word	0x1000a858
100001e0:	10000234 	.word	0x10000234
100001e4:	e71aa390 	.word	0xe71aa390

100001e8 <_entry_point>:
100001e8:	2000      	movs	r0, #0
100001ea:	491f      	ldr	r1, [pc, #124]	; (10000268 <hold_non_core0_in_bootrom+0xa>)
100001ec:	6008      	str	r0, [r1, #0]
100001ee:	c806      	ldmia	r0!, {r1, r2}
100001f0:	f381 8808 	msr	MSP, r1
100001f4:	4710      	bx	r2

100001f6 <_reset_handler>:
100001f6:	481d      	ldr	r0, [pc, #116]	; (1000026c <hold_non_core0_in_bootrom+0xe>)
100001f8:	6800      	ldr	r0, [r0, #0]
100001fa:	2800      	cmp	r0, #0
100001fc:	d12f      	bne.n	1000025e <hold_non_core0_in_bootrom>
100001fe:	a40d      	add	r4, pc, #52	; (adr r4, 10000234 <data_cpy_table>)
10000200:	cc0e      	ldmia	r4!, {r1, r2, r3}
10000202:	2900      	cmp	r1, #0
10000204:	d002      	beq.n	1000020c <_reset_handler+0x16>
10000206:	f000 f812 	bl	1000022e <data_cpy>
1000020a:	e7f9      	b.n	10000200 <_reset_handler+0xa>
1000020c:	4918      	ldr	r1, [pc, #96]	; (10000270 <hold_non_core0_in_bootrom+0x12>)
1000020e:	4a19      	ldr	r2, [pc, #100]	; (10000274 <hold_non_core0_in_bootrom+0x16>)
10000210:	2000      	movs	r0, #0
10000212:	e000      	b.n	10000216 <bss_fill_test>

10000214 <bss_fill_loop>:
10000214:	c101      	stmia	r1!, {r0}

10000216 <bss_fill_test>:
10000216:	4291      	cmp	r1, r2
10000218:	d1fc      	bne.n	10000214 <bss_fill_loop>

1000021a <platform_entry>:
1000021a:	4917      	ldr	r1, [pc, #92]	; (10000278 <hold_non_core0_in_bootrom+0x1a>)
1000021c:	4788      	blx	r1
1000021e:	4917      	ldr	r1, [pc, #92]	; (1000027c <hold_non_core0_in_bootrom+0x1e>)
10000220:	4788      	blx	r1
10000222:	4917      	ldr	r1, [pc, #92]	; (10000280 <hold_non_core0_in_bootrom+0x22>)
10000224:	4788      	blx	r1
10000226:	be00      	bkpt	0x0000
10000228:	e7fd      	b.n	10000226 <platform_entry+0xc>

1000022a <data_cpy_loop>:
1000022a:	c901      	ldmia	r1!, {r0}
1000022c:	c201      	stmia	r2!, {r0}

1000022e <data_cpy>:
1000022e:	429a      	cmp	r2, r3
10000230:	d3fb      	bcc.n	1000022a <data_cpy_loop>
10000232:	4770      	bx	lr

10000234 <data_cpy_table>:
10000234:	1000a858 	.word	0x1000a858
10000238:	200000c0 	.word	0x200000c0
1000023c:	2000145c 	.word	0x2000145c
10000240:	1000bbf4 	.word	0x1000bbf4
10000244:	20040000 	.word	0x20040000
10000248:	20040000 	.word	0x20040000
1000024c:	1000bbf4 	.word	0x1000bbf4
10000250:	20041000 	.word	0x20041000
10000254:	20041000 	.word	0x20041000
10000258:	00000000 	.word	0x00000000
1000025c:	4770      	bx	lr

1000025e <hold_non_core0_in_bootrom>:
1000025e:	4809      	ldr	r0, [pc, #36]	; (10000284 <hold_non_core0_in_bootrom+0x26>)
10000260:	f005 fdbc 	bl	10005ddc <rom_func_lookup>
10000264:	4700      	bx	r0
10000266:	0000      	.short	0x0000
10000268:	e000ed08 	.word	0xe000ed08
1000026c:	d0000000 	.word	0xd0000000
10000270:	20001460 	.word	0x20001460
10000274:	20002c48 	.word	0x20002c48
10000278:	100046d1 	.word	0x100046d1
1000027c:	10000335 	.word	0x10000335
10000280:	100047c5 	.word	0x100047c5
10000284:	00005657 	.word	0x00005657

10000288 <__bi_50>:
10000288:	50520006 5360b3ab 1000a570              ..RP..`Sp...

10000294 <__bi_38>:
10000294:	50520006 02031c86 1000a580              ..RP........

100002a0 <__bi_30>:
100002a0:	50520006 9da22254 1000a588              ..RPT"......

100002ac <__bi_22>:
100002ac:	50520005 68f465de 1000bbf4              ..RP.e.h....

100002b8 <_init>:
100002b8:	b5f8      	push	{r3, r4, r5, r6, r7, lr}
100002ba:	46c0      	nop			; (mov r8, r8)

100002bc <__do_global_dtors_aux>:
100002bc:	b510      	push	{r4, lr}
100002be:	4c06      	ldr	r4, [pc, #24]	; (100002d8 <__do_global_dtors_aux+0x1c>)
100002c0:	7823      	ldrb	r3, [r4, #0]
100002c2:	2b00      	cmp	r3, #0
100002c4:	d107      	bne.n	100002d6 <__do_global_dtors_aux+0x1a>
100002c6:	4b05      	ldr	r3, [pc, #20]	; (100002dc <__do_global_dtors_aux+0x20>)
100002c8:	2b00      	cmp	r3, #0
100002ca:	d002      	beq.n	100002d2 <__do_global_dtors_aux+0x16>
100002cc:	4804      	ldr	r0, [pc, #16]	; (100002e0 <__do_global_dtors_aux+0x24>)
100002ce:	e000      	b.n	100002d2 <__do_global_dtors_aux+0x16>
100002d0:	bf00      	nop
100002d2:	2301      	movs	r3, #1
100002d4:	7023      	strb	r3, [r4, #0]
100002d6:	bd10      	pop	{r4, pc}
100002d8:	20001760 	.word	0x20001760
100002dc:	00000000 	.word	0x00000000
100002e0:	10009bb0 	.word	0x10009bb0

100002e4 <frame_dummy>:
100002e4:	4b04      	ldr	r3, [pc, #16]	; (100002f8 <frame_dummy+0x14>)
100002e6:	b510      	push	{r4, lr}
100002e8:	2b00      	cmp	r3, #0
100002ea:	d003      	beq.n	100002f4 <frame_dummy+0x10>
100002ec:	4903      	ldr	r1, [pc, #12]	; (100002fc <frame_dummy+0x18>)
100002ee:	4804      	ldr	r0, [pc, #16]	; (10000300 <frame_dummy+0x1c>)
100002f0:	e000      	b.n	100002f4 <frame_dummy+0x10>
100002f2:	bf00      	nop
100002f4:	bd10      	pop	{r4, pc}
100002f6:	46c0      	nop			; (mov r8, r8)
100002f8:	00000000 	.word	0x00000000
100002fc:	20001764 	.word	0x20001764
10000300:	10009bb0 	.word	0x10009bb0

10000304 <_Z11core1_entryv>:
10000304:	b510      	push	{r4, lr}
10000306:	4c0a      	ldr	r4, [pc, #40]	; (10000330 <_Z11core1_entryv+0x2c>)
10000308:	7823      	ldrb	r3, [r4, #0]
1000030a:	2b04      	cmp	r3, #4
1000030c:	d107      	bne.n	1000031e <_Z11core1_entryv+0x1a>
1000030e:	f001 fbc3 	bl	10001a98 <_Z25led_config_mode_animationv>
10000312:	2010      	movs	r0, #16
10000314:	f003 fc06 	bl	10003b24 <sleep_ms>
10000318:	7823      	ldrb	r3, [r4, #0]
1000031a:	2b04      	cmp	r3, #4
1000031c:	d0f7      	beq.n	1000030e <_Z11core1_entryv+0xa>
1000031e:	f000 f92b 	bl	10000578 <read_all_buttons>
10000322:	f000 fd17 	bl	10000d54 <_Z19led_update_reactivem>
10000326:	2008      	movs	r0, #8
10000328:	f003 fbfc 	bl	10003b24 <sleep_ms>
1000032c:	e7ec      	b.n	10000308 <_Z11core1_entryv+0x4>
1000032e:	46c0      	nop			; (mov r8, r8)
10000330:	20002c3c 	.word	0x20002c3c

10000334 <main>:
10000334:	b510      	push	{r4, lr}
10000336:	f006 ff39 	bl	100071ac <stdio_init_all>
1000033a:	f000 f899 	bl	10000470 <config_init>
1000033e:	f000 fc17 	bl	10000b70 <_Z15led_driver_initv>
10000342:	f000 fa0b 	bl	1000075c <_Z17analog_lever_initv>
10000346:	f000 f937 	bl	100005b8 <check_startup_mode>
1000034a:	2803      	cmp	r0, #3
1000034c:	d033      	beq.n	100003b6 <main+0x82>
1000034e:	4c21      	ldr	r4, [pc, #132]	; (100003d4 <main+0xa0>)
10000350:	7020      	strb	r0, [r4, #0]
10000352:	f001 fc31 	bl	10001bb8 <_Z14led_flash_modeh>
10000356:	7820      	ldrb	r0, [r4, #0]
10000358:	f001 fd0e 	bl	10001d78 <usb_descriptors_init>
1000035c:	f008 fd14 	bl	10008d88 <tusb_init>
10000360:	7823      	ldrb	r3, [r4, #0]
10000362:	2b00      	cmp	r3, #0
10000364:	d024      	beq.n	100003b0 <main+0x7c>
10000366:	2b01      	cmp	r3, #1
10000368:	d02e      	beq.n	100003c8 <main+0x94>
1000036a:	2b02      	cmp	r3, #2
1000036c:	d029      	beq.n	100003c2 <main+0x8e>
1000036e:	2b04      	cmp	r3, #4
10000370:	d02d      	beq.n	100003ce <main+0x9a>
10000372:	4819      	ldr	r0, [pc, #100]	; (100003d8 <main+0xa4>)
10000374:	f006 ff66 	bl	10007244 <multicore_launch_core1>
10000378:	2001      	movs	r0, #1
1000037a:	2100      	movs	r1, #0
1000037c:	4240      	negs	r0, r0
1000037e:	f007 fb1b 	bl	100079b8 <tud_task_ext>
10000382:	f000 fa2d 	bl	100007e0 <_Z19analog_lever_updatev>
10000386:	7823      	ldrb	r3, [r4, #0]
10000388:	2b00      	cmp	r3, #0
1000038a:	d102      	bne.n	10000392 <main+0x5e>
1000038c:	f001 fd86 	bl	10001e9c <_ZN3io411update_taskEv>
10000390:	e7f2      	b.n	10000378 <main+0x44>
10000392:	2b01      	cmp	r3, #1
10000394:	d006      	beq.n	100003a4 <main+0x70>
10000396:	2b02      	cmp	r3, #2
10000398:	d007      	beq.n	100003aa <main+0x76>
1000039a:	2b04      	cmp	r3, #4
1000039c:	d1ec      	bne.n	10000378 <main+0x44>
1000039e:	f002 f83d 	bl	1000241c <serial_config_update_task>
100003a2:	e7e9      	b.n	10000378 <main+0x44>
100003a4:	f001 fe40 	bl	10002028 <_ZN8hid_mode11update_taskEv>
100003a8:	e7e6      	b.n	10000378 <main+0x44>
100003aa:	f001 feef 	bl	1000218c <_ZN11xinput_mode11update_taskEv>
100003ae:	e7e3      	b.n	10000378 <main+0x44>
100003b0:	f001 fd68 	bl	10001e84 <_ZN3io44initEv>
100003b4:	e7dd      	b.n	10000372 <main+0x3e>
100003b6:	f000 fb19 	bl	100009ec <_Z35analog_lever_run_guided_calibrationv>
100003ba:	f000 f8a3 	bl	10000504 <config_get_ptr>
100003be:	7a00      	ldrb	r0, [r0, #8]
100003c0:	e7c5      	b.n	1000034e <main+0x1a>
100003c2:	f001 fedd 	bl	10002180 <_ZN11xinput_mode4initEv>
100003c6:	e7d4      	b.n	10000372 <main+0x3e>
100003c8:	f001 fe28 	bl	1000201c <_ZN8hid_mode4initEv>
100003cc:	e7d1      	b.n	10000372 <main+0x3e>
100003ce:	f002 f81b 	bl	10002408 <serial_config_init>
100003d2:	e7ce      	b.n	10000372 <main+0x3e>
100003d4:	20002c3c 	.word	0x20002c3c
100003d8:	10000305 	.word	0x10000305

100003dc <config_reset_defaults>:
100003dc:	b570      	push	{r4, r5, r6, lr}
100003de:	4b1c      	ldr	r3, [pc, #112]	; (10000450 <config_reset_defaults+0x74>)
100003e0:	4c1c      	ldr	r4, [pc, #112]	; (10000454 <config_reset_defaults+0x78>)
100003e2:	2500      	movs	r5, #0
100003e4:	6023      	str	r3, [r4, #0]
100003e6:	2305      	movs	r3, #5
100003e8:	0020      	movs	r0, r4
100003ea:	6063      	str	r3, [r4, #4]
100003ec:	4b1a      	ldr	r3, [pc, #104]	; (10000458 <config_reset_defaults+0x7c>)
100003ee:	2100      	movs	r1, #0
100003f0:	2202      	movs	r2, #2
100003f2:	60a3      	str	r3, [r4, #8]
100003f4:	300d      	adds	r0, #13
100003f6:	7325      	strb	r5, [r4, #12]
100003f8:	f006 fd82 	bl	10006f00 <__wrap_memset>
100003fc:	4b17      	ldr	r3, [pc, #92]	; (1000045c <config_reset_defaults+0x80>)
100003fe:	4a18      	ldr	r2, [pc, #96]	; (10000460 <config_reset_defaults+0x84>)
10000400:	6123      	str	r3, [r4, #16]
10000402:	4b18      	ldr	r3, [pc, #96]	; (10000464 <config_reset_defaults+0x88>)
10000404:	6163      	str	r3, [r4, #20]
10000406:	0023      	movs	r3, r4
10000408:	3318      	adds	r3, #24
1000040a:	ca43      	ldmia	r2!, {r0, r1, r6}
1000040c:	c343      	stmia	r3!, {r0, r1, r6}
1000040e:	ca03      	ldmia	r2!, {r0, r1}
10000410:	c303      	stmia	r3!, {r0, r1}
10000412:	0020      	movs	r0, r4
10000414:	7812      	ldrb	r2, [r2, #0]
10000416:	2100      	movs	r1, #0
10000418:	701a      	strb	r2, [r3, #0]
1000041a:	302d      	adds	r0, #45	; 0x2d
1000041c:	2203      	movs	r2, #3
1000041e:	f006 fd6f 	bl	10006f00 <__wrap_memset>
10000422:	0020      	movs	r0, r4
10000424:	223f      	movs	r2, #63	; 0x3f
10000426:	4910      	ldr	r1, [pc, #64]	; (10000468 <config_reset_defaults+0x8c>)
10000428:	3030      	adds	r0, #48	; 0x30
1000042a:	f006 fd6f 	bl	10006f0c <__wrap___aeabi_memcpy>
1000042e:	236f      	movs	r3, #111	; 0x6f
10000430:	54e5      	strb	r5, [r4, r3]
10000432:	4b0e      	ldr	r3, [pc, #56]	; (1000046c <config_reset_defaults+0x90>)
10000434:	22c8      	movs	r2, #200	; 0xc8
10000436:	6723      	str	r3, [r4, #112]	; 0x70
10000438:	2374      	movs	r3, #116	; 0x74
1000043a:	0020      	movs	r0, r4
1000043c:	54e2      	strb	r2, [r4, r3]
1000043e:	0023      	movs	r3, r4
10000440:	2200      	movs	r2, #0
10000442:	3078      	adds	r0, #120	; 0x78
10000444:	cb02      	ldmia	r3!, {r1}
10000446:	404a      	eors	r2, r1
10000448:	4298      	cmp	r0, r3
1000044a:	d1fb      	bne.n	10000444 <config_reset_defaults+0x68>
1000044c:	67a2      	str	r2, [r4, #120]	; 0x78
1000044e:	bd70      	pop	{r4, r5, r6, pc}
10000450:	47454b35 	.word	0x47454b35
10000454:	20001794 	.word	0x20001794
10000458:	00230100 	.word	0x00230100
1000045c:	0fcd0032 	.word	0x0fcd0032
10000460:	10009bb0 	.word	0x10009bb0
10000464:	00080800 	.word	0x00080800
10000468:	10009be0 	.word	0x10009be0
1000046c:	00ffffc8 	.word	0x00ffffc8

10000470 <config_init>:
10000470:	b530      	push	{r4, r5, lr}
10000472:	4c20      	ldr	r4, [pc, #128]	; (100004f4 <config_init+0x84>)
10000474:	227c      	movs	r2, #124	; 0x7c
10000476:	0020      	movs	r0, r4
10000478:	491f      	ldr	r1, [pc, #124]	; (100004f8 <config_init+0x88>)
1000047a:	b0c1      	sub	sp, #260	; 0x104
1000047c:	f006 fd46 	bl	10006f0c <__wrap___aeabi_memcpy>
10000480:	4b1e      	ldr	r3, [pc, #120]	; (100004fc <config_init+0x8c>)
10000482:	6822      	ldr	r2, [r4, #0]
10000484:	429a      	cmp	r2, r3
10000486:	d102      	bne.n	1000048e <config_init+0x1e>
10000488:	6863      	ldr	r3, [r4, #4]
1000048a:	2b05      	cmp	r3, #5
1000048c:	d026      	beq.n	100004dc <config_init+0x6c>
1000048e:	f7ff ffa5 	bl	100003dc <config_reset_defaults>
10000492:	0020      	movs	r0, r4
10000494:	0023      	movs	r3, r4
10000496:	2200      	movs	r2, #0
10000498:	3078      	adds	r0, #120	; 0x78
1000049a:	cb02      	ldmia	r3!, {r1}
1000049c:	404a      	eors	r2, r1
1000049e:	4283      	cmp	r3, r0
100004a0:	d1fb      	bne.n	1000049a <config_init+0x2a>
100004a2:	67a2      	str	r2, [r4, #120]	; 0x78
100004a4:	21ff      	movs	r1, #255	; 0xff
100004a6:	2284      	movs	r2, #132	; 0x84
100004a8:	a81f      	add	r0, sp, #124	; 0x7c
100004aa:	f006 fd29 	bl	10006f00 <__wrap_memset>
100004ae:	227c      	movs	r2, #124	; 0x7c
100004b0:	0021      	movs	r1, r4
100004b2:	4668      	mov	r0, sp
100004b4:	f006 fd2a 	bl	10006f0c <__wrap___aeabi_memcpy>
100004b8:	f3ef 8410 	mrs	r4, PRIMASK
100004bc:	b672      	cpsid	i
100004be:	2180      	movs	r1, #128	; 0x80
100004c0:	480f      	ldr	r0, [pc, #60]	; (10000500 <config_init+0x90>)
100004c2:	0149      	lsls	r1, r1, #5
100004c4:	f009 fb24 	bl	10009b10 <__flash_range_erase_veneer>
100004c8:	2280      	movs	r2, #128	; 0x80
100004ca:	4669      	mov	r1, sp
100004cc:	480c      	ldr	r0, [pc, #48]	; (10000500 <config_init+0x90>)
100004ce:	0052      	lsls	r2, r2, #1
100004d0:	f009 fb0e 	bl	10009af0 <__flash_range_program_veneer>
100004d4:	f384 8810 	msr	PRIMASK, r4
100004d8:	b041      	add	sp, #260	; 0x104
100004da:	bd30      	pop	{r4, r5, pc}
100004dc:	0020      	movs	r0, r4
100004de:	0023      	movs	r3, r4
100004e0:	2200      	movs	r2, #0
100004e2:	6fa5      	ldr	r5, [r4, #120]	; 0x78
100004e4:	3078      	adds	r0, #120	; 0x78
100004e6:	cb02      	ldmia	r3!, {r1}
100004e8:	404a      	eors	r2, r1
100004ea:	4298      	cmp	r0, r3
100004ec:	d1fb      	bne.n	100004e6 <config_init+0x76>
100004ee:	4295      	cmp	r5, r2
100004f0:	d1cd      	bne.n	1000048e <config_init+0x1e>
100004f2:	e7f1      	b.n	100004d8 <config_init+0x68>
100004f4:	20001794 	.word	0x20001794
100004f8:	101ff000 	.word	0x101ff000
100004fc:	47454b35 	.word	0x47454b35
10000500:	001ff000 	.word	0x001ff000

10000504 <config_get_ptr>:
10000504:	4800      	ldr	r0, [pc, #0]	; (10000508 <config_get_ptr+0x4>)
10000506:	4770      	bx	lr
10000508:	20001794 	.word	0x20001794

1000050c <config_save>:
1000050c:	b510      	push	{r4, lr}
1000050e:	4c13      	ldr	r4, [pc, #76]	; (1000055c <config_save+0x50>)
10000510:	2200      	movs	r2, #0
10000512:	0020      	movs	r0, r4
10000514:	0023      	movs	r3, r4
10000516:	b0c0      	sub	sp, #256	; 0x100
10000518:	3078      	adds	r0, #120	; 0x78
1000051a:	cb02      	ldmia	r3!, {r1}
1000051c:	404a      	eors	r2, r1
1000051e:	4283      	cmp	r3, r0
10000520:	d1fb      	bne.n	1000051a <config_save+0xe>
10000522:	67a2      	str	r2, [r4, #120]	; 0x78
10000524:	21ff      	movs	r1, #255	; 0xff
10000526:	2284      	movs	r2, #132	; 0x84
10000528:	a81f      	add	r0, sp, #124	; 0x7c
1000052a:	f006 fce9 	bl	10006f00 <__wrap_memset>
1000052e:	227c      	movs	r2, #124	; 0x7c
10000530:	0021      	movs	r1, r4
10000532:	4668      	mov	r0, sp
10000534:	f006 fcea 	bl	10006f0c <__wrap___aeabi_memcpy>
10000538:	f3ef 8410 	mrs	r4, PRIMASK
1000053c:	b672      	cpsid	i
1000053e:	2180      	movs	r1, #128	; 0x80
10000540:	4807      	ldr	r0, [pc, #28]	; (10000560 <config_save+0x54>)
10000542:	0149      	lsls	r1, r1, #5
10000544:	f009 fae4 	bl	10009b10 <__flash_range_erase_veneer>
10000548:	2280      	movs	r2, #128	; 0x80
1000054a:	4669      	mov	r1, sp
1000054c:	4804      	ldr	r0, [pc, #16]	; (10000560 <config_save+0x54>)
1000054e:	0052      	lsls	r2, r2, #1
10000550:	f009 face 	bl	10009af0 <__flash_range_program_veneer>
10000554:	f384 8810 	msr	PRIMASK, r4
10000558:	b040      	add	sp, #256	; 0x100
1000055a:	bd10      	pop	{r4, pc}
1000055c:	20001794 	.word	0x20001794
10000560:	001ff000 	.word	0x001ff000

10000564 <is_button_pressed>:
10000564:	23d0      	movs	r3, #208	; 0xd0
10000566:	061b      	lsls	r3, r3, #24
10000568:	685b      	ldr	r3, [r3, #4]
1000056a:	40c3      	lsrs	r3, r0
1000056c:	2001      	movs	r0, #1
1000056e:	4018      	ands	r0, r3
10000570:	2301      	movs	r3, #1
10000572:	4058      	eors	r0, r3
10000574:	4770      	bx	lr
10000576:	46c0      	nop			; (mov r8, r8)

10000578 <read_all_buttons>:
10000578:	b570      	push	{r4, r5, r6, lr}
1000057a:	b086      	sub	sp, #24
1000057c:	4669      	mov	r1, sp
1000057e:	000a      	movs	r2, r1
10000580:	4b0c      	ldr	r3, [pc, #48]	; (100005b4 <read_all_buttons+0x3c>)
10000582:	26d0      	movs	r6, #208	; 0xd0
10000584:	cb31      	ldmia	r3!, {r0, r4, r5}
10000586:	c231      	stmia	r2!, {r0, r4, r5}
10000588:	cb11      	ldmia	r3!, {r0, r4}
1000058a:	c211      	stmia	r2!, {r0, r4}
1000058c:	781b      	ldrb	r3, [r3, #0]
1000058e:	2000      	movs	r0, #0
10000590:	7013      	strb	r3, [r2, #0]
10000592:	2501      	movs	r5, #1
10000594:	2200      	movs	r2, #0
10000596:	0636      	lsls	r6, r6, #24
10000598:	6873      	ldr	r3, [r6, #4]
1000059a:	780c      	ldrb	r4, [r1, #0]
1000059c:	40e3      	lsrs	r3, r4
1000059e:	421d      	tst	r5, r3
100005a0:	d102      	bne.n	100005a8 <read_all_buttons+0x30>
100005a2:	002b      	movs	r3, r5
100005a4:	4093      	lsls	r3, r2
100005a6:	4318      	orrs	r0, r3
100005a8:	3201      	adds	r2, #1
100005aa:	3101      	adds	r1, #1
100005ac:	2a15      	cmp	r2, #21
100005ae:	d1f3      	bne.n	10000598 <read_all_buttons+0x20>
100005b0:	b006      	add	sp, #24
100005b2:	bd70      	pop	{r4, r5, r6, pc}
100005b4:	10009bc8 	.word	0x10009bc8

100005b8 <check_startup_mode>:
100005b8:	b5f0      	push	{r4, r5, r6, r7, lr}
100005ba:	4647      	mov	r7, r8
100005bc:	46ce      	mov	lr, r9
100005be:	b580      	push	{r7, lr}
100005c0:	b0c1      	sub	sp, #260	; 0x104
100005c2:	46e9      	mov	r9, sp
100005c4:	464a      	mov	r2, r9
100005c6:	4b61      	ldr	r3, [pc, #388]	; (1000074c <check_startup_mode+0x194>)
100005c8:	26d0      	movs	r6, #208	; 0xd0
100005ca:	cb13      	ldmia	r3!, {r0, r1, r4}
100005cc:	c213      	stmia	r2!, {r0, r1, r4}
100005ce:	cb03      	ldmia	r3!, {r0, r1}
100005d0:	c203      	stmia	r2!, {r0, r1}
100005d2:	781b      	ldrb	r3, [r3, #0]
100005d4:	464c      	mov	r4, r9
100005d6:	7013      	strb	r3, [r2, #0]
100005d8:	2315      	movs	r3, #21
100005da:	446b      	add	r3, sp
100005dc:	4698      	mov	r8, r3
100005de:	2701      	movs	r7, #1
100005e0:	0636      	lsls	r6, r6, #24
100005e2:	7825      	ldrb	r5, [r4, #0]
100005e4:	3401      	adds	r4, #1
100005e6:	0028      	movs	r0, r5
100005e8:	f002 fc14 	bl	10002e14 <gpio_init>
100005ec:	003b      	movs	r3, r7
100005ee:	40ab      	lsls	r3, r5
100005f0:	2200      	movs	r2, #0
100005f2:	2101      	movs	r1, #1
100005f4:	0028      	movs	r0, r5
100005f6:	62b3      	str	r3, [r6, #40]	; 0x28
100005f8:	f002 fbe0 	bl	10002dbc <gpio_set_pulls>
100005fc:	4544      	cmp	r4, r8
100005fe:	d1f0      	bne.n	100005e2 <check_startup_mode+0x2a>
10000600:	2014      	movs	r0, #20
10000602:	f003 fa8f 	bl	10003b24 <sleep_ms>
10000606:	6872      	ldr	r2, [r6, #4]
10000608:	2301      	movs	r3, #1
1000060a:	05d2      	lsls	r2, r2, #23
1000060c:	d400      	bmi.n	10000610 <check_startup_mode+0x58>
1000060e:	e096      	b.n	1000073e <check_startup_mode+0x186>
10000610:	6872      	ldr	r2, [r6, #4]
10000612:	0852      	lsrs	r2, r2, #1
10000614:	4213      	tst	r3, r2
10000616:	d018      	beq.n	1000064a <check_startup_mode+0x92>
10000618:	6872      	ldr	r2, [r6, #4]
1000061a:	0d12      	lsrs	r2, r2, #20
1000061c:	4213      	tst	r3, r2
1000061e:	d03d      	beq.n	1000069c <check_startup_mode+0xe4>
10000620:	0019      	movs	r1, r3
10000622:	6872      	ldr	r2, [r6, #4]
10000624:	0952      	lsrs	r2, r2, #5
10000626:	4011      	ands	r1, r2
10000628:	4213      	tst	r3, r2
1000062a:	d010      	beq.n	1000064e <check_startup_mode+0x96>
1000062c:	6872      	ldr	r2, [r6, #4]
1000062e:	0992      	lsrs	r2, r2, #6
10000630:	4213      	tst	r3, r2
10000632:	d035      	beq.n	100006a0 <check_startup_mode+0xe8>
10000634:	6872      	ldr	r2, [r6, #4]
10000636:	09d2      	lsrs	r2, r2, #7
10000638:	4213      	tst	r3, r2
1000063a:	d058      	beq.n	100006ee <check_startup_mode+0x136>
1000063c:	4b44      	ldr	r3, [pc, #272]	; (10000750 <check_startup_mode+0x198>)
1000063e:	7a18      	ldrb	r0, [r3, #8]
10000640:	b041      	add	sp, #260	; 0x104
10000642:	bcc0      	pop	{r6, r7}
10000644:	46b9      	mov	r9, r7
10000646:	46b0      	mov	r8, r6
10000648:	bdf0      	pop	{r4, r5, r6, r7, pc}
1000064a:	2004      	movs	r0, #4
1000064c:	e7f8      	b.n	10000640 <check_startup_mode+0x88>
1000064e:	4c40      	ldr	r4, [pc, #256]	; (10000750 <check_startup_mode+0x198>)
10000650:	2200      	movs	r2, #0
10000652:	0020      	movs	r0, r4
10000654:	0023      	movs	r3, r4
10000656:	7221      	strb	r1, [r4, #8]
10000658:	3078      	adds	r0, #120	; 0x78
1000065a:	cb02      	ldmia	r3!, {r1}
1000065c:	404a      	eors	r2, r1
1000065e:	4283      	cmp	r3, r0
10000660:	d1fb      	bne.n	1000065a <check_startup_mode+0xa2>
10000662:	67a2      	str	r2, [r4, #120]	; 0x78
10000664:	21ff      	movs	r1, #255	; 0xff
10000666:	2284      	movs	r2, #132	; 0x84
10000668:	a81f      	add	r0, sp, #124	; 0x7c
1000066a:	f006 fc49 	bl	10006f00 <__wrap_memset>
1000066e:	227c      	movs	r2, #124	; 0x7c
10000670:	0021      	movs	r1, r4
10000672:	4648      	mov	r0, r9
10000674:	f006 fc4a 	bl	10006f0c <__wrap___aeabi_memcpy>
10000678:	f3ef 8410 	mrs	r4, PRIMASK
1000067c:	b672      	cpsid	i
1000067e:	2180      	movs	r1, #128	; 0x80
10000680:	4834      	ldr	r0, [pc, #208]	; (10000754 <check_startup_mode+0x19c>)
10000682:	0149      	lsls	r1, r1, #5
10000684:	f009 fa44 	bl	10009b10 <__flash_range_erase_veneer>
10000688:	2280      	movs	r2, #128	; 0x80
1000068a:	4649      	mov	r1, r9
1000068c:	4831      	ldr	r0, [pc, #196]	; (10000754 <check_startup_mode+0x19c>)
1000068e:	0052      	lsls	r2, r2, #1
10000690:	f009 fa2e 	bl	10009af0 <__flash_range_program_veneer>
10000694:	f384 8810 	msr	PRIMASK, r4
10000698:	2000      	movs	r0, #0
1000069a:	e7d1      	b.n	10000640 <check_startup_mode+0x88>
1000069c:	2003      	movs	r0, #3
1000069e:	e7cf      	b.n	10000640 <check_startup_mode+0x88>
100006a0:	4c2b      	ldr	r4, [pc, #172]	; (10000750 <check_startup_mode+0x198>)
100006a2:	2200      	movs	r2, #0
100006a4:	0020      	movs	r0, r4
100006a6:	0023      	movs	r3, r4
100006a8:	7227      	strb	r7, [r4, #8]
100006aa:	3078      	adds	r0, #120	; 0x78
100006ac:	cb02      	ldmia	r3!, {r1}
100006ae:	404a      	eors	r2, r1
100006b0:	4283      	cmp	r3, r0
100006b2:	d1fb      	bne.n	100006ac <check_startup_mode+0xf4>
100006b4:	67a2      	str	r2, [r4, #120]	; 0x78
100006b6:	21ff      	movs	r1, #255	; 0xff
100006b8:	2284      	movs	r2, #132	; 0x84
100006ba:	a81f      	add	r0, sp, #124	; 0x7c
100006bc:	f006 fc20 	bl	10006f00 <__wrap_memset>
100006c0:	227c      	movs	r2, #124	; 0x7c
100006c2:	0021      	movs	r1, r4
100006c4:	4648      	mov	r0, r9
100006c6:	f006 fc21 	bl	10006f0c <__wrap___aeabi_memcpy>
100006ca:	f3ef 8410 	mrs	r4, PRIMASK
100006ce:	b672      	cpsid	i
100006d0:	2180      	movs	r1, #128	; 0x80
100006d2:	4820      	ldr	r0, [pc, #128]	; (10000754 <check_startup_mode+0x19c>)
100006d4:	0149      	lsls	r1, r1, #5
100006d6:	f009 fa1b 	bl	10009b10 <__flash_range_erase_veneer>
100006da:	2280      	movs	r2, #128	; 0x80
100006dc:	4649      	mov	r1, r9
100006de:	481d      	ldr	r0, [pc, #116]	; (10000754 <check_startup_mode+0x19c>)
100006e0:	0052      	lsls	r2, r2, #1
100006e2:	f009 fa05 	bl	10009af0 <__flash_range_program_veneer>
100006e6:	f384 8810 	msr	PRIMASK, r4
100006ea:	2001      	movs	r0, #1
100006ec:	e7a8      	b.n	10000640 <check_startup_mode+0x88>
100006ee:	2302      	movs	r3, #2
100006f0:	4c17      	ldr	r4, [pc, #92]	; (10000750 <check_startup_mode+0x198>)
100006f2:	2200      	movs	r2, #0
100006f4:	0020      	movs	r0, r4
100006f6:	7223      	strb	r3, [r4, #8]
100006f8:	0023      	movs	r3, r4
100006fa:	3078      	adds	r0, #120	; 0x78
100006fc:	cb02      	ldmia	r3!, {r1}
100006fe:	404a      	eors	r2, r1
10000700:	4298      	cmp	r0, r3
10000702:	d1fb      	bne.n	100006fc <check_startup_mode+0x144>
10000704:	67a2      	str	r2, [r4, #120]	; 0x78
10000706:	21ff      	movs	r1, #255	; 0xff
10000708:	2284      	movs	r2, #132	; 0x84
1000070a:	a81f      	add	r0, sp, #124	; 0x7c
1000070c:	f006 fbf8 	bl	10006f00 <__wrap_memset>
10000710:	227c      	movs	r2, #124	; 0x7c
10000712:	0021      	movs	r1, r4
10000714:	4648      	mov	r0, r9
10000716:	f006 fbf9 	bl	10006f0c <__wrap___aeabi_memcpy>
1000071a:	f3ef 8410 	mrs	r4, PRIMASK
1000071e:	b672      	cpsid	i
10000720:	2180      	movs	r1, #128	; 0x80
10000722:	480c      	ldr	r0, [pc, #48]	; (10000754 <check_startup_mode+0x19c>)
10000724:	0149      	lsls	r1, r1, #5
10000726:	f009 f9f3 	bl	10009b10 <__flash_range_erase_veneer>
1000072a:	2280      	movs	r2, #128	; 0x80
1000072c:	4649      	mov	r1, r9
1000072e:	4809      	ldr	r0, [pc, #36]	; (10000754 <check_startup_mode+0x19c>)
10000730:	0052      	lsls	r2, r2, #1
10000732:	f009 f9dd 	bl	10009af0 <__flash_range_program_veneer>
10000736:	f384 8810 	msr	PRIMASK, r4
1000073a:	2002      	movs	r0, #2
1000073c:	e780      	b.n	10000640 <check_startup_mode+0x88>
1000073e:	4806      	ldr	r0, [pc, #24]	; (10000758 <check_startup_mode+0x1a0>)
10000740:	f005 fb4c 	bl	10005ddc <rom_func_lookup>
10000744:	2100      	movs	r1, #0
10000746:	0003      	movs	r3, r0
10000748:	0008      	movs	r0, r1
1000074a:	4798      	blx	r3
1000074c:	10009bc8 	.word	0x10009bc8
10000750:	20001794 	.word	0x20001794
10000754:	001ff000 	.word	0x001ff000
10000758:	00004255 	.word	0x00004255

1000075c <_Z17analog_lever_initv>:
1000075c:	b5f8      	push	{r3, r4, r5, r6, r7, lr}
1000075e:	46ce      	mov	lr, r9
10000760:	4647      	mov	r7, r8
10000762:	b580      	push	{r7, lr}
10000764:	f006 fd94 	bl	10007290 <adc_init>
10000768:	211f      	movs	r1, #31
1000076a:	201a      	movs	r0, #26
1000076c:	f002 fb0e 	bl	10002d8c <gpio_set_function>
10000770:	2200      	movs	r2, #0
10000772:	2100      	movs	r1, #0
10000774:	201a      	movs	r0, #26
10000776:	f002 fb21 	bl	10002dbc <gpio_set_pulls>
1000077a:	2100      	movs	r1, #0
1000077c:	201a      	movs	r0, #26
1000077e:	f002 fb35 	bl	10002dec <gpio_set_input_enabled>
10000782:	22e0      	movs	r2, #224	; 0xe0
10000784:	4c12      	ldr	r4, [pc, #72]	; (100007d0 <_Z17analog_lever_initv+0x74>)
10000786:	01d2      	lsls	r2, r2, #7
10000788:	6823      	ldr	r3, [r4, #0]
1000078a:	2580      	movs	r5, #128	; 0x80
1000078c:	4013      	ands	r3, r2
1000078e:	4a11      	ldr	r2, [pc, #68]	; (100007d4 <_Z17analog_lever_initv+0x78>)
10000790:	2610      	movs	r6, #16
10000792:	6013      	str	r3, [r2, #0]
10000794:	4b10      	ldr	r3, [pc, #64]	; (100007d8 <_Z17analog_lever_initv+0x7c>)
10000796:	2700      	movs	r7, #0
10000798:	4699      	mov	r9, r3
1000079a:	2304      	movs	r3, #4
1000079c:	4698      	mov	r8, r3
1000079e:	006d      	lsls	r5, r5, #1
100007a0:	464b      	mov	r3, r9
100007a2:	4642      	mov	r2, r8
100007a4:	601a      	str	r2, [r3, #0]
100007a6:	6823      	ldr	r3, [r4, #0]
100007a8:	422b      	tst	r3, r5
100007aa:	d0fc      	beq.n	100007a6 <_Z17analog_lever_initv+0x4a>
100007ac:	6863      	ldr	r3, [r4, #4]
100007ae:	2032      	movs	r0, #50	; 0x32
100007b0:	041b      	lsls	r3, r3, #16
100007b2:	0c1b      	lsrs	r3, r3, #16
100007b4:	2100      	movs	r1, #0
100007b6:	3e01      	subs	r6, #1
100007b8:	18ff      	adds	r7, r7, r3
100007ba:	f003 f9a1 	bl	10003b00 <sleep_us>
100007be:	2e00      	cmp	r6, #0
100007c0:	d1ee      	bne.n	100007a0 <_Z17analog_lever_initv+0x44>
100007c2:	4b06      	ldr	r3, [pc, #24]	; (100007dc <_Z17analog_lever_initv+0x80>)
100007c4:	093f      	lsrs	r7, r7, #4
100007c6:	801f      	strh	r7, [r3, #0]
100007c8:	bcc0      	pop	{r6, r7}
100007ca:	46b9      	mov	r9, r7
100007cc:	46b0      	mov	r8, r6
100007ce:	bdf8      	pop	{r3, r4, r5, r6, r7, pc}
100007d0:	4004c000 	.word	0x4004c000
100007d4:	4004d000 	.word	0x4004d000
100007d8:	4004e000 	.word	0x4004e000
100007dc:	20000ef8 	.word	0x20000ef8

100007e0 <_Z19analog_lever_updatev>:
100007e0:	2204      	movs	r2, #4
100007e2:	2180      	movs	r1, #128	; 0x80
100007e4:	4b08      	ldr	r3, [pc, #32]	; (10000808 <_Z19analog_lever_updatev+0x28>)
100007e6:	0049      	lsls	r1, r1, #1
100007e8:	601a      	str	r2, [r3, #0]
100007ea:	4a08      	ldr	r2, [pc, #32]	; (1000080c <_Z19analog_lever_updatev+0x2c>)
100007ec:	6813      	ldr	r3, [r2, #0]
100007ee:	420b      	tst	r3, r1
100007f0:	d0fc      	beq.n	100007ec <_Z19analog_lever_updatev+0xc>
100007f2:	4907      	ldr	r1, [pc, #28]	; (10000810 <_Z19analog_lever_updatev+0x30>)
100007f4:	6852      	ldr	r2, [r2, #4]
100007f6:	8808      	ldrh	r0, [r1, #0]
100007f8:	0412      	lsls	r2, r2, #16
100007fa:	0043      	lsls	r3, r0, #1
100007fc:	181b      	adds	r3, r3, r0
100007fe:	0c12      	lsrs	r2, r2, #16
10000800:	189b      	adds	r3, r3, r2
10000802:	109b      	asrs	r3, r3, #2
10000804:	800b      	strh	r3, [r1, #0]
10000806:	4770      	bx	lr
10000808:	4004e000 	.word	0x4004e000
1000080c:	4004c000 	.word	0x4004c000
10000810:	20000ef8 	.word	0x20000ef8

10000814 <_Z20analog_lever_get_rawv>:
10000814:	4b01      	ldr	r3, [pc, #4]	; (1000081c <_Z20analog_lever_get_rawv+0x8>)
10000816:	8818      	ldrh	r0, [r3, #0]
10000818:	4770      	bx	lr
1000081a:	46c0      	nop			; (mov r8, r8)
1000081c:	20000ef8 	.word	0x20000ef8

10000820 <_Z27analog_lever_get_normalizedv>:
10000820:	b5f8      	push	{r3, r4, r5, r6, r7, lr}
10000822:	f7ff fe6f 	bl	10000504 <config_get_ptr>
10000826:	8a04      	ldrh	r4, [r0, #16]
10000828:	8a45      	ldrh	r5, [r0, #18]
1000082a:	0023      	movs	r3, r4
1000082c:	3332      	adds	r3, #50	; 0x32
1000082e:	0027      	movs	r7, r4
10000830:	429d      	cmp	r5, r3
10000832:	dd16      	ble.n	10000862 <_Z27analog_lever_get_normalizedv+0x42>
10000834:	1b28      	subs	r0, r5, r4
10000836:	f006 f9c7 	bl	10006bc8 <__wrap___aeabi_i2f>
1000083a:	1c06      	adds	r6, r0, #0
1000083c:	4b0b      	ldr	r3, [pc, #44]	; (1000086c <_Z27analog_lever_get_normalizedv+0x4c>)
1000083e:	1c22      	adds	r2, r4, #0
10000840:	881b      	ldrh	r3, [r3, #0]
10000842:	429c      	cmp	r4, r3
10000844:	d200      	bcs.n	10000848 <_Z27analog_lever_get_normalizedv+0x28>
10000846:	1c1a      	adds	r2, r3, #0
10000848:	b291      	uxth	r1, r2
1000084a:	1c2b      	adds	r3, r5, #0
1000084c:	428d      	cmp	r5, r1
1000084e:	d900      	bls.n	10000852 <_Z27analog_lever_get_normalizedv+0x32>
10000850:	1c13      	adds	r3, r2, #0
10000852:	b29b      	uxth	r3, r3
10000854:	1bd8      	subs	r0, r3, r7
10000856:	f006 f9b7 	bl	10006bc8 <__wrap___aeabi_i2f>
1000085a:	1c31      	adds	r1, r6, #0
1000085c:	f006 f959 	bl	10006b12 <__wrap___aeabi_fdiv>
10000860:	bdf8      	pop	{r3, r4, r5, r6, r7, pc}
10000862:	2732      	movs	r7, #50	; 0x32
10000864:	2432      	movs	r4, #50	; 0x32
10000866:	4e02      	ldr	r6, [pc, #8]	; (10000870 <_Z27analog_lever_get_normalizedv+0x50>)
10000868:	4d02      	ldr	r5, [pc, #8]	; (10000874 <_Z27analog_lever_get_normalizedv+0x54>)
1000086a:	e7e7      	b.n	1000083c <_Z27analog_lever_get_normalizedv+0x1c>
1000086c:	20000ef8 	.word	0x20000ef8
10000870:	4579b000 	.word	0x4579b000
10000874:	00000fcd 	.word	0x00000fcd

10000878 <_Z20analog_lever_get_io4v>:
10000878:	b5f8      	push	{r3, r4, r5, r6, r7, lr}
1000087a:	f7ff fe43 	bl	10000504 <config_get_ptr>
1000087e:	8a04      	ldrh	r4, [r0, #16]
10000880:	8a45      	ldrh	r5, [r0, #18]
10000882:	0023      	movs	r3, r4
10000884:	3332      	adds	r3, #50	; 0x32
10000886:	0027      	movs	r7, r4
10000888:	429d      	cmp	r5, r3
1000088a:	dd1b      	ble.n	100008c4 <_Z20analog_lever_get_io4v+0x4c>
1000088c:	1b28      	subs	r0, r5, r4
1000088e:	f006 f99b 	bl	10006bc8 <__wrap___aeabi_i2f>
10000892:	1c06      	adds	r6, r0, #0
10000894:	4b0e      	ldr	r3, [pc, #56]	; (100008d0 <_Z20analog_lever_get_io4v+0x58>)
10000896:	881a      	ldrh	r2, [r3, #0]
10000898:	1c13      	adds	r3, r2, #0
1000089a:	42a2      	cmp	r2, r4
1000089c:	d200      	bcs.n	100008a0 <_Z20analog_lever_get_io4v+0x28>
1000089e:	1c23      	adds	r3, r4, #0
100008a0:	b29a      	uxth	r2, r3
100008a2:	42aa      	cmp	r2, r5
100008a4:	d900      	bls.n	100008a8 <_Z20analog_lever_get_io4v+0x30>
100008a6:	1c2b      	adds	r3, r5, #0
100008a8:	b29b      	uxth	r3, r3
100008aa:	1bd8      	subs	r0, r3, r7
100008ac:	f006 f98c 	bl	10006bc8 <__wrap___aeabi_i2f>
100008b0:	1c31      	adds	r1, r6, #0
100008b2:	f006 f92e 	bl	10006b12 <__wrap___aeabi_fdiv>
100008b6:	4907      	ldr	r1, [pc, #28]	; (100008d4 <_Z20analog_lever_get_io4v+0x5c>)
100008b8:	f006 f93f 	bl	10006b3a <__wrap___aeabi_fmul>
100008bc:	f006 f9d8 	bl	10006c70 <__wrap___aeabi_f2uiz>
100008c0:	b200      	sxth	r0, r0
100008c2:	bdf8      	pop	{r3, r4, r5, r6, r7, pc}
100008c4:	2732      	movs	r7, #50	; 0x32
100008c6:	2432      	movs	r4, #50	; 0x32
100008c8:	4e03      	ldr	r6, [pc, #12]	; (100008d8 <_Z20analog_lever_get_io4v+0x60>)
100008ca:	4d04      	ldr	r5, [pc, #16]	; (100008dc <_Z20analog_lever_get_io4v+0x64>)
100008cc:	e7e2      	b.n	10000894 <_Z20analog_lever_get_io4v+0x1c>
100008ce:	46c0      	nop			; (mov r8, r8)
100008d0:	20000ef8 	.word	0x20000ef8
100008d4:	477fff00 	.word	0x477fff00
100008d8:	4579b000 	.word	0x4579b000
100008dc:	00000fcd 	.word	0x00000fcd

100008e0 <_Z23analog_lever_get_xinputv>:
100008e0:	b5f0      	push	{r4, r5, r6, r7, lr}
100008e2:	46c6      	mov	lr, r8
100008e4:	b500      	push	{lr}
100008e6:	f7ff fe0d 	bl	10000504 <config_get_ptr>
100008ea:	0004      	movs	r4, r0
100008ec:	f7ff fe0a 	bl	10000504 <config_get_ptr>
100008f0:	8a05      	ldrh	r5, [r0, #16]
100008f2:	8a46      	ldrh	r6, [r0, #18]
100008f4:	002b      	movs	r3, r5
100008f6:	3332      	adds	r3, #50	; 0x32
100008f8:	46a8      	mov	r8, r5
100008fa:	429e      	cmp	r6, r3
100008fc:	dd50      	ble.n	100009a0 <_Z23analog_lever_get_xinputv+0xc0>
100008fe:	1b70      	subs	r0, r6, r5
10000900:	f006 f962 	bl	10006bc8 <__wrap___aeabi_i2f>
10000904:	1c07      	adds	r7, r0, #0
10000906:	4b2f      	ldr	r3, [pc, #188]	; (100009c4 <_Z23analog_lever_get_xinputv+0xe4>)
10000908:	881a      	ldrh	r2, [r3, #0]
1000090a:	1c13      	adds	r3, r2, #0
1000090c:	42aa      	cmp	r2, r5
1000090e:	d200      	bcs.n	10000912 <_Z23analog_lever_get_xinputv+0x32>
10000910:	1c2b      	adds	r3, r5, #0
10000912:	b29a      	uxth	r2, r3
10000914:	42b2      	cmp	r2, r6
10000916:	d900      	bls.n	1000091a <_Z23analog_lever_get_xinputv+0x3a>
10000918:	1c33      	adds	r3, r6, #0
1000091a:	4642      	mov	r2, r8
1000091c:	b29b      	uxth	r3, r3
1000091e:	1a98      	subs	r0, r3, r2
10000920:	f006 f952 	bl	10006bc8 <__wrap___aeabi_i2f>
10000924:	1c39      	adds	r1, r7, #0
10000926:	f006 f8f4 	bl	10006b12 <__wrap___aeabi_fdiv>
1000092a:	7a63      	ldrb	r3, [r4, #9]
1000092c:	2b00      	cmp	r3, #0
1000092e:	d004      	beq.n	1000093a <_Z23analog_lever_get_xinputv+0x5a>
10000930:	1c01      	adds	r1, r0, #0
10000932:	20fe      	movs	r0, #254	; 0xfe
10000934:	0580      	lsls	r0, r0, #22
10000936:	f006 f8e6 	bl	10006b06 <__wrap___aeabi_fsub>
1000093a:	4923      	ldr	r1, [pc, #140]	; (100009c8 <_Z23analog_lever_get_xinputv+0xe8>)
1000093c:	f006 f8fd 	bl	10006b3a <__wrap___aeabi_fmul>
10000940:	4922      	ldr	r1, [pc, #136]	; (100009cc <_Z23analog_lever_get_xinputv+0xec>)
10000942:	f006 f8e0 	bl	10006b06 <__wrap___aeabi_fsub>
10000946:	1c05      	adds	r5, r0, #0
10000948:	7aa0      	ldrb	r0, [r4, #10]
1000094a:	f006 f938 	bl	10006bbe <__wrap___aeabi_ui2f>
1000094e:	4920      	ldr	r1, [pc, #128]	; (100009d0 <_Z23analog_lever_get_xinputv+0xf0>)
10000950:	f006 f8df 	bl	10006b12 <__wrap___aeabi_fdiv>
10000954:	491f      	ldr	r1, [pc, #124]	; (100009d4 <_Z23analog_lever_get_xinputv+0xf4>)
10000956:	1c04      	adds	r4, r0, #0
10000958:	f006 f924 	bl	10006ba4 <__wrap___aeabi_fcmple>
1000095c:	2800      	cmp	r0, #0
1000095e:	d106      	bne.n	1000096e <_Z23analog_lever_get_xinputv+0x8e>
10000960:	21fe      	movs	r1, #254	; 0xfe
10000962:	1c20      	adds	r0, r4, #0
10000964:	0589      	lsls	r1, r1, #22
10000966:	f006 f925 	bl	10006bb4 <__wrap___aeabi_fcmpgt>
1000096a:	2800      	cmp	r0, #0
1000096c:	d01e      	beq.n	100009ac <_Z23analog_lever_get_xinputv+0xcc>
1000096e:	2600      	movs	r6, #0
10000970:	4c19      	ldr	r4, [pc, #100]	; (100009d8 <_Z23analog_lever_get_xinputv+0xf8>)
10000972:	1c30      	adds	r0, r6, #0
10000974:	6821      	ldr	r1, [r4, #0]
10000976:	f006 f8e0 	bl	10006b3a <__wrap___aeabi_fmul>
1000097a:	1c29      	adds	r1, r5, #0
1000097c:	f006 f8c6 	bl	10006b0c <__wrap___aeabi_fadd>
10000980:	6020      	str	r0, [r4, #0]
10000982:	f006 f943 	bl	10006c0c <__wrap___aeabi_f2iz>
10000986:	2380      	movs	r3, #128	; 0x80
10000988:	021b      	lsls	r3, r3, #8
1000098a:	4298      	cmp	r0, r3
1000098c:	db00      	blt.n	10000990 <_Z23analog_lever_get_xinputv+0xb0>
1000098e:	4813      	ldr	r0, [pc, #76]	; (100009dc <_Z23analog_lever_get_xinputv+0xfc>)
10000990:	4b13      	ldr	r3, [pc, #76]	; (100009e0 <_Z23analog_lever_get_xinputv+0x100>)
10000992:	4298      	cmp	r0, r3
10000994:	da00      	bge.n	10000998 <_Z23analog_lever_get_xinputv+0xb8>
10000996:	0018      	movs	r0, r3
10000998:	b200      	sxth	r0, r0
1000099a:	bc80      	pop	{r7}
1000099c:	46b8      	mov	r8, r7
1000099e:	bdf0      	pop	{r4, r5, r6, r7, pc}
100009a0:	2332      	movs	r3, #50	; 0x32
100009a2:	2532      	movs	r5, #50	; 0x32
100009a4:	4698      	mov	r8, r3
100009a6:	4f0f      	ldr	r7, [pc, #60]	; (100009e4 <_Z23analog_lever_get_xinputv+0x104>)
100009a8:	4e0f      	ldr	r6, [pc, #60]	; (100009e8 <_Z23analog_lever_get_xinputv+0x108>)
100009aa:	e7ac      	b.n	10000906 <_Z23analog_lever_get_xinputv+0x26>
100009ac:	20fe      	movs	r0, #254	; 0xfe
100009ae:	1c21      	adds	r1, r4, #0
100009b0:	0580      	lsls	r0, r0, #22
100009b2:	f006 f8a8 	bl	10006b06 <__wrap___aeabi_fsub>
100009b6:	1c21      	adds	r1, r4, #0
100009b8:	1c06      	adds	r6, r0, #0
100009ba:	1c28      	adds	r0, r5, #0
100009bc:	f006 f8bd 	bl	10006b3a <__wrap___aeabi_fmul>
100009c0:	1c05      	adds	r5, r0, #0
100009c2:	e7d5      	b.n	10000970 <_Z23analog_lever_get_xinputv+0x90>
100009c4:	20000ef8 	.word	0x20000ef8
100009c8:	477ffe00 	.word	0x477ffe00
100009cc:	46fffe00 	.word	0x46fffe00
100009d0:	42c80000 	.word	0x42c80000
100009d4:	3c23d70a 	.word	0x3c23d70a
100009d8:	20001790 	.word	0x20001790
100009dc:	00007fff 	.word	0x00007fff
100009e0:	ffff8000 	.word	0xffff8000
100009e4:	4579b000 	.word	0x4579b000
100009e8:	00000fcd 	.word	0x00000fcd

100009ec <_Z35analog_lever_run_guided_calibrationv>:
100009ec:	b5f0      	push	{r4, r5, r6, r7, lr}
100009ee:	4657      	mov	r7, sl
100009f0:	464e      	mov	r6, r9
100009f2:	46de      	mov	lr, fp
100009f4:	4645      	mov	r5, r8
100009f6:	2300      	movs	r3, #0
100009f8:	b5e0      	push	{r5, r6, r7, lr}
100009fa:	2780      	movs	r7, #128	; 0x80
100009fc:	b083      	sub	sp, #12
100009fe:	4699      	mov	r9, r3
10000a00:	469b      	mov	fp, r3
10000a02:	9300      	str	r3, [sp, #0]
10000a04:	4b55      	ldr	r3, [pc, #340]	; (10000b5c <_Z35analog_lever_run_guided_calibrationv+0x170>)
10000a06:	013f      	lsls	r7, r7, #4
10000a08:	2600      	movs	r6, #0
10000a0a:	46ba      	mov	sl, r7
10000a0c:	4698      	mov	r8, r3
10000a0e:	9701      	str	r7, [sp, #4]
10000a10:	2204      	movs	r2, #4
10000a12:	2180      	movs	r1, #128	; 0x80
10000a14:	4b52      	ldr	r3, [pc, #328]	; (10000b60 <_Z35analog_lever_run_guided_calibrationv+0x174>)
10000a16:	0049      	lsls	r1, r1, #1
10000a18:	601a      	str	r2, [r3, #0]
10000a1a:	4a52      	ldr	r2, [pc, #328]	; (10000b64 <_Z35analog_lever_run_guided_calibrationv+0x178>)
10000a1c:	6813      	ldr	r3, [r2, #0]
10000a1e:	420b      	tst	r3, r1
10000a20:	d0fc      	beq.n	10000a1c <_Z35analog_lever_run_guided_calibrationv+0x30>
10000a22:	6853      	ldr	r3, [r2, #4]
10000a24:	4642      	mov	r2, r8
10000a26:	8812      	ldrh	r2, [r2, #0]
10000a28:	041b      	lsls	r3, r3, #16
10000a2a:	0054      	lsls	r4, r2, #1
10000a2c:	18a4      	adds	r4, r4, r2
10000a2e:	0c1b      	lsrs	r3, r3, #16
10000a30:	18e4      	adds	r4, r4, r3
10000a32:	4643      	mov	r3, r8
10000a34:	10a4      	asrs	r4, r4, #2
10000a36:	2014      	movs	r0, #20
10000a38:	b2a4      	uxth	r4, r4
10000a3a:	801c      	strh	r4, [r3, #0]
10000a3c:	f7ff fd92 	bl	10000564 <is_button_pressed>
10000a40:	0005      	movs	r5, r0
10000a42:	2e00      	cmp	r6, #0
10000a44:	d11c      	bne.n	10000a80 <_Z35analog_lever_run_guided_calibrationv+0x94>
10000a46:	1c23      	adds	r3, r4, #0
10000a48:	42bc      	cmp	r4, r7
10000a4a:	d900      	bls.n	10000a4e <_Z35analog_lever_run_guided_calibrationv+0x62>
10000a4c:	1c3b      	adds	r3, r7, #0
10000a4e:	b29f      	uxth	r7, r3
10000a50:	23e1      	movs	r3, #225	; 0xe1
10000a52:	00db      	lsls	r3, r3, #3
10000a54:	429f      	cmp	r7, r3
10000a56:	d201      	bcs.n	10000a5c <_Z35analog_lever_run_guided_calibrationv+0x70>
10000a58:	2301      	movs	r3, #1
10000a5a:	469b      	mov	fp, r3
10000a5c:	2200      	movs	r2, #0
10000a5e:	4659      	mov	r1, fp
10000a60:	2000      	movs	r0, #0
10000a62:	f000 ff15 	bl	10001890 <_Z25led_calibration_animation10CalibStagebf>
10000a66:	2d00      	cmp	r5, #0
10000a68:	d005      	beq.n	10000a76 <_Z35analog_lever_run_guided_calibrationv+0x8a>
10000a6a:	464b      	mov	r3, r9
10000a6c:	2b00      	cmp	r3, #0
10000a6e:	d102      	bne.n	10000a76 <_Z35analog_lever_run_guided_calibrationv+0x8a>
10000a70:	465b      	mov	r3, fp
10000a72:	2b00      	cmp	r3, #0
10000a74:	d163      	bne.n	10000b3e <_Z35analog_lever_run_guided_calibrationv+0x152>
10000a76:	200a      	movs	r0, #10
10000a78:	f003 f854 	bl	10003b24 <sleep_ms>
10000a7c:	46a9      	mov	r9, r5
10000a7e:	e7c7      	b.n	10000a10 <_Z35analog_lever_run_guided_calibrationv+0x24>
10000a80:	2e01      	cmp	r6, #1
10000a82:	d023      	beq.n	10000acc <_Z35analog_lever_run_guided_calibrationv+0xe0>
10000a84:	2e02      	cmp	r6, #2
10000a86:	d044      	beq.n	10000b12 <_Z35analog_lever_run_guided_calibrationv+0x126>
10000a88:	200a      	movs	r0, #10
10000a8a:	f003 f84b 	bl	10003b24 <sleep_ms>
10000a8e:	2e03      	cmp	r6, #3
10000a90:	d1f4      	bne.n	10000a7c <_Z35analog_lever_run_guided_calibrationv+0x90>
10000a92:	003b      	movs	r3, r7
10000a94:	33c8      	adds	r3, #200	; 0xc8
10000a96:	b29b      	uxth	r3, r3
10000a98:	4553      	cmp	r3, sl
10000a9a:	d305      	bcc.n	10000aa8 <_Z35analog_lever_run_guided_calibrationv+0xbc>
10000a9c:	2380      	movs	r3, #128	; 0x80
10000a9e:	011b      	lsls	r3, r3, #4
10000aa0:	9301      	str	r3, [sp, #4]
10000aa2:	4b31      	ldr	r3, [pc, #196]	; (10000b68 <_Z35analog_lever_run_guided_calibrationv+0x17c>)
10000aa4:	2732      	movs	r7, #50	; 0x32
10000aa6:	469a      	mov	sl, r3
10000aa8:	f7ff fd2c 	bl	10000504 <config_get_ptr>
10000aac:	4653      	mov	r3, sl
10000aae:	8243      	strh	r3, [r0, #18]
10000ab0:	9b01      	ldr	r3, [sp, #4]
10000ab2:	8207      	strh	r7, [r0, #16]
10000ab4:	8283      	strh	r3, [r0, #20]
10000ab6:	f7ff fd29 	bl	1000050c <config_save>
10000aba:	f000 ff5b 	bl	10001974 <_Z23led_flash_confirm_greenv>
10000abe:	b003      	add	sp, #12
10000ac0:	bcf0      	pop	{r4, r5, r6, r7}
10000ac2:	46bb      	mov	fp, r7
10000ac4:	46b2      	mov	sl, r6
10000ac6:	46a9      	mov	r9, r5
10000ac8:	46a0      	mov	r8, r4
10000aca:	bdf0      	pop	{r4, r5, r6, r7, pc}
10000acc:	1c23      	adds	r3, r4, #0
10000ace:	4554      	cmp	r4, sl
10000ad0:	d200      	bcs.n	10000ad4 <_Z35analog_lever_run_guided_calibrationv+0xe8>
10000ad2:	4653      	mov	r3, sl
10000ad4:	b29b      	uxth	r3, r3
10000ad6:	469a      	mov	sl, r3
10000ad8:	4b24      	ldr	r3, [pc, #144]	; (10000b6c <_Z35analog_lever_run_guided_calibrationv+0x180>)
10000ada:	459a      	cmp	sl, r3
10000adc:	d901      	bls.n	10000ae2 <_Z35analog_lever_run_guided_calibrationv+0xf6>
10000ade:	2301      	movs	r3, #1
10000ae0:	9300      	str	r3, [sp, #0]
10000ae2:	22fe      	movs	r2, #254	; 0xfe
10000ae4:	2001      	movs	r0, #1
10000ae6:	9900      	ldr	r1, [sp, #0]
10000ae8:	0592      	lsls	r2, r2, #22
10000aea:	f000 fed1 	bl	10001890 <_Z25led_calibration_animation10CalibStagebf>
10000aee:	2d00      	cmp	r5, #0
10000af0:	d0c1      	beq.n	10000a76 <_Z35analog_lever_run_guided_calibrationv+0x8a>
10000af2:	464b      	mov	r3, r9
10000af4:	2b00      	cmp	r3, #0
10000af6:	d1be      	bne.n	10000a76 <_Z35analog_lever_run_guided_calibrationv+0x8a>
10000af8:	9b00      	ldr	r3, [sp, #0]
10000afa:	2b00      	cmp	r3, #0
10000afc:	d0bb      	beq.n	10000a76 <_Z35analog_lever_run_guided_calibrationv+0x8a>
10000afe:	2096      	movs	r0, #150	; 0x96
10000b00:	0040      	lsls	r0, r0, #1
10000b02:	f003 f80f 	bl	10003b24 <sleep_ms>
10000b06:	200a      	movs	r0, #10
10000b08:	f003 f80c 	bl	10003b24 <sleep_ms>
10000b0c:	2602      	movs	r6, #2
10000b0e:	46a9      	mov	r9, r5
10000b10:	e77e      	b.n	10000a10 <_Z35analog_lever_run_guided_calibrationv+0x24>
10000b12:	22fc      	movs	r2, #252	; 0xfc
10000b14:	2101      	movs	r1, #1
10000b16:	2002      	movs	r0, #2
10000b18:	0592      	lsls	r2, r2, #22
10000b1a:	f000 feb9 	bl	10001890 <_Z25led_calibration_animation10CalibStagebf>
10000b1e:	2d00      	cmp	r5, #0
10000b20:	d007      	beq.n	10000b32 <_Z35analog_lever_run_guided_calibrationv+0x146>
10000b22:	464b      	mov	r3, r9
10000b24:	200a      	movs	r0, #10
10000b26:	2b00      	cmp	r3, #0
10000b28:	d113      	bne.n	10000b52 <_Z35analog_lever_run_guided_calibrationv+0x166>
10000b2a:	f002 fffb 	bl	10003b24 <sleep_ms>
10000b2e:	9401      	str	r4, [sp, #4]
10000b30:	e7af      	b.n	10000a92 <_Z35analog_lever_run_guided_calibrationv+0xa6>
10000b32:	200a      	movs	r0, #10
10000b34:	f002 fff6 	bl	10003b24 <sleep_ms>
10000b38:	46a9      	mov	r9, r5
10000b3a:	9401      	str	r4, [sp, #4]
10000b3c:	e768      	b.n	10000a10 <_Z35analog_lever_run_guided_calibrationv+0x24>
10000b3e:	2096      	movs	r0, #150	; 0x96
10000b40:	0040      	lsls	r0, r0, #1
10000b42:	f002 ffef 	bl	10003b24 <sleep_ms>
10000b46:	200a      	movs	r0, #10
10000b48:	f002 ffec 	bl	10003b24 <sleep_ms>
10000b4c:	2601      	movs	r6, #1
10000b4e:	46a9      	mov	r9, r5
10000b50:	e75e      	b.n	10000a10 <_Z35analog_lever_run_guided_calibrationv+0x24>
10000b52:	f002 ffe7 	bl	10003b24 <sleep_ms>
10000b56:	46a9      	mov	r9, r5
10000b58:	9401      	str	r4, [sp, #4]
10000b5a:	e759      	b.n	10000a10 <_Z35analog_lever_run_guided_calibrationv+0x24>
10000b5c:	20000ef8 	.word	0x20000ef8
10000b60:	4004e000 	.word	0x4004e000
10000b64:	4004c000 	.word	0x4004c000
10000b68:	00000fcd 	.word	0x00000fcd
10000b6c:	00000898 	.word	0x00000898

10000b70 <_Z15led_driver_initv>:
10000b70:	b570      	push	{r4, r5, r6, lr}
10000b72:	492f      	ldr	r1, [pc, #188]	; (10000c30 <_Z15led_driver_initv+0xc0>)
10000b74:	b086      	sub	sp, #24
10000b76:	482f      	ldr	r0, [pc, #188]	; (10000c34 <_Z15led_driver_initv+0xc4>)
10000b78:	f006 fba6 	bl	100072c8 <pio_add_program>
10000b7c:	2106      	movs	r1, #6
10000b7e:	0005      	movs	r5, r0
10000b80:	2015      	movs	r0, #21
10000b82:	f002 f903 	bl	10002d8c <gpio_set_function>
10000b86:	2301      	movs	r3, #1
10000b88:	2100      	movs	r1, #0
10000b8a:	2215      	movs	r2, #21
10000b8c:	4829      	ldr	r0, [pc, #164]	; (10000c34 <_Z15led_driver_initv+0xc4>)
10000b8e:	9300      	str	r3, [sp, #0]
10000b90:	f006 fbfe 	bl	10007390 <pio_sm_set_consecutive_pindirs>
10000b94:	2380      	movs	r3, #128	; 0x80
10000b96:	025b      	lsls	r3, r3, #9
10000b98:	9302      	str	r3, [sp, #8]
10000b9a:	1ceb      	adds	r3, r5, #3
10000b9c:	01ea      	lsls	r2, r5, #7
10000b9e:	031b      	lsls	r3, r3, #12
10000ba0:	4313      	orrs	r3, r2
10000ba2:	4a25      	ldr	r2, [pc, #148]	; (10000c38 <_Z15led_driver_initv+0xc8>)
10000ba4:	2005      	movs	r0, #5
10000ba6:	4013      	ands	r3, r2
10000ba8:	9303      	str	r3, [sp, #12]
10000baa:	4b24      	ldr	r3, [pc, #144]	; (10000c3c <_Z15led_driver_initv+0xcc>)
10000bac:	9305      	str	r3, [sp, #20]
10000bae:	4b24      	ldr	r3, [pc, #144]	; (10000c40 <_Z15led_driver_initv+0xd0>)
10000bb0:	9304      	str	r3, [sp, #16]
10000bb2:	f003 fccf 	bl	10004554 <clock_get_hz>
10000bb6:	f006 f802 	bl	10006bbe <__wrap___aeabi_ui2f>
10000bba:	4922      	ldr	r1, [pc, #136]	; (10000c44 <_Z15led_driver_initv+0xd4>)
10000bbc:	f005 ffa9 	bl	10006b12 <__wrap___aeabi_fdiv>
10000bc0:	1c06      	adds	r6, r0, #0
10000bc2:	f006 f855 	bl	10006c70 <__wrap___aeabi_f2uiz>
10000bc6:	b284      	uxth	r4, r0
10000bc8:	2300      	movs	r3, #0
10000bca:	2c00      	cmp	r4, #0
10000bcc:	d00e      	beq.n	10000bec <_Z15led_driver_initv+0x7c>
10000bce:	0020      	movs	r0, r4
10000bd0:	f005 fff5 	bl	10006bbe <__wrap___aeabi_ui2f>
10000bd4:	1c01      	adds	r1, r0, #0
10000bd6:	1c30      	adds	r0, r6, #0
10000bd8:	f005 ff95 	bl	10006b06 <__wrap___aeabi_fsub>
10000bdc:	2187      	movs	r1, #135	; 0x87
10000bde:	05c9      	lsls	r1, r1, #23
10000be0:	f005 ffab 	bl	10006b3a <__wrap___aeabi_fmul>
10000be4:	f006 f844 	bl	10006c70 <__wrap___aeabi_f2uiz>
10000be8:	b2c3      	uxtb	r3, r0
10000bea:	021b      	lsls	r3, r3, #8
10000bec:	0424      	lsls	r4, r4, #16
10000bee:	431c      	orrs	r4, r3
10000bf0:	9402      	str	r4, [sp, #8]
10000bf2:	4c10      	ldr	r4, [pc, #64]	; (10000c34 <_Z15led_driver_initv+0xc4>)
10000bf4:	002a      	movs	r2, r5
10000bf6:	2100      	movs	r1, #0
10000bf8:	0020      	movs	r0, r4
10000bfa:	ab02      	add	r3, sp, #8
10000bfc:	f006 fc20 	bl	10007440 <pio_sm_init>
10000c00:	2201      	movs	r2, #1
10000c02:	6823      	ldr	r3, [r4, #0]
10000c04:	2100      	movs	r1, #0
10000c06:	4313      	orrs	r3, r2
10000c08:	480f      	ldr	r0, [pc, #60]	; (10000c48 <_Z15led_driver_initv+0xd8>)
10000c0a:	3250      	adds	r2, #80	; 0x50
10000c0c:	6023      	str	r3, [r4, #0]
10000c0e:	f006 f977 	bl	10006f00 <__wrap_memset>
10000c12:	2280      	movs	r2, #128	; 0x80
10000c14:	201b      	movs	r0, #27
10000c16:	0252      	lsls	r2, r2, #9
10000c18:	6863      	ldr	r3, [r4, #4]
10000c1a:	0019      	movs	r1, r3
10000c1c:	4011      	ands	r1, r2
10000c1e:	4213      	tst	r3, r2
10000c20:	d1fa      	bne.n	10000c18 <_Z15led_driver_initv+0xa8>
10000c22:	3801      	subs	r0, #1
10000c24:	6121      	str	r1, [r4, #16]
10000c26:	2800      	cmp	r0, #0
10000c28:	d1f6      	bne.n	10000c18 <_Z15led_driver_initv+0xa8>
10000c2a:	b006      	add	sp, #24
10000c2c:	bd70      	pop	{r4, r5, r6, pc}
10000c2e:	46c0      	nop			; (mov r8, r8)
10000c30:	10009c5c 	.word	0x10009c5c
10000c34:	50200000 	.word	0x50200000
10000c38:	9fffffff 	.word	0x9fffffff
10000c3c:	20005400 	.word	0x20005400
10000c40:	70060000 	.word	0x70060000
10000c44:	4af42400 	.word	0x4af42400
10000c48:	20001810 	.word	0x20001810

10000c4c <_Z13led_set_pixelh8RGBColor>:
10000c4c:	b500      	push	{lr}
10000c4e:	b083      	sub	sp, #12
10000c50:	9101      	str	r1, [sp, #4]
10000c52:	281a      	cmp	r0, #26
10000c54:	d807      	bhi.n	10000c66 <_Z13led_set_pixelh8RGBColor+0x1a>
10000c56:	0043      	lsls	r3, r0, #1
10000c58:	181b      	adds	r3, r3, r0
10000c5a:	4804      	ldr	r0, [pc, #16]	; (10000c6c <_Z13led_set_pixelh8RGBColor+0x20>)
10000c5c:	2203      	movs	r2, #3
10000c5e:	18c0      	adds	r0, r0, r3
10000c60:	a901      	add	r1, sp, #4
10000c62:	f006 f953 	bl	10006f0c <__wrap___aeabi_memcpy>
10000c66:	b003      	add	sp, #12
10000c68:	bd00      	pop	{pc}
10000c6a:	46c0      	nop			; (mov r8, r8)
10000c6c:	20001810 	.word	0x20001810

10000c70 <_Z8led_showv>:
10000c70:	b530      	push	{r4, r5, lr}
10000c72:	4c0b      	ldr	r4, [pc, #44]	; (10000ca0 <_Z8led_showv+0x30>)
10000c74:	2080      	movs	r0, #128	; 0x80
10000c76:	0025      	movs	r5, r4
10000c78:	4a0a      	ldr	r2, [pc, #40]	; (10000ca4 <_Z8led_showv+0x34>)
10000c7a:	3551      	adds	r5, #81	; 0x51
10000c7c:	0240      	lsls	r0, r0, #9
10000c7e:	7861      	ldrb	r1, [r4, #1]
10000c80:	7823      	ldrb	r3, [r4, #0]
10000c82:	0409      	lsls	r1, r1, #16
10000c84:	021b      	lsls	r3, r3, #8
10000c86:	4319      	orrs	r1, r3
10000c88:	78a3      	ldrb	r3, [r4, #2]
10000c8a:	4319      	orrs	r1, r3
10000c8c:	0209      	lsls	r1, r1, #8
10000c8e:	6853      	ldr	r3, [r2, #4]
10000c90:	4203      	tst	r3, r0
10000c92:	d1fc      	bne.n	10000c8e <_Z8led_showv+0x1e>
10000c94:	3403      	adds	r4, #3
10000c96:	6111      	str	r1, [r2, #16]
10000c98:	42a5      	cmp	r5, r4
10000c9a:	d1f0      	bne.n	10000c7e <_Z8led_showv+0xe>
10000c9c:	bd30      	pop	{r4, r5, pc}
10000c9e:	46c0      	nop			; (mov r8, r8)
10000ca0:	20001810 	.word	0x20001810
10000ca4:	50200000 	.word	0x50200000

10000ca8 <_Z18led_set_io4_activeb>:
10000ca8:	4b01      	ldr	r3, [pc, #4]	; (10000cb0 <_Z18led_set_io4_activeb+0x8>)
10000caa:	7018      	strb	r0, [r3, #0]
10000cac:	4770      	bx	lr
10000cae:	46c0      	nop			; (mov r8, r8)
10000cb0:	20002c3e 	.word	0x20002c3e

10000cb4 <_Z23led_set_io4_game_outputm>:
10000cb4:	b510      	push	{r4, lr}
10000cb6:	0004      	movs	r4, r0
10000cb8:	f003 f822 	bl	10003d00 <time_us_64>
10000cbc:	2301      	movs	r3, #1
10000cbe:	0c61      	lsrs	r1, r4, #17
10000cc0:	4a23      	ldr	r2, [pc, #140]	; (10000d50 <_Z23led_set_io4_game_outputm+0x9c>)
10000cc2:	4019      	ands	r1, r3
10000cc4:	4249      	negs	r1, r1
10000cc6:	7011      	strb	r1, [r2, #0]
10000cc8:	0c21      	lsrs	r1, r4, #16
10000cca:	4019      	ands	r1, r3
10000ccc:	4249      	negs	r1, r1
10000cce:	7051      	strb	r1, [r2, #1]
10000cd0:	0be1      	lsrs	r1, r4, #15
10000cd2:	4019      	ands	r1, r3
10000cd4:	4249      	negs	r1, r1
10000cd6:	7091      	strb	r1, [r2, #2]
10000cd8:	0ba1      	lsrs	r1, r4, #14
10000cda:	4019      	ands	r1, r3
10000cdc:	4249      	negs	r1, r1
10000cde:	70d1      	strb	r1, [r2, #3]
10000ce0:	0b61      	lsrs	r1, r4, #13
10000ce2:	4019      	ands	r1, r3
10000ce4:	4249      	negs	r1, r1
10000ce6:	7111      	strb	r1, [r2, #4]
10000ce8:	0b21      	lsrs	r1, r4, #12
10000cea:	4019      	ands	r1, r3
10000cec:	4249      	negs	r1, r1
10000cee:	7151      	strb	r1, [r2, #5]
10000cf0:	0ae1      	lsrs	r1, r4, #11
10000cf2:	4019      	ands	r1, r3
10000cf4:	4249      	negs	r1, r1
10000cf6:	7191      	strb	r1, [r2, #6]
10000cf8:	0aa1      	lsrs	r1, r4, #10
10000cfa:	4019      	ands	r1, r3
10000cfc:	4249      	negs	r1, r1
10000cfe:	71d1      	strb	r1, [r2, #7]
10000d00:	0a61      	lsrs	r1, r4, #9
10000d02:	4019      	ands	r1, r3
10000d04:	4249      	negs	r1, r1
10000d06:	7211      	strb	r1, [r2, #8]
10000d08:	0a21      	lsrs	r1, r4, #8
10000d0a:	4019      	ands	r1, r3
10000d0c:	4249      	negs	r1, r1
10000d0e:	7251      	strb	r1, [r2, #9]
10000d10:	09e1      	lsrs	r1, r4, #7
10000d12:	4019      	ands	r1, r3
10000d14:	4249      	negs	r1, r1
10000d16:	7291      	strb	r1, [r2, #10]
10000d18:	09a1      	lsrs	r1, r4, #6
10000d1a:	4019      	ands	r1, r3
10000d1c:	4249      	negs	r1, r1
10000d1e:	72d1      	strb	r1, [r2, #11]
10000d20:	0961      	lsrs	r1, r4, #5
10000d22:	4019      	ands	r1, r3
10000d24:	4249      	negs	r1, r1
10000d26:	7311      	strb	r1, [r2, #12]
10000d28:	0921      	lsrs	r1, r4, #4
10000d2a:	4019      	ands	r1, r3
10000d2c:	4249      	negs	r1, r1
10000d2e:	7351      	strb	r1, [r2, #13]
10000d30:	08e1      	lsrs	r1, r4, #3
10000d32:	4019      	ands	r1, r3
10000d34:	4249      	negs	r1, r1
10000d36:	7391      	strb	r1, [r2, #14]
10000d38:	08a1      	lsrs	r1, r4, #2
10000d3a:	4019      	ands	r1, r3
10000d3c:	4249      	negs	r1, r1
10000d3e:	73d1      	strb	r1, [r2, #15]
10000d40:	0861      	lsrs	r1, r4, #1
10000d42:	4019      	ands	r1, r3
10000d44:	4023      	ands	r3, r4
10000d46:	4249      	negs	r1, r1
10000d48:	425b      	negs	r3, r3
10000d4a:	7411      	strb	r1, [r2, #16]
10000d4c:	7453      	strb	r3, [r2, #17]
10000d4e:	bd10      	pop	{r4, pc}
10000d50:	2000177c 	.word	0x2000177c

10000d54 <_Z19led_update_reactivem>:
10000d54:	b5f0      	push	{r4, r5, r6, r7, lr}
10000d56:	4657      	mov	r7, sl
10000d58:	46de      	mov	lr, fp
10000d5a:	464e      	mov	r6, r9
10000d5c:	4645      	mov	r5, r8
10000d5e:	b5e0      	push	{r5, r6, r7, lr}
10000d60:	4bdb      	ldr	r3, [pc, #876]	; (100010d0 <_Z19led_update_reactivem+0x37c>)
10000d62:	0007      	movs	r7, r0
10000d64:	781b      	ldrb	r3, [r3, #0]
10000d66:	b085      	sub	sp, #20
10000d68:	2b00      	cmp	r3, #0
10000d6a:	d000      	beq.n	10000d6e <_Z19led_update_reactivem+0x1a>
10000d6c:	e12e      	b.n	10000fcc <_Z19led_update_reactivem+0x278>
10000d6e:	f7ff fbc9 	bl	10000504 <config_get_ptr>
10000d72:	7a03      	ldrb	r3, [r0, #8]
10000d74:	0005      	movs	r5, r0
10000d76:	2b02      	cmp	r3, #2
10000d78:	d100      	bne.n	10000d7c <_Z19led_update_reactivem+0x28>
10000d7a:	e125      	b.n	10000fc8 <_Z19led_update_reactivem+0x274>
10000d7c:	7ac3      	ldrb	r3, [r0, #11]
10000d7e:	2b05      	cmp	r3, #5
10000d80:	d100      	bne.n	10000d84 <_Z19led_update_reactivem+0x30>
10000d82:	e27a      	b.n	1000127a <_Z19led_update_reactivem+0x526>
10000d84:	2b04      	cmp	r3, #4
10000d86:	d100      	bne.n	10000d8a <_Z19led_update_reactivem+0x36>
10000d88:	e1ac      	b.n	100010e4 <_Z19led_update_reactivem+0x390>
10000d8a:	2b01      	cmp	r3, #1
10000d8c:	d100      	bne.n	10000d90 <_Z19led_update_reactivem+0x3c>
10000d8e:	e2d7      	b.n	10001340 <_Z19led_update_reactivem+0x5ec>
10000d90:	2b03      	cmp	r3, #3
10000d92:	d100      	bne.n	10000d96 <_Z19led_update_reactivem+0x42>
10000d94:	e3ae      	b.n	100014f4 <_Z19led_update_reactivem+0x7a0>
10000d96:	2b02      	cmp	r3, #2
10000d98:	d100      	bne.n	10000d9c <_Z19led_update_reactivem+0x48>
10000d9a:	e21e      	b.n	100011da <_Z19led_update_reactivem+0x486>
10000d9c:	0029      	movs	r1, r5
10000d9e:	2001      	movs	r0, #1
10000da0:	4ccc      	ldr	r4, [pc, #816]	; (100010d4 <_Z19led_update_reactivem+0x380>)
10000da2:	2200      	movs	r2, #0
10000da4:	0026      	movs	r6, r4
10000da6:	0023      	movs	r3, r4
10000da8:	4684      	mov	ip, r0
10000daa:	46a8      	mov	r8, r5
10000dac:	46a1      	mov	r9, r4
10000dae:	3130      	adds	r1, #48	; 0x30
10000db0:	e00a      	b.n	10000dc8 <_Z19led_update_reactivem+0x74>
10000db2:	780d      	ldrb	r5, [r1, #0]
10000db4:	784c      	ldrb	r4, [r1, #1]
10000db6:	7888      	ldrb	r0, [r1, #2]
10000db8:	3201      	adds	r2, #1
10000dba:	701d      	strb	r5, [r3, #0]
10000dbc:	705c      	strb	r4, [r3, #1]
10000dbe:	7098      	strb	r0, [r3, #2]
10000dc0:	3103      	adds	r1, #3
10000dc2:	3303      	adds	r3, #3
10000dc4:	2a15      	cmp	r2, #21
10000dc6:	d01e      	beq.n	10000e06 <_Z19led_update_reactivem+0xb2>
10000dc8:	0038      	movs	r0, r7
10000dca:	4664      	mov	r4, ip
10000dcc:	40d0      	lsrs	r0, r2
10000dce:	4204      	tst	r4, r0
10000dd0:	d1ef      	bne.n	10000db2 <_Z19led_update_reactivem+0x5e>
10000dd2:	781c      	ldrb	r4, [r3, #0]
10000dd4:	3201      	adds	r2, #1
10000dd6:	0120      	lsls	r0, r4, #4
10000dd8:	1b04      	subs	r4, r0, r4
10000dda:	0120      	lsls	r0, r4, #4
10000ddc:	1b00      	subs	r0, r0, r4
10000dde:	785c      	ldrb	r4, [r3, #1]
10000de0:	1200      	asrs	r0, r0, #8
10000de2:	7018      	strb	r0, [r3, #0]
10000de4:	0120      	lsls	r0, r4, #4
10000de6:	1b04      	subs	r4, r0, r4
10000de8:	0120      	lsls	r0, r4, #4
10000dea:	1b00      	subs	r0, r0, r4
10000dec:	789c      	ldrb	r4, [r3, #2]
10000dee:	1200      	asrs	r0, r0, #8
10000df0:	7058      	strb	r0, [r3, #1]
10000df2:	0120      	lsls	r0, r4, #4
10000df4:	1b04      	subs	r4, r0, r4
10000df6:	0120      	lsls	r0, r4, #4
10000df8:	1b00      	subs	r0, r0, r4
10000dfa:	1200      	asrs	r0, r0, #8
10000dfc:	7098      	strb	r0, [r3, #2]
10000dfe:	3103      	adds	r1, #3
10000e00:	3303      	adds	r3, #3
10000e02:	2a15      	cmp	r2, #21
10000e04:	d1e0      	bne.n	10000dc8 <_Z19led_update_reactivem+0x74>
10000e06:	4bb4      	ldr	r3, [pc, #720]	; (100010d8 <_Z19led_update_reactivem+0x384>)
10000e08:	4645      	mov	r5, r8
10000e0a:	403b      	ands	r3, r7
10000e0c:	464c      	mov	r4, r9
10000e0e:	05bf      	lsls	r7, r7, #22
10000e10:	d000      	beq.n	10000e14 <_Z19led_update_reactivem+0xc0>
10000e12:	e11d      	b.n	10001050 <_Z19led_update_reactivem+0x2fc>
10000e14:	2b00      	cmp	r3, #0
10000e16:	d100      	bne.n	10000e1a <_Z19led_update_reactivem+0xc6>
10000e18:	e1d4      	b.n	100011c4 <_Z19led_update_reactivem+0x470>
10000e1a:	2272      	movs	r2, #114	; 0x72
10000e1c:	5ca8      	ldrb	r0, [r5, r2]
10000e1e:	3201      	adds	r2, #1
10000e20:	5ca9      	ldrb	r1, [r5, r2]
10000e22:	3201      	adds	r2, #1
10000e24:	5cad      	ldrb	r5, [r5, r2]
10000e26:	223f      	movs	r2, #63	; 0x3f
10000e28:	4694      	mov	ip, r2
10000e2a:	5ca7      	ldrb	r7, [r4, r2]
10000e2c:	013a      	lsls	r2, r7, #4
10000e2e:	1bd7      	subs	r7, r2, r7
10000e30:	013a      	lsls	r2, r7, #4
10000e32:	1bd2      	subs	r2, r2, r7
10000e34:	4667      	mov	r7, ip
10000e36:	1212      	asrs	r2, r2, #8
10000e38:	3202      	adds	r2, #2
10000e3a:	55e2      	strb	r2, [r4, r7]
10000e3c:	2240      	movs	r2, #64	; 0x40
10000e3e:	4694      	mov	ip, r2
10000e40:	5ca7      	ldrb	r7, [r4, r2]
10000e42:	013a      	lsls	r2, r7, #4
10000e44:	1bd7      	subs	r7, r2, r7
10000e46:	013a      	lsls	r2, r7, #4
10000e48:	1bd2      	subs	r2, r2, r7
10000e4a:	4667      	mov	r7, ip
10000e4c:	1212      	asrs	r2, r2, #8
10000e4e:	3204      	adds	r2, #4
10000e50:	55e2      	strb	r2, [r4, r7]
10000e52:	2241      	movs	r2, #65	; 0x41
10000e54:	4694      	mov	ip, r2
10000e56:	5ca7      	ldrb	r7, [r4, r2]
10000e58:	013a      	lsls	r2, r7, #4
10000e5a:	1bd7      	subs	r7, r2, r7
10000e5c:	013a      	lsls	r2, r7, #4
10000e5e:	1bd2      	subs	r2, r2, r7
10000e60:	4667      	mov	r7, ip
10000e62:	1212      	asrs	r2, r2, #8
10000e64:	3208      	adds	r2, #8
10000e66:	55e2      	strb	r2, [r4, r7]
10000e68:	2242      	movs	r2, #66	; 0x42
10000e6a:	4694      	mov	ip, r2
10000e6c:	5ca7      	ldrb	r7, [r4, r2]
10000e6e:	013a      	lsls	r2, r7, #4
10000e70:	1bd7      	subs	r7, r2, r7
10000e72:	013a      	lsls	r2, r7, #4
10000e74:	1bd2      	subs	r2, r2, r7
10000e76:	4667      	mov	r7, ip
10000e78:	1212      	asrs	r2, r2, #8
10000e7a:	3202      	adds	r2, #2
10000e7c:	55e2      	strb	r2, [r4, r7]
10000e7e:	2243      	movs	r2, #67	; 0x43
10000e80:	4694      	mov	ip, r2
10000e82:	5ca7      	ldrb	r7, [r4, r2]
10000e84:	013a      	lsls	r2, r7, #4
10000e86:	1bd7      	subs	r7, r2, r7
10000e88:	013a      	lsls	r2, r7, #4
10000e8a:	1bd2      	subs	r2, r2, r7
10000e8c:	4667      	mov	r7, ip
10000e8e:	1212      	asrs	r2, r2, #8
10000e90:	3204      	adds	r2, #4
10000e92:	55e2      	strb	r2, [r4, r7]
10000e94:	2244      	movs	r2, #68	; 0x44
10000e96:	4694      	mov	ip, r2
10000e98:	5ca7      	ldrb	r7, [r4, r2]
10000e9a:	013a      	lsls	r2, r7, #4
10000e9c:	1bd7      	subs	r7, r2, r7
10000e9e:	013a      	lsls	r2, r7, #4
10000ea0:	1bd2      	subs	r2, r2, r7
10000ea2:	4667      	mov	r7, ip
10000ea4:	1212      	asrs	r2, r2, #8
10000ea6:	3208      	adds	r2, #8
10000ea8:	55e2      	strb	r2, [r4, r7]
10000eaa:	2245      	movs	r2, #69	; 0x45
10000eac:	4694      	mov	ip, r2
10000eae:	5ca7      	ldrb	r7, [r4, r2]
10000eb0:	013a      	lsls	r2, r7, #4
10000eb2:	1bd7      	subs	r7, r2, r7
10000eb4:	013a      	lsls	r2, r7, #4
10000eb6:	1bd2      	subs	r2, r2, r7
10000eb8:	4667      	mov	r7, ip
10000eba:	1212      	asrs	r2, r2, #8
10000ebc:	3202      	adds	r2, #2
10000ebe:	55e2      	strb	r2, [r4, r7]
10000ec0:	2246      	movs	r2, #70	; 0x46
10000ec2:	4694      	mov	ip, r2
10000ec4:	5ca7      	ldrb	r7, [r4, r2]
10000ec6:	013a      	lsls	r2, r7, #4
10000ec8:	1bd7      	subs	r7, r2, r7
10000eca:	013a      	lsls	r2, r7, #4
10000ecc:	1bd2      	subs	r2, r2, r7
10000ece:	4667      	mov	r7, ip
10000ed0:	1212      	asrs	r2, r2, #8
10000ed2:	3204      	adds	r2, #4
10000ed4:	55e2      	strb	r2, [r4, r7]
10000ed6:	2247      	movs	r2, #71	; 0x47
10000ed8:	4694      	mov	ip, r2
10000eda:	5ca7      	ldrb	r7, [r4, r2]
10000edc:	013a      	lsls	r2, r7, #4
10000ede:	1bd7      	subs	r7, r2, r7
10000ee0:	013a      	lsls	r2, r7, #4
10000ee2:	1bd2      	subs	r2, r2, r7
10000ee4:	4667      	mov	r7, ip
10000ee6:	1212      	asrs	r2, r2, #8
10000ee8:	3208      	adds	r2, #8
10000eea:	55e2      	strb	r2, [r4, r7]
10000eec:	2b00      	cmp	r3, #0
10000eee:	d000      	beq.n	10000ef2 <_Z19led_update_reactivem+0x19e>
10000ef0:	e0db      	b.n	100010aa <_Z19led_update_reactivem+0x356>
10000ef2:	2148      	movs	r1, #72	; 0x48
10000ef4:	5c62      	ldrb	r2, [r4, r1]
10000ef6:	0113      	lsls	r3, r2, #4
10000ef8:	1a9a      	subs	r2, r3, r2
10000efa:	0113      	lsls	r3, r2, #4
10000efc:	1a9b      	subs	r3, r3, r2
10000efe:	121b      	asrs	r3, r3, #8
10000f00:	3308      	adds	r3, #8
10000f02:	5463      	strb	r3, [r4, r1]
10000f04:	3101      	adds	r1, #1
10000f06:	5c62      	ldrb	r2, [r4, r1]
10000f08:	0113      	lsls	r3, r2, #4
10000f0a:	1a9a      	subs	r2, r3, r2
10000f0c:	0113      	lsls	r3, r2, #4
10000f0e:	1a9b      	subs	r3, r3, r2
10000f10:	121b      	asrs	r3, r3, #8
10000f12:	3302      	adds	r3, #2
10000f14:	5463      	strb	r3, [r4, r1]
10000f16:	3101      	adds	r1, #1
10000f18:	5c62      	ldrb	r2, [r4, r1]
10000f1a:	0113      	lsls	r3, r2, #4
10000f1c:	1a9a      	subs	r2, r3, r2
10000f1e:	0113      	lsls	r3, r2, #4
10000f20:	1a9b      	subs	r3, r3, r2
10000f22:	121b      	asrs	r3, r3, #8
10000f24:	3304      	adds	r3, #4
10000f26:	5463      	strb	r3, [r4, r1]
10000f28:	3101      	adds	r1, #1
10000f2a:	5c62      	ldrb	r2, [r4, r1]
10000f2c:	0113      	lsls	r3, r2, #4
10000f2e:	1a9a      	subs	r2, r3, r2
10000f30:	0113      	lsls	r3, r2, #4
10000f32:	1a9b      	subs	r3, r3, r2
10000f34:	121b      	asrs	r3, r3, #8
10000f36:	3308      	adds	r3, #8
10000f38:	5463      	strb	r3, [r4, r1]
10000f3a:	3101      	adds	r1, #1
10000f3c:	5c62      	ldrb	r2, [r4, r1]
10000f3e:	0113      	lsls	r3, r2, #4
10000f40:	1a9a      	subs	r2, r3, r2
10000f42:	0113      	lsls	r3, r2, #4
10000f44:	1a9b      	subs	r3, r3, r2
10000f46:	121b      	asrs	r3, r3, #8
10000f48:	3302      	adds	r3, #2
10000f4a:	5463      	strb	r3, [r4, r1]
10000f4c:	3101      	adds	r1, #1
10000f4e:	5c62      	ldrb	r2, [r4, r1]
10000f50:	0113      	lsls	r3, r2, #4
10000f52:	1a9a      	subs	r2, r3, r2
10000f54:	0113      	lsls	r3, r2, #4
10000f56:	1a9b      	subs	r3, r3, r2
10000f58:	121b      	asrs	r3, r3, #8
10000f5a:	3304      	adds	r3, #4
10000f5c:	5463      	strb	r3, [r4, r1]
10000f5e:	3101      	adds	r1, #1
10000f60:	5c62      	ldrb	r2, [r4, r1]
10000f62:	0113      	lsls	r3, r2, #4
10000f64:	1a9a      	subs	r2, r3, r2
10000f66:	0113      	lsls	r3, r2, #4
10000f68:	1a9b      	subs	r3, r3, r2
10000f6a:	121b      	asrs	r3, r3, #8
10000f6c:	3308      	adds	r3, #8
10000f6e:	5463      	strb	r3, [r4, r1]
10000f70:	3101      	adds	r1, #1
10000f72:	5c62      	ldrb	r2, [r4, r1]
10000f74:	0113      	lsls	r3, r2, #4
10000f76:	1a9a      	subs	r2, r3, r2
10000f78:	0113      	lsls	r3, r2, #4
10000f7a:	1a9b      	subs	r3, r3, r2
10000f7c:	121b      	asrs	r3, r3, #8
10000f7e:	3302      	adds	r3, #2
10000f80:	5463      	strb	r3, [r4, r1]
10000f82:	3101      	adds	r1, #1
10000f84:	5c62      	ldrb	r2, [r4, r1]
10000f86:	0113      	lsls	r3, r2, #4
10000f88:	1a9a      	subs	r2, r3, r2
10000f8a:	0113      	lsls	r3, r2, #4
10000f8c:	1a9b      	subs	r3, r3, r2
10000f8e:	121b      	asrs	r3, r3, #8
10000f90:	3304      	adds	r3, #4
10000f92:	5463      	strb	r3, [r4, r1]
10000f94:	2080      	movs	r0, #128	; 0x80
10000f96:	4a51      	ldr	r2, [pc, #324]	; (100010dc <_Z19led_update_reactivem+0x388>)
10000f98:	3451      	adds	r4, #81	; 0x51
10000f9a:	0240      	lsls	r0, r0, #9
10000f9c:	7871      	ldrb	r1, [r6, #1]
10000f9e:	7833      	ldrb	r3, [r6, #0]
10000fa0:	0409      	lsls	r1, r1, #16
10000fa2:	021b      	lsls	r3, r3, #8
10000fa4:	4319      	orrs	r1, r3
10000fa6:	78b3      	ldrb	r3, [r6, #2]
10000fa8:	4319      	orrs	r1, r3
10000faa:	0209      	lsls	r1, r1, #8
10000fac:	6853      	ldr	r3, [r2, #4]
10000fae:	4203      	tst	r3, r0
10000fb0:	d1fc      	bne.n	10000fac <_Z19led_update_reactivem+0x258>
10000fb2:	3603      	adds	r6, #3
10000fb4:	6111      	str	r1, [r2, #16]
10000fb6:	42b4      	cmp	r4, r6
10000fb8:	d1f0      	bne.n	10000f9c <_Z19led_update_reactivem+0x248>
10000fba:	b005      	add	sp, #20
10000fbc:	bcf0      	pop	{r4, r5, r6, r7}
10000fbe:	46bb      	mov	fp, r7
10000fc0:	46b2      	mov	sl, r6
10000fc2:	46a9      	mov	r9, r5
10000fc4:	46a0      	mov	r8, r4
10000fc6:	bdf0      	pop	{r4, r5, r6, r7, pc}
10000fc8:	7b03      	ldrb	r3, [r0, #12]
10000fca:	e6d8      	b.n	10000d7e <_Z19led_update_reactivem+0x2a>
10000fcc:	4c41      	ldr	r4, [pc, #260]	; (100010d4 <_Z19led_update_reactivem+0x380>)
10000fce:	2251      	movs	r2, #81	; 0x51
10000fd0:	2100      	movs	r1, #0
10000fd2:	0020      	movs	r0, r4
10000fd4:	f005 ff94 	bl	10006f00 <__wrap_memset>
10000fd8:	4d41      	ldr	r5, [pc, #260]	; (100010e0 <_Z19led_update_reactivem+0x38c>)
10000fda:	2203      	movs	r2, #3
10000fdc:	0029      	movs	r1, r5
10000fde:	1da0      	adds	r0, r4, #6
10000fe0:	f005 ff94 	bl	10006f0c <__wrap___aeabi_memcpy>
10000fe4:	0020      	movs	r0, r4
10000fe6:	1ce9      	adds	r1, r5, #3
10000fe8:	2203      	movs	r2, #3
10000fea:	3009      	adds	r0, #9
10000fec:	f005 ff8e 	bl	10006f0c <__wrap___aeabi_memcpy>
10000ff0:	0020      	movs	r0, r4
10000ff2:	1da9      	adds	r1, r5, #6
10000ff4:	2203      	movs	r2, #3
10000ff6:	300c      	adds	r0, #12
10000ff8:	f005 ff88 	bl	10006f0c <__wrap___aeabi_memcpy>
10000ffc:	0029      	movs	r1, r5
10000ffe:	0020      	movs	r0, r4
10001000:	2203      	movs	r2, #3
10001002:	3109      	adds	r1, #9
10001004:	3024      	adds	r0, #36	; 0x24
10001006:	f005 ff81 	bl	10006f0c <__wrap___aeabi_memcpy>
1000100a:	0029      	movs	r1, r5
1000100c:	0020      	movs	r0, r4
1000100e:	2203      	movs	r2, #3
10001010:	310c      	adds	r1, #12
10001012:	3027      	adds	r0, #39	; 0x27
10001014:	f005 ff7a 	bl	10006f0c <__wrap___aeabi_memcpy>
10001018:	0029      	movs	r1, r5
1000101a:	0020      	movs	r0, r4
1000101c:	2203      	movs	r2, #3
1000101e:	302a      	adds	r0, #42	; 0x2a
10001020:	310f      	adds	r1, #15
10001022:	f005 ff73 	bl	10006f0c <__wrap___aeabi_memcpy>
10001026:	0025      	movs	r5, r4
10001028:	2080      	movs	r0, #128	; 0x80
1000102a:	4a2c      	ldr	r2, [pc, #176]	; (100010dc <_Z19led_update_reactivem+0x388>)
1000102c:	3551      	adds	r5, #81	; 0x51
1000102e:	0240      	lsls	r0, r0, #9
10001030:	7861      	ldrb	r1, [r4, #1]
10001032:	7823      	ldrb	r3, [r4, #0]
10001034:	0409      	lsls	r1, r1, #16
10001036:	021b      	lsls	r3, r3, #8
10001038:	4319      	orrs	r1, r3
1000103a:	78a3      	ldrb	r3, [r4, #2]
1000103c:	4319      	orrs	r1, r3
1000103e:	0209      	lsls	r1, r1, #8
10001040:	6853      	ldr	r3, [r2, #4]
10001042:	4203      	tst	r3, r0
10001044:	d1fc      	bne.n	10001040 <_Z19led_update_reactivem+0x2ec>
10001046:	3403      	adds	r4, #3
10001048:	6111      	str	r1, [r2, #16]
1000104a:	42a5      	cmp	r5, r4
1000104c:	d1f0      	bne.n	10001030 <_Z19led_update_reactivem+0x2dc>
1000104e:	e7b4      	b.n	10000fba <_Z19led_update_reactivem+0x266>
10001050:	2170      	movs	r1, #112	; 0x70
10001052:	325a      	adds	r2, #90	; 0x5a
10001054:	5caa      	ldrb	r2, [r5, r2]
10001056:	4691      	mov	r9, r2
10001058:	5c6a      	ldrb	r2, [r5, r1]
1000105a:	3101      	adds	r1, #1
1000105c:	5c69      	ldrb	r1, [r5, r1]
1000105e:	4692      	mov	sl, r2
10001060:	468c      	mov	ip, r1
10001062:	2b00      	cmp	r3, #0
10001064:	d000      	beq.n	10001068 <_Z19led_update_reactivem+0x314>
10001066:	e0b1      	b.n	100011cc <_Z19led_update_reactivem+0x478>
10001068:	250f      	movs	r5, #15
1000106a:	2105      	movs	r1, #5
1000106c:	2019      	movs	r0, #25
1000106e:	223f      	movs	r2, #63	; 0x3f
10001070:	464f      	mov	r7, r9
10001072:	54a7      	strb	r7, [r4, r2]
10001074:	4657      	mov	r7, sl
10001076:	3201      	adds	r2, #1
10001078:	54a7      	strb	r7, [r4, r2]
1000107a:	4667      	mov	r7, ip
1000107c:	3201      	adds	r2, #1
1000107e:	54a7      	strb	r7, [r4, r2]
10001080:	464f      	mov	r7, r9
10001082:	3201      	adds	r2, #1
10001084:	54a7      	strb	r7, [r4, r2]
10001086:	4657      	mov	r7, sl
10001088:	3201      	adds	r2, #1
1000108a:	54a7      	strb	r7, [r4, r2]
1000108c:	4667      	mov	r7, ip
1000108e:	3201      	adds	r2, #1
10001090:	54a7      	strb	r7, [r4, r2]
10001092:	464f      	mov	r7, r9
10001094:	3201      	adds	r2, #1
10001096:	54a7      	strb	r7, [r4, r2]
10001098:	4657      	mov	r7, sl
1000109a:	3201      	adds	r2, #1
1000109c:	54a7      	strb	r7, [r4, r2]
1000109e:	4667      	mov	r7, ip
100010a0:	3201      	adds	r2, #1
100010a2:	54a7      	strb	r7, [r4, r2]
100010a4:	2b00      	cmp	r3, #0
100010a6:	d100      	bne.n	100010aa <_Z19led_update_reactivem+0x356>
100010a8:	e723      	b.n	10000ef2 <_Z19led_update_reactivem+0x19e>
100010aa:	2348      	movs	r3, #72	; 0x48
100010ac:	54e0      	strb	r0, [r4, r3]
100010ae:	3301      	adds	r3, #1
100010b0:	54e1      	strb	r1, [r4, r3]
100010b2:	3301      	adds	r3, #1
100010b4:	54e5      	strb	r5, [r4, r3]
100010b6:	3301      	adds	r3, #1
100010b8:	54e0      	strb	r0, [r4, r3]
100010ba:	3301      	adds	r3, #1
100010bc:	54e1      	strb	r1, [r4, r3]
100010be:	3301      	adds	r3, #1
100010c0:	54e5      	strb	r5, [r4, r3]
100010c2:	3301      	adds	r3, #1
100010c4:	54e0      	strb	r0, [r4, r3]
100010c6:	3301      	adds	r3, #1
100010c8:	54e1      	strb	r1, [r4, r3]
100010ca:	3301      	adds	r3, #1
100010cc:	54e5      	strb	r5, [r4, r3]
100010ce:	e761      	b.n	10000f94 <_Z19led_update_reactivem+0x240>
100010d0:	20002c3e 	.word	0x20002c3e
100010d4:	20001810 	.word	0x20001810
100010d8:	000ffc00 	.word	0x000ffc00
100010dc:	50200000 	.word	0x50200000
100010e0:	2000177c 	.word	0x2000177c
100010e4:	4c94      	ldr	r4, [pc, #592]	; (10001338 <_Z19led_update_reactivem+0x5e4>)
100010e6:	1b63      	subs	r3, r4, r5
100010e8:	3b31      	subs	r3, #49	; 0x31
100010ea:	2b0a      	cmp	r3, #10
100010ec:	d800      	bhi.n	100010f0 <_Z19led_update_reactivem+0x39c>
100010ee:	e39f      	b.n	10001830 <_Z19led_update_reactivem+0xadc>
100010f0:	6b2b      	ldr	r3, [r5, #48]	; 0x30
100010f2:	6023      	str	r3, [r4, #0]
100010f4:	6b6b      	ldr	r3, [r5, #52]	; 0x34
100010f6:	6063      	str	r3, [r4, #4]
100010f8:	6bab      	ldr	r3, [r5, #56]	; 0x38
100010fa:	60a3      	str	r3, [r4, #8]
100010fc:	6beb      	ldr	r3, [r5, #60]	; 0x3c
100010fe:	60e3      	str	r3, [r4, #12]
10001100:	6c2b      	ldr	r3, [r5, #64]	; 0x40
10001102:	6123      	str	r3, [r4, #16]
10001104:	6c6b      	ldr	r3, [r5, #68]	; 0x44
10001106:	6163      	str	r3, [r4, #20]
10001108:	6cab      	ldr	r3, [r5, #72]	; 0x48
1000110a:	61a3      	str	r3, [r4, #24]
1000110c:	6ceb      	ldr	r3, [r5, #76]	; 0x4c
1000110e:	61e3      	str	r3, [r4, #28]
10001110:	6d2b      	ldr	r3, [r5, #80]	; 0x50
10001112:	6223      	str	r3, [r4, #32]
10001114:	6d6b      	ldr	r3, [r5, #84]	; 0x54
10001116:	6263      	str	r3, [r4, #36]	; 0x24
10001118:	6dab      	ldr	r3, [r5, #88]	; 0x58
1000111a:	62a3      	str	r3, [r4, #40]	; 0x28
1000111c:	6deb      	ldr	r3, [r5, #92]	; 0x5c
1000111e:	62e3      	str	r3, [r4, #44]	; 0x2c
10001120:	6e2b      	ldr	r3, [r5, #96]	; 0x60
10001122:	6323      	str	r3, [r4, #48]	; 0x30
10001124:	6e6b      	ldr	r3, [r5, #100]	; 0x64
10001126:	6363      	str	r3, [r4, #52]	; 0x34
10001128:	6eab      	ldr	r3, [r5, #104]	; 0x68
1000112a:	63a3      	str	r3, [r4, #56]	; 0x38
1000112c:	236e      	movs	r3, #110	; 0x6e
1000112e:	5cea      	ldrb	r2, [r5, r3]
10001130:	3b02      	subs	r3, #2
10001132:	5aeb      	ldrh	r3, [r5, r3]
10001134:	87a3      	strh	r3, [r4, #60]	; 0x3c
10001136:	233e      	movs	r3, #62	; 0x3e
10001138:	54e2      	strb	r2, [r4, r3]
1000113a:	236f      	movs	r3, #111	; 0x6f
1000113c:	5cef      	ldrb	r7, [r5, r3]
1000113e:	3301      	adds	r3, #1
10001140:	5cee      	ldrb	r6, [r5, r3]
10001142:	3301      	adds	r3, #1
10001144:	5ce8      	ldrb	r0, [r5, r3]
10001146:	3301      	adds	r3, #1
10001148:	5ce9      	ldrb	r1, [r5, r3]
1000114a:	3301      	adds	r3, #1
1000114c:	5cea      	ldrb	r2, [r5, r3]
1000114e:	3301      	adds	r3, #1
10001150:	5ceb      	ldrb	r3, [r5, r3]
10001152:	253f      	movs	r5, #63	; 0x3f
10001154:	5567      	strb	r7, [r4, r5]
10001156:	3501      	adds	r5, #1
10001158:	5566      	strb	r6, [r4, r5]
1000115a:	3501      	adds	r5, #1
1000115c:	5560      	strb	r0, [r4, r5]
1000115e:	3501      	adds	r5, #1
10001160:	5567      	strb	r7, [r4, r5]
10001162:	3501      	adds	r5, #1
10001164:	5566      	strb	r6, [r4, r5]
10001166:	3501      	adds	r5, #1
10001168:	5560      	strb	r0, [r4, r5]
1000116a:	3501      	adds	r5, #1
1000116c:	5567      	strb	r7, [r4, r5]
1000116e:	3501      	adds	r5, #1
10001170:	5566      	strb	r6, [r4, r5]
10001172:	3501      	adds	r5, #1
10001174:	5560      	strb	r0, [r4, r5]
10001176:	2048      	movs	r0, #72	; 0x48
10001178:	5421      	strb	r1, [r4, r0]
1000117a:	3001      	adds	r0, #1
1000117c:	5422      	strb	r2, [r4, r0]
1000117e:	3001      	adds	r0, #1
10001180:	5423      	strb	r3, [r4, r0]
10001182:	3001      	adds	r0, #1
10001184:	5421      	strb	r1, [r4, r0]
10001186:	3001      	adds	r0, #1
10001188:	5422      	strb	r2, [r4, r0]
1000118a:	3001      	adds	r0, #1
1000118c:	5423      	strb	r3, [r4, r0]
1000118e:	3001      	adds	r0, #1
10001190:	5421      	strb	r1, [r4, r0]
10001192:	214f      	movs	r1, #79	; 0x4f
10001194:	5462      	strb	r2, [r4, r1]
10001196:	2250      	movs	r2, #80	; 0x50
10001198:	0025      	movs	r5, r4
1000119a:	2080      	movs	r0, #128	; 0x80
1000119c:	54a3      	strb	r3, [r4, r2]
1000119e:	4a67      	ldr	r2, [pc, #412]	; (1000133c <_Z19led_update_reactivem+0x5e8>)
100011a0:	3551      	adds	r5, #81	; 0x51
100011a2:	0240      	lsls	r0, r0, #9
100011a4:	7861      	ldrb	r1, [r4, #1]
100011a6:	7823      	ldrb	r3, [r4, #0]
100011a8:	0409      	lsls	r1, r1, #16
100011aa:	021b      	lsls	r3, r3, #8
100011ac:	4319      	orrs	r1, r3
100011ae:	78a3      	ldrb	r3, [r4, #2]
100011b0:	4319      	orrs	r1, r3
100011b2:	0209      	lsls	r1, r1, #8
100011b4:	6853      	ldr	r3, [r2, #4]
100011b6:	4203      	tst	r3, r0
100011b8:	d1fc      	bne.n	100011b4 <_Z19led_update_reactivem+0x460>
100011ba:	3403      	adds	r4, #3
100011bc:	6111      	str	r1, [r2, #16]
100011be:	42a5      	cmp	r5, r4
100011c0:	d1f0      	bne.n	100011a4 <_Z19led_update_reactivem+0x450>
100011c2:	e6fa      	b.n	10000fba <_Z19led_update_reactivem+0x266>
100011c4:	250f      	movs	r5, #15
100011c6:	2105      	movs	r1, #5
100011c8:	2019      	movs	r0, #25
100011ca:	e62c      	b.n	10000e26 <_Z19led_update_reactivem+0xd2>
100011cc:	2172      	movs	r1, #114	; 0x72
100011ce:	2274      	movs	r2, #116	; 0x74
100011d0:	5c68      	ldrb	r0, [r5, r1]
100011d2:	3101      	adds	r1, #1
100011d4:	5c69      	ldrb	r1, [r5, r1]
100011d6:	5cad      	ldrb	r5, [r5, r2]
100011d8:	e749      	b.n	1000106e <_Z19led_update_reactivem+0x31a>
100011da:	332e      	adds	r3, #46	; 0x2e
100011dc:	469a      	mov	sl, r3
100011de:	2300      	movs	r3, #0
100011e0:	4c55      	ldr	r4, [pc, #340]	; (10001338 <_Z19led_update_reactivem+0x5e4>)
100011e2:	44aa      	add	sl, r5
100011e4:	4656      	mov	r6, sl
100011e6:	9501      	str	r5, [sp, #4]
100011e8:	46ba      	mov	sl, r7
100011ea:	001d      	movs	r5, r3
100011ec:	9402      	str	r4, [sp, #8]
100011ee:	9403      	str	r4, [sp, #12]
100011f0:	e008      	b.n	10001204 <_Z19led_update_reactivem+0x4b0>
100011f2:	2300      	movs	r3, #0
100011f4:	7023      	strb	r3, [r4, #0]
100011f6:	7063      	strb	r3, [r4, #1]
100011f8:	70a3      	strb	r3, [r4, #2]
100011fa:	3501      	adds	r5, #1
100011fc:	3403      	adds	r4, #3
100011fe:	3603      	adds	r6, #3
10001200:	2d15      	cmp	r5, #21
10001202:	d04d      	beq.n	100012a0 <_Z19led_update_reactivem+0x54c>
10001204:	4653      	mov	r3, sl
10001206:	2201      	movs	r2, #1
10001208:	40eb      	lsrs	r3, r5
1000120a:	421a      	tst	r2, r3
1000120c:	d1f1      	bne.n	100011f2 <_Z19led_update_reactivem+0x49e>
1000120e:	7833      	ldrb	r3, [r6, #0]
10001210:	7820      	ldrb	r0, [r4, #0]
10001212:	4699      	mov	r9, r3
10001214:	7873      	ldrb	r3, [r6, #1]
10001216:	78b7      	ldrb	r7, [r6, #2]
10001218:	4698      	mov	r8, r3
1000121a:	4581      	cmp	r9, r0
1000121c:	d90c      	bls.n	10001238 <_Z19led_update_reactivem+0x4e4>
1000121e:	3012      	adds	r0, #18
10001220:	f005 fcd2 	bl	10006bc8 <__wrap___aeabi_i2f>
10001224:	4683      	mov	fp, r0
10001226:	4648      	mov	r0, r9
10001228:	f005 fcc9 	bl	10006bbe <__wrap___aeabi_ui2f>
1000122c:	4659      	mov	r1, fp
1000122e:	f008 fca7 	bl	10009b80 <__fminf_veneer>
10001232:	f005 fd1d 	bl	10006c70 <__wrap___aeabi_f2uiz>
10001236:	7020      	strb	r0, [r4, #0]
10001238:	7860      	ldrb	r0, [r4, #1]
1000123a:	4580      	cmp	r8, r0
1000123c:	d90c      	bls.n	10001258 <_Z19led_update_reactivem+0x504>
1000123e:	3012      	adds	r0, #18
10001240:	f005 fcc2 	bl	10006bc8 <__wrap___aeabi_i2f>
10001244:	4681      	mov	r9, r0
10001246:	4640      	mov	r0, r8
10001248:	f005 fcb9 	bl	10006bbe <__wrap___aeabi_ui2f>
1000124c:	4649      	mov	r1, r9
1000124e:	f008 fc97 	bl	10009b80 <__fminf_veneer>
10001252:	f005 fd0d 	bl	10006c70 <__wrap___aeabi_f2uiz>
10001256:	7060      	strb	r0, [r4, #1]
10001258:	78a0      	ldrb	r0, [r4, #2]
1000125a:	4287      	cmp	r7, r0
1000125c:	d9cd      	bls.n	100011fa <_Z19led_update_reactivem+0x4a6>
1000125e:	3012      	adds	r0, #18
10001260:	f005 fcb2 	bl	10006bc8 <__wrap___aeabi_i2f>
10001264:	4680      	mov	r8, r0
10001266:	0038      	movs	r0, r7
10001268:	f005 fca9 	bl	10006bbe <__wrap___aeabi_ui2f>
1000126c:	4641      	mov	r1, r8
1000126e:	f008 fc87 	bl	10009b80 <__fminf_veneer>
10001272:	f005 fcfd 	bl	10006c70 <__wrap___aeabi_f2uiz>
10001276:	70a0      	strb	r0, [r4, #2]
10001278:	e7bf      	b.n	100011fa <_Z19led_update_reactivem+0x4a6>
1000127a:	2251      	movs	r2, #81	; 0x51
1000127c:	2100      	movs	r1, #0
1000127e:	482e      	ldr	r0, [pc, #184]	; (10001338 <_Z19led_update_reactivem+0x5e4>)
10001280:	f005 fe3e 	bl	10006f00 <__wrap_memset>
10001284:	2280      	movs	r2, #128	; 0x80
10001286:	241b      	movs	r4, #27
10001288:	492c      	ldr	r1, [pc, #176]	; (1000133c <_Z19led_update_reactivem+0x5e8>)
1000128a:	0252      	lsls	r2, r2, #9
1000128c:	684b      	ldr	r3, [r1, #4]
1000128e:	0018      	movs	r0, r3
10001290:	4010      	ands	r0, r2
10001292:	4213      	tst	r3, r2
10001294:	d1fa      	bne.n	1000128c <_Z19led_update_reactivem+0x538>
10001296:	3c01      	subs	r4, #1
10001298:	6108      	str	r0, [r1, #16]
1000129a:	2c00      	cmp	r4, #0
1000129c:	d1f6      	bne.n	1000128c <_Z19led_update_reactivem+0x538>
1000129e:	e68c      	b.n	10000fba <_Z19led_update_reactivem+0x266>
100012a0:	236f      	movs	r3, #111	; 0x6f
100012a2:	9d01      	ldr	r5, [sp, #4]
100012a4:	9c03      	ldr	r4, [sp, #12]
100012a6:	5ceb      	ldrb	r3, [r5, r3]
100012a8:	9e02      	ldr	r6, [sp, #8]
100012aa:	469c      	mov	ip, r3
100012ac:	2370      	movs	r3, #112	; 0x70
100012ae:	5cef      	ldrb	r7, [r5, r3]
100012b0:	3301      	adds	r3, #1
100012b2:	5ce8      	ldrb	r0, [r5, r3]
100012b4:	3301      	adds	r3, #1
100012b6:	5ce9      	ldrb	r1, [r5, r3]
100012b8:	3301      	adds	r3, #1
100012ba:	5cea      	ldrb	r2, [r5, r3]
100012bc:	3301      	adds	r3, #1
100012be:	5ceb      	ldrb	r3, [r5, r3]
100012c0:	253f      	movs	r5, #63	; 0x3f
100012c2:	4698      	mov	r8, r3
100012c4:	4663      	mov	r3, ip
100012c6:	5563      	strb	r3, [r4, r5]
100012c8:	3501      	adds	r5, #1
100012ca:	5567      	strb	r7, [r4, r5]
100012cc:	3501      	adds	r5, #1
100012ce:	5560      	strb	r0, [r4, r5]
100012d0:	3501      	adds	r5, #1
100012d2:	5563      	strb	r3, [r4, r5]
100012d4:	3501      	adds	r5, #1
100012d6:	5567      	strb	r7, [r4, r5]
100012d8:	3501      	adds	r5, #1
100012da:	5560      	strb	r0, [r4, r5]
100012dc:	3501      	adds	r5, #1
100012de:	5563      	strb	r3, [r4, r5]
100012e0:	3501      	adds	r5, #1
100012e2:	5567      	strb	r7, [r4, r5]
100012e4:	3501      	adds	r5, #1
100012e6:	5560      	strb	r0, [r4, r5]
100012e8:	2048      	movs	r0, #72	; 0x48
100012ea:	4643      	mov	r3, r8
100012ec:	5421      	strb	r1, [r4, r0]
100012ee:	3001      	adds	r0, #1
100012f0:	5422      	strb	r2, [r4, r0]
100012f2:	3001      	adds	r0, #1
100012f4:	5423      	strb	r3, [r4, r0]
100012f6:	3001      	adds	r0, #1
100012f8:	5421      	strb	r1, [r4, r0]
100012fa:	3001      	adds	r0, #1
100012fc:	5422      	strb	r2, [r4, r0]
100012fe:	3001      	adds	r0, #1
10001300:	5423      	strb	r3, [r4, r0]
10001302:	3001      	adds	r0, #1
10001304:	5421      	strb	r1, [r4, r0]
10001306:	214f      	movs	r1, #79	; 0x4f
10001308:	5462      	strb	r2, [r4, r1]
1000130a:	2250      	movs	r2, #80	; 0x50
1000130c:	2080      	movs	r0, #128	; 0x80
1000130e:	54a3      	strb	r3, [r4, r2]
10001310:	4a0a      	ldr	r2, [pc, #40]	; (1000133c <_Z19led_update_reactivem+0x5e8>)
10001312:	3451      	adds	r4, #81	; 0x51
10001314:	0240      	lsls	r0, r0, #9
10001316:	7871      	ldrb	r1, [r6, #1]
10001318:	7833      	ldrb	r3, [r6, #0]
1000131a:	0409      	lsls	r1, r1, #16
1000131c:	021b      	lsls	r3, r3, #8
1000131e:	4319      	orrs	r1, r3
10001320:	78b3      	ldrb	r3, [r6, #2]
10001322:	4319      	orrs	r1, r3
10001324:	0209      	lsls	r1, r1, #8
10001326:	6853      	ldr	r3, [r2, #4]
10001328:	4203      	tst	r3, r0
1000132a:	d1fc      	bne.n	10001326 <_Z19led_update_reactivem+0x5d2>
1000132c:	3603      	adds	r6, #3
1000132e:	6111      	str	r1, [r2, #16]
10001330:	42b4      	cmp	r4, r6
10001332:	d1f0      	bne.n	10001316 <_Z19led_update_reactivem+0x5c2>
10001334:	e641      	b.n	10000fba <_Z19led_update_reactivem+0x266>
10001336:	46c0      	nop			; (mov r8, r8)
10001338:	20001810 	.word	0x20001810
1000133c:	50200000 	.word	0x50200000
10001340:	f002 fcde 	bl	10003d00 <time_us_64>
10001344:	2900      	cmp	r1, #0
10001346:	d100      	bne.n	1000134a <_Z19led_update_reactivem+0x5f6>
10001348:	e0cf      	b.n	100014ea <_Z19led_update_reactivem+0x796>
1000134a:	22fa      	movs	r2, #250	; 0xfa
1000134c:	2300      	movs	r3, #0
1000134e:	0092      	lsls	r2, r2, #2
10001350:	f004 fddc 	bl	10005f0c <__wrap___aeabi_uldivmod>
10001354:	49ee      	ldr	r1, [pc, #952]	; (10001710 <_Z19led_update_reactivem+0x9bc>)
10001356:	f004 fd9b 	bl	10005e90 <__wrap___aeabi_uidiv>
1000135a:	0008      	movs	r0, r1
1000135c:	f005 fc2f 	bl	10006bbe <__wrap___aeabi_ui2f>
10001360:	49ec      	ldr	r1, [pc, #944]	; (10001714 <_Z19led_update_reactivem+0x9c0>)
10001362:	f005 fbd6 	bl	10006b12 <__wrap___aeabi_fdiv>
10001366:	1c01      	adds	r1, r0, #0
10001368:	f005 fbd0 	bl	10006b0c <__wrap___aeabi_fadd>
1000136c:	49ea      	ldr	r1, [pc, #936]	; (10001718 <_Z19led_update_reactivem+0x9c4>)
1000136e:	f005 fbe4 	bl	10006b3a <__wrap___aeabi_fmul>
10001372:	f005 fc93 	bl	10006c9c <__wrap_sinf>
10001376:	49e9      	ldr	r1, [pc, #932]	; (1000171c <_Z19led_update_reactivem+0x9c8>)
10001378:	f005 fbdf 	bl	10006b3a <__wrap___aeabi_fmul>
1000137c:	49e8      	ldr	r1, [pc, #928]	; (10001720 <_Z19led_update_reactivem+0x9cc>)
1000137e:	f005 fbc5 	bl	10006b0c <__wrap___aeabi_fadd>
10001382:	2330      	movs	r3, #48	; 0x30
10001384:	4698      	mov	r8, r3
10001386:	4ce7      	ldr	r4, [pc, #924]	; (10001724 <_Z19led_update_reactivem+0x9d0>)
10001388:	44a8      	add	r8, r5
1000138a:	0027      	movs	r7, r4
1000138c:	46a1      	mov	r9, r4
1000138e:	46a2      	mov	sl, r4
10001390:	4644      	mov	r4, r8
10001392:	46a8      	mov	r8, r5
10001394:	1c05      	adds	r5, r0, #0
10001396:	7860      	ldrb	r0, [r4, #1]
10001398:	f005 fc16 	bl	10006bc8 <__wrap___aeabi_i2f>
1000139c:	1c29      	adds	r1, r5, #0
1000139e:	f005 fbcc 	bl	10006b3a <__wrap___aeabi_fmul>
100013a2:	f005 fc65 	bl	10006c70 <__wrap___aeabi_f2uiz>
100013a6:	b2c6      	uxtb	r6, r0
100013a8:	78a0      	ldrb	r0, [r4, #2]
100013aa:	f005 fc0d 	bl	10006bc8 <__wrap___aeabi_i2f>
100013ae:	1c29      	adds	r1, r5, #0
100013b0:	f005 fbc3 	bl	10006b3a <__wrap___aeabi_fmul>
100013b4:	f005 fc5c 	bl	10006c70 <__wrap___aeabi_f2uiz>
100013b8:	b2c3      	uxtb	r3, r0
100013ba:	469b      	mov	fp, r3
100013bc:	7820      	ldrb	r0, [r4, #0]
100013be:	f005 fc03 	bl	10006bc8 <__wrap___aeabi_i2f>
100013c2:	1c29      	adds	r1, r5, #0
100013c4:	f005 fbb9 	bl	10006b3a <__wrap___aeabi_fmul>
100013c8:	f005 fc52 	bl	10006c70 <__wrap___aeabi_f2uiz>
100013cc:	465b      	mov	r3, fp
100013ce:	70bb      	strb	r3, [r7, #2]
100013d0:	4bd5      	ldr	r3, [pc, #852]	; (10001728 <_Z19led_update_reactivem+0x9d4>)
100013d2:	7038      	strb	r0, [r7, #0]
100013d4:	707e      	strb	r6, [r7, #1]
100013d6:	3703      	adds	r7, #3
100013d8:	3403      	adds	r4, #3
100013da:	429f      	cmp	r7, r3
100013dc:	d1db      	bne.n	10001396 <_Z19led_update_reactivem+0x642>
100013de:	46ab      	mov	fp, r5
100013e0:	236f      	movs	r3, #111	; 0x6f
100013e2:	4645      	mov	r5, r8
100013e4:	5ce8      	ldrb	r0, [r5, r3]
100013e6:	f005 fbef 	bl	10006bc8 <__wrap___aeabi_i2f>
100013ea:	4659      	mov	r1, fp
100013ec:	f005 fba5 	bl	10006b3a <__wrap___aeabi_fmul>
100013f0:	f005 fc3e 	bl	10006c70 <__wrap___aeabi_f2uiz>
100013f4:	b2c3      	uxtb	r3, r0
100013f6:	4654      	mov	r4, sl
100013f8:	469a      	mov	sl, r3
100013fa:	2370      	movs	r3, #112	; 0x70
100013fc:	5ce8      	ldrb	r0, [r5, r3]
100013fe:	f005 fbe3 	bl	10006bc8 <__wrap___aeabi_i2f>
10001402:	4659      	mov	r1, fp
10001404:	f005 fb99 	bl	10006b3a <__wrap___aeabi_fmul>
10001408:	f005 fc32 	bl	10006c70 <__wrap___aeabi_f2uiz>
1000140c:	b2c3      	uxtb	r3, r0
1000140e:	464e      	mov	r6, r9
10001410:	4699      	mov	r9, r3
10001412:	2371      	movs	r3, #113	; 0x71
10001414:	5ce8      	ldrb	r0, [r5, r3]
10001416:	f005 fbd7 	bl	10006bc8 <__wrap___aeabi_i2f>
1000141a:	4659      	mov	r1, fp
1000141c:	f005 fb8d 	bl	10006b3a <__wrap___aeabi_fmul>
10001420:	f005 fc26 	bl	10006c70 <__wrap___aeabi_f2uiz>
10001424:	b2c3      	uxtb	r3, r0
10001426:	4698      	mov	r8, r3
10001428:	2372      	movs	r3, #114	; 0x72
1000142a:	5ce8      	ldrb	r0, [r5, r3]
1000142c:	f005 fbcc 	bl	10006bc8 <__wrap___aeabi_i2f>
10001430:	4659      	mov	r1, fp
10001432:	f005 fb82 	bl	10006b3a <__wrap___aeabi_fmul>
10001436:	f005 fc1b 	bl	10006c70 <__wrap___aeabi_f2uiz>
1000143a:	2373      	movs	r3, #115	; 0x73
1000143c:	b2c7      	uxtb	r7, r0
1000143e:	5ce8      	ldrb	r0, [r5, r3]
10001440:	f005 fbc2 	bl	10006bc8 <__wrap___aeabi_i2f>
10001444:	4659      	mov	r1, fp
10001446:	f005 fb78 	bl	10006b3a <__wrap___aeabi_fmul>
1000144a:	f005 fc11 	bl	10006c70 <__wrap___aeabi_f2uiz>
1000144e:	2374      	movs	r3, #116	; 0x74
10001450:	b2c2      	uxtb	r2, r0
10001452:	9201      	str	r2, [sp, #4]
10001454:	5ce8      	ldrb	r0, [r5, r3]
10001456:	f005 fbb7 	bl	10006bc8 <__wrap___aeabi_i2f>
1000145a:	4659      	mov	r1, fp
1000145c:	f005 fb6d 	bl	10006b3a <__wrap___aeabi_fmul>
10001460:	f005 fc06 	bl	10006c70 <__wrap___aeabi_f2uiz>
10001464:	233f      	movs	r3, #63	; 0x3f
10001466:	4651      	mov	r1, sl
10001468:	54e1      	strb	r1, [r4, r3]
1000146a:	4649      	mov	r1, r9
1000146c:	3301      	adds	r3, #1
1000146e:	54e1      	strb	r1, [r4, r3]
10001470:	4641      	mov	r1, r8
10001472:	3301      	adds	r3, #1
10001474:	54e1      	strb	r1, [r4, r3]
10001476:	4651      	mov	r1, sl
10001478:	3301      	adds	r3, #1
1000147a:	54e1      	strb	r1, [r4, r3]
1000147c:	4649      	mov	r1, r9
1000147e:	3301      	adds	r3, #1
10001480:	54e1      	strb	r1, [r4, r3]
10001482:	4641      	mov	r1, r8
10001484:	3301      	adds	r3, #1
10001486:	54e1      	strb	r1, [r4, r3]
10001488:	4651      	mov	r1, sl
1000148a:	3301      	adds	r3, #1
1000148c:	54e1      	strb	r1, [r4, r3]
1000148e:	4649      	mov	r1, r9
10001490:	3301      	adds	r3, #1
10001492:	54e1      	strb	r1, [r4, r3]
10001494:	4641      	mov	r1, r8
10001496:	3301      	adds	r3, #1
10001498:	54e1      	strb	r1, [r4, r3]
1000149a:	9a01      	ldr	r2, [sp, #4]
1000149c:	3301      	adds	r3, #1
1000149e:	54e7      	strb	r7, [r4, r3]
100014a0:	3301      	adds	r3, #1
100014a2:	54e2      	strb	r2, [r4, r3]
100014a4:	b2c0      	uxtb	r0, r0
100014a6:	3301      	adds	r3, #1
100014a8:	54e0      	strb	r0, [r4, r3]
100014aa:	3301      	adds	r3, #1
100014ac:	54e7      	strb	r7, [r4, r3]
100014ae:	3301      	adds	r3, #1
100014b0:	54e2      	strb	r2, [r4, r3]
100014b2:	3301      	adds	r3, #1
100014b4:	54e0      	strb	r0, [r4, r3]
100014b6:	3301      	adds	r3, #1
100014b8:	54e7      	strb	r7, [r4, r3]
100014ba:	3301      	adds	r3, #1
100014bc:	54e2      	strb	r2, [r4, r3]
100014be:	3301      	adds	r3, #1
100014c0:	54e0      	strb	r0, [r4, r3]
100014c2:	2080      	movs	r0, #128	; 0x80
100014c4:	4a99      	ldr	r2, [pc, #612]	; (1000172c <_Z19led_update_reactivem+0x9d8>)
100014c6:	3451      	adds	r4, #81	; 0x51
100014c8:	0240      	lsls	r0, r0, #9
100014ca:	7871      	ldrb	r1, [r6, #1]
100014cc:	7833      	ldrb	r3, [r6, #0]
100014ce:	0409      	lsls	r1, r1, #16
100014d0:	021b      	lsls	r3, r3, #8
100014d2:	4319      	orrs	r1, r3
100014d4:	78b3      	ldrb	r3, [r6, #2]
100014d6:	4319      	orrs	r1, r3
100014d8:	0209      	lsls	r1, r1, #8
100014da:	6853      	ldr	r3, [r2, #4]
100014dc:	4203      	tst	r3, r0
100014de:	d1fc      	bne.n	100014da <_Z19led_update_reactivem+0x786>
100014e0:	3603      	adds	r6, #3
100014e2:	6111      	str	r1, [r2, #16]
100014e4:	42a6      	cmp	r6, r4
100014e6:	d1f0      	bne.n	100014ca <_Z19led_update_reactivem+0x776>
100014e8:	e567      	b.n	10000fba <_Z19led_update_reactivem+0x266>
100014ea:	21fa      	movs	r1, #250	; 0xfa
100014ec:	0089      	lsls	r1, r1, #2
100014ee:	f004 fccf 	bl	10005e90 <__wrap___aeabi_uidiv>
100014f2:	e72f      	b.n	10001354 <_Z19led_update_reactivem+0x600>
100014f4:	f002 fc04 	bl	10003d00 <time_us_64>
100014f8:	2900      	cmp	r1, #0
100014fa:	d100      	bne.n	100014fe <_Z19led_update_reactivem+0x7aa>
100014fc:	e193      	b.n	10001826 <_Z19led_update_reactivem+0xad2>
100014fe:	22fa      	movs	r2, #250	; 0xfa
10001500:	2300      	movs	r3, #0
10001502:	0092      	lsls	r2, r2, #2
10001504:	f004 fd02 	bl	10005f0c <__wrap___aeabi_uldivmod>
10001508:	0540      	lsls	r0, r0, #21
1000150a:	0e03      	lsrs	r3, r0, #24
1000150c:	4698      	mov	r8, r3
1000150e:	9301      	str	r3, [sp, #4]
10001510:	233f      	movs	r3, #63	; 0x3f
10001512:	4c84      	ldr	r4, [pc, #528]	; (10001724 <_Z19led_update_reactivem+0x9d0>)
10001514:	469b      	mov	fp, r3
10001516:	0025      	movs	r5, r4
10001518:	3389      	adds	r3, #137	; 0x89
1000151a:	4699      	mov	r9, r3
1000151c:	4b84      	ldr	r3, [pc, #528]	; (10001730 <_Z19led_update_reactivem+0x9dc>)
1000151e:	0026      	movs	r6, r4
10001520:	44a3      	add	fp, r4
10001522:	9402      	str	r4, [sp, #8]
10001524:	27ff      	movs	r7, #255	; 0xff
10001526:	4644      	mov	r4, r8
10001528:	469a      	mov	sl, r3
1000152a:	46a8      	mov	r8, r5
1000152c:	0038      	movs	r0, r7
1000152e:	212b      	movs	r1, #43	; 0x2b
10001530:	4020      	ands	r0, r4
10001532:	f004 fcad 	bl	10005e90 <__wrap___aeabi_uidiv>
10001536:	0039      	movs	r1, r7
10001538:	b285      	uxth	r5, r0
1000153a:	0683      	lsls	r3, r0, #26
1000153c:	b2c2      	uxtb	r2, r0
1000153e:	4648      	mov	r0, r9
10001540:	1b5b      	subs	r3, r3, r5
10001542:	009b      	lsls	r3, r3, #2
10001544:	195b      	adds	r3, r3, r5
10001546:	009b      	lsls	r3, r3, #2
10001548:	195b      	adds	r3, r3, r5
1000154a:	009b      	lsls	r3, r3, #2
1000154c:	4021      	ands	r1, r4
1000154e:	195b      	adds	r3, r3, r5
10001550:	185b      	adds	r3, r3, r1
10001552:	0059      	lsls	r1, r3, #1
10001554:	185b      	adds	r3, r3, r1
10001556:	005b      	lsls	r3, r3, #1
10001558:	b2db      	uxtb	r3, r3
1000155a:	0219      	lsls	r1, r3, #8
1000155c:	1ac9      	subs	r1, r1, r3
1000155e:	1209      	asrs	r1, r1, #8
10001560:	1a79      	subs	r1, r7, r1
10001562:	4341      	muls	r1, r0
10001564:	1af8      	subs	r0, r7, r3
10001566:	0203      	lsls	r3, r0, #8
10001568:	1a1b      	subs	r3, r3, r0
1000156a:	4648      	mov	r0, r9
1000156c:	121b      	asrs	r3, r3, #8
1000156e:	1afb      	subs	r3, r7, r3
10001570:	4343      	muls	r3, r0
10001572:	1209      	asrs	r1, r1, #8
10001574:	121b      	asrs	r3, r3, #8
10001576:	b2c9      	uxtb	r1, r1
10001578:	b2db      	uxtb	r3, r3
1000157a:	2a04      	cmp	r2, #4
1000157c:	d900      	bls.n	10001580 <_Z19led_update_reactivem+0x82c>
1000157e:	e14e      	b.n	1000181e <_Z19led_update_reactivem+0xaca>
10001580:	4655      	mov	r5, sl
10001582:	0090      	lsls	r0, r2, #2
10001584:	5828      	ldr	r0, [r5, r0]
10001586:	4687      	mov	pc, r0
10001588:	2200      	movs	r2, #0
1000158a:	23c8      	movs	r3, #200	; 0xc8
1000158c:	7031      	strb	r1, [r6, #0]
1000158e:	7073      	strb	r3, [r6, #1]
10001590:	70b2      	strb	r2, [r6, #2]
10001592:	3603      	adds	r6, #3
10001594:	340c      	adds	r4, #12
10001596:	455e      	cmp	r6, fp
10001598:	d1c8      	bne.n	1000152c <_Z19led_update_reactivem+0x7d8>
1000159a:	26ff      	movs	r6, #255	; 0xff
1000159c:	9f01      	ldr	r7, [sp, #4]
1000159e:	212b      	movs	r1, #43	; 0x2b
100015a0:	371e      	adds	r7, #30
100015a2:	4037      	ands	r7, r6
100015a4:	0038      	movs	r0, r7
100015a6:	f004 fc73 	bl	10005e90 <__wrap___aeabi_uidiv>
100015aa:	b282      	uxth	r2, r0
100015ac:	0683      	lsls	r3, r0, #26
100015ae:	b2c1      	uxtb	r1, r0
100015b0:	20dc      	movs	r0, #220	; 0xdc
100015b2:	1a9b      	subs	r3, r3, r2
100015b4:	009b      	lsls	r3, r3, #2
100015b6:	189b      	adds	r3, r3, r2
100015b8:	009b      	lsls	r3, r3, #2
100015ba:	189b      	adds	r3, r3, r2
100015bc:	009b      	lsls	r3, r3, #2
100015be:	189b      	adds	r3, r3, r2
100015c0:	19db      	adds	r3, r3, r7
100015c2:	005a      	lsls	r2, r3, #1
100015c4:	189b      	adds	r3, r3, r2
100015c6:	005b      	lsls	r3, r3, #1
100015c8:	b2db      	uxtb	r3, r3
100015ca:	021a      	lsls	r2, r3, #8
100015cc:	1ad2      	subs	r2, r2, r3
100015ce:	1af3      	subs	r3, r6, r3
100015d0:	021f      	lsls	r7, r3, #8
100015d2:	1afb      	subs	r3, r7, r3
100015d4:	1212      	asrs	r2, r2, #8
100015d6:	121b      	asrs	r3, r3, #8
100015d8:	1ab2      	subs	r2, r6, r2
100015da:	1af3      	subs	r3, r6, r3
100015dc:	4342      	muls	r2, r0
100015de:	4343      	muls	r3, r0
100015e0:	1212      	asrs	r2, r2, #8
100015e2:	121b      	asrs	r3, r3, #8
100015e4:	4644      	mov	r4, r8
100015e6:	9d02      	ldr	r5, [sp, #8]
100015e8:	b2d2      	uxtb	r2, r2
100015ea:	b2db      	uxtb	r3, r3
100015ec:	2904      	cmp	r1, #4
100015ee:	d900      	bls.n	100015f2 <_Z19led_update_reactivem+0x89e>
100015f0:	e13d      	b.n	1000186e <_Z19led_update_reactivem+0xb1a>
100015f2:	4e50      	ldr	r6, [pc, #320]	; (10001734 <_Z19led_update_reactivem+0x9e0>)
100015f4:	0088      	lsls	r0, r1, #2
100015f6:	5830      	ldr	r0, [r6, r0]
100015f8:	4687      	mov	pc, r0
100015fa:	21c8      	movs	r1, #200	; 0xc8
100015fc:	e7c6      	b.n	1000158c <_Z19led_update_reactivem+0x838>
100015fe:	0019      	movs	r1, r3
10001600:	22c8      	movs	r2, #200	; 0xc8
10001602:	2300      	movs	r3, #0
10001604:	e7c2      	b.n	1000158c <_Z19led_update_reactivem+0x838>
10001606:	000b      	movs	r3, r1
10001608:	22c8      	movs	r2, #200	; 0xc8
1000160a:	2100      	movs	r1, #0
1000160c:	e7be      	b.n	1000158c <_Z19led_update_reactivem+0x838>
1000160e:	001a      	movs	r2, r3
10001610:	2100      	movs	r1, #0
10001612:	23c8      	movs	r3, #200	; 0xc8
10001614:	e7ba      	b.n	1000158c <_Z19led_update_reactivem+0x838>
10001616:	223f      	movs	r2, #63	; 0x3f
10001618:	4947      	ldr	r1, [pc, #284]	; (10001738 <_Z19led_update_reactivem+0x9e4>)
1000161a:	54a3      	strb	r3, [r4, r2]
1000161c:	3201      	adds	r2, #1
1000161e:	52a1      	strh	r1, [r4, r2]
10001620:	2100      	movs	r1, #0
10001622:	3202      	adds	r2, #2
10001624:	54a3      	strb	r3, [r4, r2]
10001626:	3201      	adds	r2, #1
10001628:	54a1      	strb	r1, [r4, r2]
1000162a:	3201      	adds	r2, #1
1000162c:	31dc      	adds	r1, #220	; 0xdc
1000162e:	54a1      	strb	r1, [r4, r2]
10001630:	001a      	movs	r2, r3
10001632:	2300      	movs	r3, #0
10001634:	2045      	movs	r0, #69	; 0x45
10001636:	5422      	strb	r2, [r4, r0]
10001638:	2246      	movs	r2, #70	; 0x46
1000163a:	26ff      	movs	r6, #255	; 0xff
1000163c:	54a3      	strb	r3, [r4, r2]
1000163e:	2347      	movs	r3, #71	; 0x47
10001640:	9f01      	ldr	r7, [sp, #4]
10001642:	54e1      	strb	r1, [r4, r3]
10001644:	37b4      	adds	r7, #180	; 0xb4
10001646:	4037      	ands	r7, r6
10001648:	212b      	movs	r1, #43	; 0x2b
1000164a:	0038      	movs	r0, r7
1000164c:	f004 fc20 	bl	10005e90 <__wrap___aeabi_uidiv>
10001650:	b281      	uxth	r1, r0
10001652:	0683      	lsls	r3, r0, #26
10001654:	b2c2      	uxtb	r2, r0
10001656:	20dc      	movs	r0, #220	; 0xdc
10001658:	1a5b      	subs	r3, r3, r1
1000165a:	009b      	lsls	r3, r3, #2
1000165c:	185b      	adds	r3, r3, r1
1000165e:	009b      	lsls	r3, r3, #2
10001660:	185b      	adds	r3, r3, r1
10001662:	009b      	lsls	r3, r3, #2
10001664:	185b      	adds	r3, r3, r1
10001666:	19db      	adds	r3, r3, r7
10001668:	0059      	lsls	r1, r3, #1
1000166a:	185b      	adds	r3, r3, r1
1000166c:	005b      	lsls	r3, r3, #1
1000166e:	b2db      	uxtb	r3, r3
10001670:	0219      	lsls	r1, r3, #8
10001672:	1ac9      	subs	r1, r1, r3
10001674:	1af3      	subs	r3, r6, r3
10001676:	021f      	lsls	r7, r3, #8
10001678:	1afb      	subs	r3, r7, r3
1000167a:	1209      	asrs	r1, r1, #8
1000167c:	121b      	asrs	r3, r3, #8
1000167e:	1a71      	subs	r1, r6, r1
10001680:	1af3      	subs	r3, r6, r3
10001682:	4341      	muls	r1, r0
10001684:	4343      	muls	r3, r0
10001686:	1209      	asrs	r1, r1, #8
10001688:	121b      	asrs	r3, r3, #8
1000168a:	b2c9      	uxtb	r1, r1
1000168c:	b2db      	uxtb	r3, r3
1000168e:	2a04      	cmp	r2, #4
10001690:	d900      	bls.n	10001694 <_Z19led_update_reactivem+0x940>
10001692:	e0dd      	b.n	10001850 <_Z19led_update_reactivem+0xafc>
10001694:	4e29      	ldr	r6, [pc, #164]	; (1000173c <_Z19led_update_reactivem+0x9e8>)
10001696:	0090      	lsls	r0, r2, #2
10001698:	5830      	ldr	r0, [r6, r0]
1000169a:	4687      	mov	pc, r0
1000169c:	2348      	movs	r3, #72	; 0x48
1000169e:	2200      	movs	r2, #0
100016a0:	54e2      	strb	r2, [r4, r3]
100016a2:	3301      	adds	r3, #1
100016a4:	54e1      	strb	r1, [r4, r3]
100016a6:	324a      	adds	r2, #74	; 0x4a
100016a8:	3393      	adds	r3, #147	; 0x93
100016aa:	52a3      	strh	r3, [r4, r2]
100016ac:	3202      	adds	r2, #2
100016ae:	54a1      	strb	r1, [r4, r2]
100016b0:	3201      	adds	r2, #1
100016b2:	54a3      	strb	r3, [r4, r2]
100016b4:	000b      	movs	r3, r1
100016b6:	2100      	movs	r1, #0
100016b8:	328f      	adds	r2, #143	; 0x8f
100016ba:	204e      	movs	r0, #78	; 0x4e
100016bc:	5421      	strb	r1, [r4, r0]
100016be:	214f      	movs	r1, #79	; 0x4f
100016c0:	5463      	strb	r3, [r4, r1]
100016c2:	2350      	movs	r3, #80	; 0x50
100016c4:	2080      	movs	r0, #128	; 0x80
100016c6:	54e2      	strb	r2, [r4, r3]
100016c8:	4a18      	ldr	r2, [pc, #96]	; (1000172c <_Z19led_update_reactivem+0x9d8>)
100016ca:	3451      	adds	r4, #81	; 0x51
100016cc:	0240      	lsls	r0, r0, #9
100016ce:	7869      	ldrb	r1, [r5, #1]
100016d0:	782b      	ldrb	r3, [r5, #0]
100016d2:	0409      	lsls	r1, r1, #16
100016d4:	021b      	lsls	r3, r3, #8
100016d6:	4319      	orrs	r1, r3
100016d8:	78ab      	ldrb	r3, [r5, #2]
100016da:	4319      	orrs	r1, r3
100016dc:	0209      	lsls	r1, r1, #8
100016de:	6853      	ldr	r3, [r2, #4]
100016e0:	4203      	tst	r3, r0
100016e2:	d1fc      	bne.n	100016de <_Z19led_update_reactivem+0x98a>
100016e4:	3503      	adds	r5, #3
100016e6:	6111      	str	r1, [r2, #16]
100016e8:	42ac      	cmp	r4, r5
100016ea:	d1f0      	bne.n	100016ce <_Z19led_update_reactivem+0x97a>
100016ec:	e465      	b.n	10000fba <_Z19led_update_reactivem+0x266>
100016ee:	2248      	movs	r2, #72	; 0x48
100016f0:	4911      	ldr	r1, [pc, #68]	; (10001738 <_Z19led_update_reactivem+0x9e4>)
100016f2:	52a1      	strh	r1, [r4, r2]
100016f4:	2100      	movs	r1, #0
100016f6:	3202      	adds	r2, #2
100016f8:	54a3      	strb	r3, [r4, r2]
100016fa:	3201      	adds	r2, #1
100016fc:	54a1      	strb	r1, [r4, r2]
100016fe:	3201      	adds	r2, #1
10001700:	31dc      	adds	r1, #220	; 0xdc
10001702:	54a1      	strb	r1, [r4, r2]
10001704:	3201      	adds	r2, #1
10001706:	54a3      	strb	r3, [r4, r2]
10001708:	2100      	movs	r1, #0
1000170a:	001a      	movs	r2, r3
1000170c:	23dc      	movs	r3, #220	; 0xdc
1000170e:	e7d4      	b.n	100016ba <_Z19led_update_reactivem+0x966>
10001710:	000009c4 	.word	0x000009c4
10001714:	451c4000 	.word	0x451c4000
10001718:	40490fd0 	.word	0x40490fd0
1000171c:	3ee66666 	.word	0x3ee66666
10001720:	3f0ccccd 	.word	0x3f0ccccd
10001724:	20001810 	.word	0x20001810
10001728:	2000184f 	.word	0x2000184f
1000172c:	50200000 	.word	0x50200000
10001730:	10009c20 	.word	0x10009c20
10001734:	10009c34 	.word	0x10009c34
10001738:	ffffdc00 	.word	0xffffdc00
1000173c:	10009c48 	.word	0x10009c48
10001740:	2348      	movs	r3, #72	; 0x48
10001742:	2249      	movs	r2, #73	; 0x49
10001744:	2000      	movs	r0, #0
10001746:	54e1      	strb	r1, [r4, r3]
10001748:	3394      	adds	r3, #148	; 0x94
1000174a:	54a3      	strb	r3, [r4, r2]
1000174c:	3201      	adds	r2, #1
1000174e:	54a0      	strb	r0, [r4, r2]
10001750:	3201      	adds	r2, #1
10001752:	54a1      	strb	r1, [r4, r2]
10001754:	3201      	adds	r2, #1
10001756:	52a3      	strh	r3, [r4, r2]
10001758:	2200      	movs	r2, #0
1000175a:	e7ae      	b.n	100016ba <_Z19led_update_reactivem+0x966>
1000175c:	2148      	movs	r1, #72	; 0x48
1000175e:	20dc      	movs	r0, #220	; 0xdc
10001760:	5460      	strb	r0, [r4, r1]
10001762:	484a      	ldr	r0, [pc, #296]	; (1000188c <_Z19led_update_reactivem+0xb38>)
10001764:	3101      	adds	r1, #1
10001766:	5463      	strb	r3, [r4, r1]
10001768:	3101      	adds	r1, #1
1000176a:	5260      	strh	r0, [r4, r1]
1000176c:	2000      	movs	r0, #0
1000176e:	3102      	adds	r1, #2
10001770:	5463      	strb	r3, [r4, r1]
10001772:	3101      	adds	r1, #1
10001774:	5460      	strb	r0, [r4, r1]
10001776:	318f      	adds	r1, #143	; 0x8f
10001778:	e79f      	b.n	100016ba <_Z19led_update_reactivem+0x966>
1000177a:	2248      	movs	r2, #72	; 0x48
1000177c:	2100      	movs	r1, #0
1000177e:	54a3      	strb	r3, [r4, r2]
10001780:	3201      	adds	r2, #1
10001782:	54a1      	strb	r1, [r4, r2]
10001784:	3201      	adds	r2, #1
10001786:	31dc      	adds	r1, #220	; 0xdc
10001788:	54a1      	strb	r1, [r4, r2]
1000178a:	4940      	ldr	r1, [pc, #256]	; (1000188c <_Z19led_update_reactivem+0xb38>)
1000178c:	3201      	adds	r2, #1
1000178e:	54a3      	strb	r3, [r4, r2]
10001790:	3201      	adds	r2, #1
10001792:	52a1      	strh	r1, [r4, r2]
10001794:	0019      	movs	r1, r3
10001796:	3290      	adds	r2, #144	; 0x90
10001798:	2300      	movs	r3, #0
1000179a:	e78e      	b.n	100016ba <_Z19led_update_reactivem+0x966>
1000179c:	2100      	movs	r1, #0
1000179e:	233f      	movs	r3, #63	; 0x3f
100017a0:	2041      	movs	r0, #65	; 0x41
100017a2:	54e1      	strb	r1, [r4, r3]
100017a4:	3301      	adds	r3, #1
100017a6:	54e2      	strb	r2, [r4, r3]
100017a8:	339c      	adds	r3, #156	; 0x9c
100017aa:	5423      	strb	r3, [r4, r0]
100017ac:	3001      	adds	r0, #1
100017ae:	5421      	strb	r1, [r4, r0]
100017b0:	3143      	adds	r1, #67	; 0x43
100017b2:	5462      	strb	r2, [r4, r1]
100017b4:	3101      	adds	r1, #1
100017b6:	5463      	strb	r3, [r4, r1]
100017b8:	0013      	movs	r3, r2
100017ba:	3198      	adds	r1, #152	; 0x98
100017bc:	2200      	movs	r2, #0
100017be:	e739      	b.n	10001634 <_Z19led_update_reactivem+0x8e0>
100017c0:	223f      	movs	r2, #63	; 0x3f
100017c2:	2100      	movs	r1, #0
100017c4:	54a1      	strb	r1, [r4, r2]
100017c6:	3201      	adds	r2, #1
100017c8:	31dc      	adds	r1, #220	; 0xdc
100017ca:	54a1      	strb	r1, [r4, r2]
100017cc:	492f      	ldr	r1, [pc, #188]	; (1000188c <_Z19led_update_reactivem+0xb38>)
100017ce:	3201      	adds	r2, #1
100017d0:	54a3      	strb	r3, [r4, r2]
100017d2:	3201      	adds	r2, #1
100017d4:	52a1      	strh	r1, [r4, r2]
100017d6:	3202      	adds	r2, #2
100017d8:	54a3      	strb	r3, [r4, r2]
100017da:	0019      	movs	r1, r3
100017dc:	2200      	movs	r2, #0
100017de:	23dc      	movs	r3, #220	; 0xdc
100017e0:	e728      	b.n	10001634 <_Z19led_update_reactivem+0x8e0>
100017e2:	233f      	movs	r3, #63	; 0x3f
100017e4:	2140      	movs	r1, #64	; 0x40
100017e6:	54e2      	strb	r2, [r4, r3]
100017e8:	339d      	adds	r3, #157	; 0x9d
100017ea:	5263      	strh	r3, [r4, r1]
100017ec:	3102      	adds	r1, #2
100017ee:	5462      	strb	r2, [r4, r1]
100017f0:	3101      	adds	r1, #1
100017f2:	5463      	strb	r3, [r4, r1]
100017f4:	2100      	movs	r1, #0
100017f6:	3b98      	subs	r3, #152	; 0x98
100017f8:	54e1      	strb	r1, [r4, r3]
100017fa:	3398      	adds	r3, #152	; 0x98
100017fc:	e71a      	b.n	10001634 <_Z19led_update_reactivem+0x8e0>
100017fe:	20dc      	movs	r0, #220	; 0xdc
10001800:	223f      	movs	r2, #63	; 0x3f
10001802:	54a0      	strb	r0, [r4, r2]
10001804:	3201      	adds	r2, #1
10001806:	2641      	movs	r6, #65	; 0x41
10001808:	54a3      	strb	r3, [r4, r2]
1000180a:	2200      	movs	r2, #0
1000180c:	55a2      	strb	r2, [r4, r6]
1000180e:	3601      	adds	r6, #1
10001810:	55a0      	strb	r0, [r4, r6]
10001812:	3899      	subs	r0, #153	; 0x99
10001814:	5423      	strb	r3, [r4, r0]
10001816:	3001      	adds	r0, #1
10001818:	5422      	strb	r2, [r4, r0]
1000181a:	32dc      	adds	r2, #220	; 0xdc
1000181c:	e70a      	b.n	10001634 <_Z19led_update_reactivem+0x8e0>
1000181e:	000a      	movs	r2, r1
10001820:	2300      	movs	r3, #0
10001822:	21c8      	movs	r1, #200	; 0xc8
10001824:	e6b2      	b.n	1000158c <_Z19led_update_reactivem+0x838>
10001826:	21fa      	movs	r1, #250	; 0xfa
10001828:	0089      	lsls	r1, r1, #2
1000182a:	f004 fb31 	bl	10005e90 <__wrap___aeabi_uidiv>
1000182e:	e66b      	b.n	10001508 <_Z19led_update_reactivem+0x7b4>
10001830:	002a      	movs	r2, r5
10001832:	0027      	movs	r7, r4
10001834:	0023      	movs	r3, r4
10001836:	3230      	adds	r2, #48	; 0x30
10001838:	373f      	adds	r7, #63	; 0x3f
1000183a:	7816      	ldrb	r6, [r2, #0]
1000183c:	7850      	ldrb	r0, [r2, #1]
1000183e:	7891      	ldrb	r1, [r2, #2]
10001840:	701e      	strb	r6, [r3, #0]
10001842:	7058      	strb	r0, [r3, #1]
10001844:	7099      	strb	r1, [r3, #2]
10001846:	3303      	adds	r3, #3
10001848:	3203      	adds	r2, #3
1000184a:	429f      	cmp	r7, r3
1000184c:	d1f5      	bne.n	1000183a <_Z19led_update_reactivem+0xae6>
1000184e:	e474      	b.n	1000113a <_Z19led_update_reactivem+0x3e6>
10001850:	2348      	movs	r3, #72	; 0x48
10001852:	2200      	movs	r2, #0
10001854:	52e0      	strh	r0, [r4, r3]
10001856:	3302      	adds	r3, #2
10001858:	54e1      	strb	r1, [r4, r3]
1000185a:	3301      	adds	r3, #1
1000185c:	54e0      	strb	r0, [r4, r3]
1000185e:	3301      	adds	r3, #1
10001860:	54e2      	strb	r2, [r4, r3]
10001862:	3301      	adds	r3, #1
10001864:	54e1      	strb	r1, [r4, r3]
10001866:	000a      	movs	r2, r1
10001868:	2300      	movs	r3, #0
1000186a:	21dc      	movs	r1, #220	; 0xdc
1000186c:	e725      	b.n	100016ba <_Z19led_update_reactivem+0x966>
1000186e:	233f      	movs	r3, #63	; 0x3f
10001870:	2100      	movs	r1, #0
10001872:	54e0      	strb	r0, [r4, r3]
10001874:	3301      	adds	r3, #1
10001876:	54e1      	strb	r1, [r4, r3]
10001878:	3301      	adds	r3, #1
1000187a:	54e2      	strb	r2, [r4, r3]
1000187c:	3301      	adds	r3, #1
1000187e:	52e0      	strh	r0, [r4, r3]
10001880:	3302      	adds	r3, #2
10001882:	54e2      	strb	r2, [r4, r3]
10001884:	0011      	movs	r1, r2
10001886:	2300      	movs	r3, #0
10001888:	22dc      	movs	r2, #220	; 0xdc
1000188a:	e6d3      	b.n	10001634 <_Z19led_update_reactivem+0x8e0>
1000188c:	ffffdc00 	.word	0xffffdc00

10001890 <_Z25led_calibration_animation10CalibStagebf>:
10001890:	b570      	push	{r4, r5, r6, lr}
10001892:	4c36      	ldr	r4, [pc, #216]	; (1000196c <_Z25led_calibration_animation10CalibStagebf+0xdc>)
10001894:	0005      	movs	r5, r0
10001896:	000e      	movs	r6, r1
10001898:	2251      	movs	r2, #81	; 0x51
1000189a:	2100      	movs	r1, #0
1000189c:	0020      	movs	r0, r4
1000189e:	f005 fb2f 	bl	10006f00 <__wrap_memset>
100018a2:	2d00      	cmp	r5, #0
100018a4:	d12d      	bne.n	10001902 <_Z25led_calibration_animation10CalibStagebf+0x72>
100018a6:	23ff      	movs	r3, #255	; 0xff
100018a8:	2e00      	cmp	r6, #0
100018aa:	d035      	beq.n	10001918 <_Z25led_calibration_animation10CalibStagebf+0x88>
100018ac:	223f      	movs	r2, #63	; 0x3f
100018ae:	54a5      	strb	r5, [r4, r2]
100018b0:	3201      	adds	r2, #1
100018b2:	54a3      	strb	r3, [r4, r2]
100018b4:	3202      	adds	r2, #2
100018b6:	54a5      	strb	r5, [r4, r2]
100018b8:	3201      	adds	r2, #1
100018ba:	54a3      	strb	r3, [r4, r2]
100018bc:	3202      	adds	r2, #2
100018be:	54a5      	strb	r5, [r4, r2]
100018c0:	3201      	adds	r2, #1
100018c2:	7025      	strb	r5, [r4, #0]
100018c4:	7063      	strb	r3, [r4, #1]
100018c6:	70e5      	strb	r5, [r4, #3]
100018c8:	7123      	strb	r3, [r4, #4]
100018ca:	71a5      	strb	r5, [r4, #6]
100018cc:	71e3      	strb	r3, [r4, #7]
100018ce:	7265      	strb	r5, [r4, #9]
100018d0:	72a3      	strb	r3, [r4, #10]
100018d2:	7325      	strb	r5, [r4, #12]
100018d4:	7363      	strb	r3, [r4, #13]
100018d6:	54a3      	strb	r3, [r4, r2]
100018d8:	0025      	movs	r5, r4
100018da:	2080      	movs	r0, #128	; 0x80
100018dc:	4a24      	ldr	r2, [pc, #144]	; (10001970 <_Z25led_calibration_animation10CalibStagebf+0xe0>)
100018de:	3551      	adds	r5, #81	; 0x51
100018e0:	0240      	lsls	r0, r0, #9
100018e2:	7861      	ldrb	r1, [r4, #1]
100018e4:	7823      	ldrb	r3, [r4, #0]
100018e6:	0409      	lsls	r1, r1, #16
100018e8:	021b      	lsls	r3, r3, #8
100018ea:	4319      	orrs	r1, r3
100018ec:	78a3      	ldrb	r3, [r4, #2]
100018ee:	4319      	orrs	r1, r3
100018f0:	0209      	lsls	r1, r1, #8
100018f2:	6853      	ldr	r3, [r2, #4]
100018f4:	4203      	tst	r3, r0
100018f6:	d1fc      	bne.n	100018f2 <_Z25led_calibration_animation10CalibStagebf+0x62>
100018f8:	3403      	adds	r4, #3
100018fa:	6111      	str	r1, [r2, #16]
100018fc:	42ac      	cmp	r4, r5
100018fe:	d1f0      	bne.n	100018e2 <_Z25led_calibration_animation10CalibStagebf+0x52>
10001900:	bd70      	pop	{r4, r5, r6, pc}
10001902:	2d01      	cmp	r5, #1
10001904:	d00b      	beq.n	1000191e <_Z25led_calibration_animation10CalibStagebf+0x8e>
10001906:	2d02      	cmp	r5, #2
10001908:	d1e6      	bne.n	100018d8 <_Z25led_calibration_animation10CalibStagebf+0x48>
1000190a:	233d      	movs	r3, #61	; 0x3d
1000190c:	22ff      	movs	r2, #255	; 0xff
1000190e:	54e2      	strb	r2, [r4, r3]
10001910:	3b57      	subs	r3, #87	; 0x57
10001912:	8163      	strh	r3, [r4, #10]
10001914:	8523      	strh	r3, [r4, #40]	; 0x28
10001916:	e7df      	b.n	100018d8 <_Z25led_calibration_animation10CalibStagebf+0x48>
10001918:	3b87      	subs	r3, #135	; 0x87
1000191a:	35ff      	adds	r5, #255	; 0xff
1000191c:	e7c6      	b.n	100018ac <_Z25led_calibration_animation10CalibStagebf+0x1c>
1000191e:	2e00      	cmp	r6, #0
10001920:	d120      	bne.n	10001964 <_Z25led_calibration_animation10CalibStagebf+0xd4>
10001922:	2378      	movs	r3, #120	; 0x78
10001924:	22ff      	movs	r2, #255	; 0xff
10001926:	2121      	movs	r1, #33	; 0x21
10001928:	5462      	strb	r2, [r4, r1]
1000192a:	3101      	adds	r1, #1
1000192c:	5463      	strb	r3, [r4, r1]
1000192e:	3102      	adds	r1, #2
10001930:	5462      	strb	r2, [r4, r1]
10001932:	3101      	adds	r1, #1
10001934:	5463      	strb	r3, [r4, r1]
10001936:	3102      	adds	r1, #2
10001938:	5462      	strb	r2, [r4, r1]
1000193a:	3101      	adds	r1, #1
1000193c:	5463      	strb	r3, [r4, r1]
1000193e:	3102      	adds	r1, #2
10001940:	5462      	strb	r2, [r4, r1]
10001942:	3101      	adds	r1, #1
10001944:	5463      	strb	r3, [r4, r1]
10001946:	311d      	adds	r1, #29
10001948:	5462      	strb	r2, [r4, r1]
1000194a:	3101      	adds	r1, #1
1000194c:	5463      	strb	r3, [r4, r1]
1000194e:	3102      	adds	r1, #2
10001950:	5462      	strb	r2, [r4, r1]
10001952:	3101      	adds	r1, #1
10001954:	5463      	strb	r3, [r4, r1]
10001956:	3102      	adds	r1, #2
10001958:	77a2      	strb	r2, [r4, #30]
1000195a:	5462      	strb	r2, [r4, r1]
1000195c:	224f      	movs	r2, #79	; 0x4f
1000195e:	77e3      	strb	r3, [r4, #31]
10001960:	54a3      	strb	r3, [r4, r2]
10001962:	e7b9      	b.n	100018d8 <_Z25led_calibration_animation10CalibStagebf+0x48>
10001964:	23ff      	movs	r3, #255	; 0xff
10001966:	2200      	movs	r2, #0
10001968:	e7dd      	b.n	10001926 <_Z25led_calibration_animation10CalibStagebf+0x96>
1000196a:	46c0      	nop			; (mov r8, r8)
1000196c:	20001810 	.word	0x20001810
10001970:	50200000 	.word	0x50200000

10001974 <_Z23led_flash_confirm_greenv>:
10001974:	b5f8      	push	{r3, r4, r5, r6, r7, lr}
10001976:	2303      	movs	r3, #3
10001978:	4657      	mov	r7, sl
1000197a:	469a      	mov	sl, r3
1000197c:	23ff      	movs	r3, #255	; 0xff
1000197e:	021b      	lsls	r3, r3, #8
10001980:	464e      	mov	r6, r9
10001982:	4699      	mov	r9, r3
10001984:	4b40      	ldr	r3, [pc, #256]	; (10001a88 <_Z23led_flash_confirm_greenv+0x114>)
10001986:	4645      	mov	r5, r8
10001988:	4698      	mov	r8, r3
1000198a:	2350      	movs	r3, #80	; 0x50
1000198c:	46de      	mov	lr, fp
1000198e:	469b      	mov	fp, r3
10001990:	b5e0      	push	{r5, r6, r7, lr}
10001992:	4f3e      	ldr	r7, [pc, #248]	; (10001a8c <_Z23led_flash_confirm_greenv+0x118>)
10001994:	464a      	mov	r2, r9
10001996:	60fa      	str	r2, [r7, #12]
10001998:	4642      	mov	r2, r8
1000199a:	613a      	str	r2, [r7, #16]
1000199c:	464a      	mov	r2, r9
1000199e:	61ba      	str	r2, [r7, #24]
100019a0:	4642      	mov	r2, r8
100019a2:	61fa      	str	r2, [r7, #28]
100019a4:	464a      	mov	r2, r9
100019a6:	627a      	str	r2, [r7, #36]	; 0x24
100019a8:	4642      	mov	r2, r8
100019aa:	464b      	mov	r3, r9
100019ac:	62ba      	str	r2, [r7, #40]	; 0x28
100019ae:	464a      	mov	r2, r9
100019b0:	603b      	str	r3, [r7, #0]
100019b2:	4643      	mov	r3, r8
100019b4:	633a      	str	r2, [r7, #48]	; 0x30
100019b6:	4642      	mov	r2, r8
100019b8:	607b      	str	r3, [r7, #4]
100019ba:	23ff      	movs	r3, #255	; 0xff
100019bc:	637a      	str	r2, [r7, #52]	; 0x34
100019be:	464a      	mov	r2, r9
100019c0:	041b      	lsls	r3, r3, #16
100019c2:	60bb      	str	r3, [r7, #8]
100019c4:	617b      	str	r3, [r7, #20]
100019c6:	623b      	str	r3, [r7, #32]
100019c8:	62fb      	str	r3, [r7, #44]	; 0x2c
100019ca:	63bb      	str	r3, [r7, #56]	; 0x38
100019cc:	63fa      	str	r2, [r7, #60]	; 0x3c
100019ce:	647b      	str	r3, [r7, #68]	; 0x44
100019d0:	4642      	mov	r2, r8
100019d2:	464b      	mov	r3, r9
100019d4:	643a      	str	r2, [r7, #64]	; 0x40
100019d6:	64bb      	str	r3, [r7, #72]	; 0x48
100019d8:	64fa      	str	r2, [r7, #76]	; 0x4c
100019da:	465b      	mov	r3, fp
100019dc:	2200      	movs	r2, #0
100019de:	54fa      	strb	r2, [r7, r3]
100019e0:	2280      	movs	r2, #128	; 0x80
100019e2:	003d      	movs	r5, r7
100019e4:	003e      	movs	r6, r7
100019e6:	492a      	ldr	r1, [pc, #168]	; (10001a90 <_Z23led_flash_confirm_greenv+0x11c>)
100019e8:	0252      	lsls	r2, r2, #9
100019ea:	7870      	ldrb	r0, [r6, #1]
100019ec:	7833      	ldrb	r3, [r6, #0]
100019ee:	0400      	lsls	r0, r0, #16
100019f0:	021b      	lsls	r3, r3, #8
100019f2:	4318      	orrs	r0, r3
100019f4:	78b3      	ldrb	r3, [r6, #2]
100019f6:	4318      	orrs	r0, r3
100019f8:	0200      	lsls	r0, r0, #8
100019fa:	684b      	ldr	r3, [r1, #4]
100019fc:	001c      	movs	r4, r3
100019fe:	4014      	ands	r4, r2
10001a00:	4213      	tst	r3, r2
10001a02:	d1fa      	bne.n	100019fa <_Z23led_flash_confirm_greenv+0x86>
10001a04:	4b23      	ldr	r3, [pc, #140]	; (10001a94 <_Z23led_flash_confirm_greenv+0x120>)
10001a06:	3603      	adds	r6, #3
10001a08:	6108      	str	r0, [r1, #16]
10001a0a:	429e      	cmp	r6, r3
10001a0c:	d1ed      	bne.n	100019ea <_Z23led_flash_confirm_greenv+0x76>
10001a0e:	2096      	movs	r0, #150	; 0x96
10001a10:	f002 f888 	bl	10003b24 <sleep_ms>
10001a14:	465b      	mov	r3, fp
10001a16:	2080      	movs	r0, #128	; 0x80
10001a18:	4a1d      	ldr	r2, [pc, #116]	; (10001a90 <_Z23led_flash_confirm_greenv+0x11c>)
10001a1a:	603c      	str	r4, [r7, #0]
10001a1c:	607c      	str	r4, [r7, #4]
10001a1e:	60bc      	str	r4, [r7, #8]
10001a20:	60fc      	str	r4, [r7, #12]
10001a22:	613c      	str	r4, [r7, #16]
10001a24:	617c      	str	r4, [r7, #20]
10001a26:	61bc      	str	r4, [r7, #24]
10001a28:	61fc      	str	r4, [r7, #28]
10001a2a:	623c      	str	r4, [r7, #32]
10001a2c:	627c      	str	r4, [r7, #36]	; 0x24
10001a2e:	62bc      	str	r4, [r7, #40]	; 0x28
10001a30:	62fc      	str	r4, [r7, #44]	; 0x2c
10001a32:	633c      	str	r4, [r7, #48]	; 0x30
10001a34:	637c      	str	r4, [r7, #52]	; 0x34
10001a36:	63bc      	str	r4, [r7, #56]	; 0x38
10001a38:	63fc      	str	r4, [r7, #60]	; 0x3c
10001a3a:	643c      	str	r4, [r7, #64]	; 0x40
10001a3c:	647c      	str	r4, [r7, #68]	; 0x44
10001a3e:	64bc      	str	r4, [r7, #72]	; 0x48
10001a40:	64fc      	str	r4, [r7, #76]	; 0x4c
10001a42:	54fc      	strb	r4, [r7, r3]
10001a44:	0240      	lsls	r0, r0, #9
10001a46:	7869      	ldrb	r1, [r5, #1]
10001a48:	782b      	ldrb	r3, [r5, #0]
10001a4a:	0409      	lsls	r1, r1, #16
10001a4c:	021b      	lsls	r3, r3, #8
10001a4e:	4319      	orrs	r1, r3
10001a50:	78ab      	ldrb	r3, [r5, #2]
10001a52:	4319      	orrs	r1, r3
10001a54:	0209      	lsls	r1, r1, #8
10001a56:	6853      	ldr	r3, [r2, #4]
10001a58:	4203      	tst	r3, r0
10001a5a:	d1fc      	bne.n	10001a56 <_Z23led_flash_confirm_greenv+0xe2>
10001a5c:	4b0d      	ldr	r3, [pc, #52]	; (10001a94 <_Z23led_flash_confirm_greenv+0x120>)
10001a5e:	3503      	adds	r5, #3
10001a60:	6111      	str	r1, [r2, #16]
10001a62:	429d      	cmp	r5, r3
10001a64:	d1ef      	bne.n	10001a46 <_Z23led_flash_confirm_greenv+0xd2>
10001a66:	2064      	movs	r0, #100	; 0x64
10001a68:	f002 f85c 	bl	10003b24 <sleep_ms>
10001a6c:	2301      	movs	r3, #1
10001a6e:	425b      	negs	r3, r3
10001a70:	469c      	mov	ip, r3
10001a72:	44e2      	add	sl, ip
10001a74:	4653      	mov	r3, sl
10001a76:	2b00      	cmp	r3, #0
10001a78:	d18c      	bne.n	10001994 <_Z23led_flash_confirm_greenv+0x20>
10001a7a:	bcf0      	pop	{r4, r5, r6, r7}
10001a7c:	46bb      	mov	fp, r7
10001a7e:	46b2      	mov	sl, r6
10001a80:	46a9      	mov	r9, r5
10001a82:	46a0      	mov	r8, r4
10001a84:	bdf8      	pop	{r3, r4, r5, r6, r7, pc}
10001a86:	46c0      	nop			; (mov r8, r8)
10001a88:	ff0000ff 	.word	0xff0000ff
10001a8c:	20001810 	.word	0x20001810
10001a90:	50200000 	.word	0x50200000
10001a94:	20001861 	.word	0x20001861

10001a98 <_Z25led_config_mode_animationv>:
10001a98:	b570      	push	{r4, r5, r6, lr}
10001a9a:	f002 f931 	bl	10003d00 <time_us_64>
10001a9e:	2900      	cmp	r1, #0
10001aa0:	d100      	bne.n	10001aa4 <_Z25led_config_mode_animationv+0xc>
10001aa2:	e075      	b.n	10001b90 <_Z25led_config_mode_animationv+0xf8>
10001aa4:	22fa      	movs	r2, #250	; 0xfa
10001aa6:	2300      	movs	r3, #0
10001aa8:	0092      	lsls	r2, r2, #2
10001aaa:	f004 fa2f 	bl	10005f0c <__wrap___aeabi_uldivmod>
10001aae:	21fa      	movs	r1, #250	; 0xfa
10001ab0:	00c9      	lsls	r1, r1, #3
10001ab2:	f004 f9ed 	bl	10005e90 <__wrap___aeabi_uidiv>
10001ab6:	0008      	movs	r0, r1
10001ab8:	f005 f881 	bl	10006bbe <__wrap___aeabi_ui2f>
10001abc:	4937      	ldr	r1, [pc, #220]	; (10001b9c <_Z25led_config_mode_animationv+0x104>)
10001abe:	f005 f828 	bl	10006b12 <__wrap___aeabi_fdiv>
10001ac2:	1c01      	adds	r1, r0, #0
10001ac4:	f005 f822 	bl	10006b0c <__wrap___aeabi_fadd>
10001ac8:	4935      	ldr	r1, [pc, #212]	; (10001ba0 <_Z25led_config_mode_animationv+0x108>)
10001aca:	f005 f836 	bl	10006b3a <__wrap___aeabi_fmul>
10001ace:	f005 f8e5 	bl	10006c9c <__wrap_sinf>
10001ad2:	21fc      	movs	r1, #252	; 0xfc
10001ad4:	0589      	lsls	r1, r1, #22
10001ad6:	f005 f830 	bl	10006b3a <__wrap___aeabi_fmul>
10001ada:	21fc      	movs	r1, #252	; 0xfc
10001adc:	0589      	lsls	r1, r1, #22
10001ade:	f005 f815 	bl	10006b0c <__wrap___aeabi_fadd>
10001ae2:	4930      	ldr	r1, [pc, #192]	; (10001ba4 <_Z25led_config_mode_animationv+0x10c>)
10001ae4:	f005 f829 	bl	10006b3a <__wrap___aeabi_fmul>
10001ae8:	492f      	ldr	r1, [pc, #188]	; (10001ba8 <_Z25led_config_mode_animationv+0x110>)
10001aea:	f005 f80f 	bl	10006b0c <__wrap___aeabi_fadd>
10001aee:	f005 f8bf 	bl	10006c70 <__wrap___aeabi_f2uiz>
10001af2:	b2c5      	uxtb	r5, r0
10001af4:	0028      	movs	r0, r5
10001af6:	f005 f867 	bl	10006bc8 <__wrap___aeabi_i2f>
10001afa:	492c      	ldr	r1, [pc, #176]	; (10001bac <_Z25led_config_mode_animationv+0x114>)
10001afc:	f005 f81d 	bl	10006b3a <__wrap___aeabi_fmul>
10001b00:	f005 f8b6 	bl	10006c70 <__wrap___aeabi_f2uiz>
10001b04:	4a2a      	ldr	r2, [pc, #168]	; (10001bb0 <_Z25led_config_mode_animationv+0x118>)
10001b06:	b2c6      	uxtb	r6, r0
10001b08:	0010      	movs	r0, r2
10001b0a:	0014      	movs	r4, r2
10001b0c:	0013      	movs	r3, r2
10001b0e:	2100      	movs	r1, #0
10001b10:	303f      	adds	r0, #63	; 0x3f
10001b12:	7019      	strb	r1, [r3, #0]
10001b14:	705d      	strb	r5, [r3, #1]
10001b16:	709d      	strb	r5, [r3, #2]
10001b18:	3303      	adds	r3, #3
10001b1a:	4283      	cmp	r3, r0
10001b1c:	d1f9      	bne.n	10001b12 <_Z25led_config_mode_animationv+0x7a>
10001b1e:	233f      	movs	r3, #63	; 0x3f
10001b20:	2080      	movs	r0, #128	; 0x80
10001b22:	54d1      	strb	r1, [r2, r3]
10001b24:	3301      	adds	r3, #1
10001b26:	54d6      	strb	r6, [r2, r3]
10001b28:	3301      	adds	r3, #1
10001b2a:	54d5      	strb	r5, [r2, r3]
10001b2c:	3301      	adds	r3, #1
10001b2e:	54d1      	strb	r1, [r2, r3]
10001b30:	3301      	adds	r3, #1
10001b32:	54d6      	strb	r6, [r2, r3]
10001b34:	3301      	adds	r3, #1
10001b36:	54d5      	strb	r5, [r2, r3]
10001b38:	3301      	adds	r3, #1
10001b3a:	54d1      	strb	r1, [r2, r3]
10001b3c:	3301      	adds	r3, #1
10001b3e:	54d6      	strb	r6, [r2, r3]
10001b40:	3301      	adds	r3, #1
10001b42:	54d5      	strb	r5, [r2, r3]
10001b44:	3301      	adds	r3, #1
10001b46:	54d1      	strb	r1, [r2, r3]
10001b48:	3301      	adds	r3, #1
10001b4a:	54d6      	strb	r6, [r2, r3]
10001b4c:	3301      	adds	r3, #1
10001b4e:	54d5      	strb	r5, [r2, r3]
10001b50:	3301      	adds	r3, #1
10001b52:	54d1      	strb	r1, [r2, r3]
10001b54:	3301      	adds	r3, #1
10001b56:	54d6      	strb	r6, [r2, r3]
10001b58:	3301      	adds	r3, #1
10001b5a:	54d5      	strb	r5, [r2, r3]
10001b5c:	3301      	adds	r3, #1
10001b5e:	54d1      	strb	r1, [r2, r3]
10001b60:	3301      	adds	r3, #1
10001b62:	54d6      	strb	r6, [r2, r3]
10001b64:	3301      	adds	r3, #1
10001b66:	54d5      	strb	r5, [r2, r3]
10001b68:	3251      	adds	r2, #81	; 0x51
10001b6a:	0015      	movs	r5, r2
10001b6c:	4a11      	ldr	r2, [pc, #68]	; (10001bb4 <_Z25led_config_mode_animationv+0x11c>)
10001b6e:	0240      	lsls	r0, r0, #9
10001b70:	7861      	ldrb	r1, [r4, #1]
10001b72:	7823      	ldrb	r3, [r4, #0]
10001b74:	0409      	lsls	r1, r1, #16
10001b76:	021b      	lsls	r3, r3, #8
10001b78:	4319      	orrs	r1, r3
10001b7a:	78a3      	ldrb	r3, [r4, #2]
10001b7c:	4319      	orrs	r1, r3
10001b7e:	0209      	lsls	r1, r1, #8
10001b80:	6853      	ldr	r3, [r2, #4]
10001b82:	4203      	tst	r3, r0
10001b84:	d1fc      	bne.n	10001b80 <_Z25led_config_mode_animationv+0xe8>
10001b86:	3403      	adds	r4, #3
10001b88:	6111      	str	r1, [r2, #16]
10001b8a:	42a5      	cmp	r5, r4
10001b8c:	d1f0      	bne.n	10001b70 <_Z25led_config_mode_animationv+0xd8>
10001b8e:	bd70      	pop	{r4, r5, r6, pc}
10001b90:	21fa      	movs	r1, #250	; 0xfa
10001b92:	0089      	lsls	r1, r1, #2
10001b94:	f004 f97c 	bl	10005e90 <__wrap___aeabi_uidiv>
10001b98:	e789      	b.n	10001aae <_Z25led_config_mode_animationv+0x16>
10001b9a:	46c0      	nop			; (mov r8, r8)
10001b9c:	44fa0000 	.word	0x44fa0000
10001ba0:	40490fd0 	.word	0x40490fd0
10001ba4:	43340000 	.word	0x43340000
10001ba8:	41a00000 	.word	0x41a00000
10001bac:	3ecccccd 	.word	0x3ecccccd
10001bb0:	20001810 	.word	0x20001810
10001bb4:	50200000 	.word	0x50200000

10001bb8 <_Z14led_flash_modeh>:
10001bb8:	b5f0      	push	{r4, r5, r6, r7, lr}
10001bba:	4657      	mov	r7, sl
10001bbc:	46de      	mov	lr, fp
10001bbe:	464e      	mov	r6, r9
10001bc0:	4645      	mov	r5, r8
10001bc2:	b5e0      	push	{r5, r6, r7, lr}
10001bc4:	4682      	mov	sl, r0
10001bc6:	b087      	sub	sp, #28
10001bc8:	2800      	cmp	r0, #0
10001bca:	d00e      	beq.n	10001bea <_Z14led_flash_modeh+0x32>
10001bcc:	2801      	cmp	r0, #1
10001bce:	d005      	beq.n	10001bdc <_Z14led_flash_modeh+0x24>
10001bd0:	2802      	cmp	r0, #2
10001bd2:	d100      	bne.n	10001bd6 <_Z14led_flash_modeh+0x1e>
10001bd4:	e0c3      	b.n	10001d5e <_Z14led_flash_modeh+0x1a6>
10001bd6:	2804      	cmp	r0, #4
10001bd8:	d100      	bne.n	10001bdc <_Z14led_flash_modeh+0x24>
10001bda:	e0b9      	b.n	10001d50 <_Z14led_flash_modeh+0x198>
10001bdc:	23ff      	movs	r3, #255	; 0xff
10001bde:	9301      	str	r3, [sp, #4]
10001be0:	3b19      	subs	r3, #25
10001be2:	469a      	mov	sl, r3
10001be4:	2300      	movs	r3, #0
10001be6:	4698      	mov	r8, r3
10001be8:	e003      	b.n	10001bf2 <_Z14led_flash_modeh+0x3a>
10001bea:	23b4      	movs	r3, #180	; 0xb4
10001bec:	9301      	str	r3, [sp, #4]
10001bee:	334b      	adds	r3, #75	; 0x4b
10001bf0:	4698      	mov	r8, r3
10001bf2:	2302      	movs	r3, #2
10001bf4:	9302      	str	r3, [sp, #8]
10001bf6:	4643      	mov	r3, r8
10001bf8:	0219      	lsls	r1, r3, #8
10001bfa:	4653      	mov	r3, sl
10001bfc:	4640      	mov	r0, r8
10001bfe:	9d01      	ldr	r5, [sp, #4]
10001c00:	041a      	lsls	r2, r3, #16
10001c02:	4329      	orrs	r1, r5
10001c04:	4654      	mov	r4, sl
10001c06:	062f      	lsls	r7, r5, #24
10001c08:	430a      	orrs	r2, r1
10001c0a:	433a      	orrs	r2, r7
10001c0c:	4691      	mov	r9, r2
10001c0e:	4652      	mov	r2, sl
10001c10:	0406      	lsls	r6, r0, #16
10001c12:	4650      	mov	r0, sl
10001c14:	0224      	lsls	r4, r4, #8
10001c16:	022b      	lsls	r3, r5, #8
10001c18:	9405      	str	r4, [sp, #20]
10001c1a:	042c      	lsls	r4, r5, #16
10001c1c:	9403      	str	r4, [sp, #12]
10001c1e:	4313      	orrs	r3, r2
10001c20:	4644      	mov	r4, r8
10001c22:	0600      	lsls	r0, r0, #24
10001c24:	431e      	orrs	r6, r3
10001c26:	4306      	orrs	r6, r0
10001c28:	46b3      	mov	fp, r6
10001c2a:	0624      	lsls	r4, r4, #24
10001c2c:	9404      	str	r4, [sp, #16]
10001c2e:	4c4f      	ldr	r4, [pc, #316]	; (10001d6c <_Z14led_flash_modeh+0x1b4>)
10001c30:	4643      	mov	r3, r8
10001c32:	9a05      	ldr	r2, [sp, #20]
10001c34:	4641      	mov	r1, r8
10001c36:	4313      	orrs	r3, r2
10001c38:	9a03      	ldr	r2, [sp, #12]
10001c3a:	0026      	movs	r6, r4
10001c3c:	4313      	orrs	r3, r2
10001c3e:	9a04      	ldr	r2, [sp, #16]
10001c40:	0027      	movs	r7, r4
10001c42:	4313      	orrs	r3, r2
10001c44:	465a      	mov	r2, fp
10001c46:	6062      	str	r2, [r4, #4]
10001c48:	464a      	mov	r2, r9
10001c4a:	60a2      	str	r2, [r4, #8]
10001c4c:	465a      	mov	r2, fp
10001c4e:	6122      	str	r2, [r4, #16]
10001c50:	464a      	mov	r2, r9
10001c52:	6162      	str	r2, [r4, #20]
10001c54:	465a      	mov	r2, fp
10001c56:	61e2      	str	r2, [r4, #28]
10001c58:	464a      	mov	r2, r9
10001c5a:	6222      	str	r2, [r4, #32]
10001c5c:	465a      	mov	r2, fp
10001c5e:	62a2      	str	r2, [r4, #40]	; 0x28
10001c60:	464a      	mov	r2, r9
10001c62:	62e2      	str	r2, [r4, #44]	; 0x2c
10001c64:	465a      	mov	r2, fp
10001c66:	6023      	str	r3, [r4, #0]
10001c68:	60e3      	str	r3, [r4, #12]
10001c6a:	61a3      	str	r3, [r4, #24]
10001c6c:	6263      	str	r3, [r4, #36]	; 0x24
10001c6e:	6323      	str	r3, [r4, #48]	; 0x30
10001c70:	6362      	str	r2, [r4, #52]	; 0x34
10001c72:	63e3      	str	r3, [r4, #60]	; 0x3c
10001c74:	464a      	mov	r2, r9
10001c76:	465b      	mov	r3, fp
10001c78:	63a2      	str	r2, [r4, #56]	; 0x38
10001c7a:	6423      	str	r3, [r4, #64]	; 0x40
10001c7c:	6462      	str	r2, [r4, #68]	; 0x44
10001c7e:	2348      	movs	r3, #72	; 0x48
10001c80:	4642      	mov	r2, r8
10001c82:	54e2      	strb	r2, [r4, r3]
10001c84:	4652      	mov	r2, sl
10001c86:	3301      	adds	r3, #1
10001c88:	54e2      	strb	r2, [r4, r3]
10001c8a:	9a01      	ldr	r2, [sp, #4]
10001c8c:	3301      	adds	r3, #1
10001c8e:	54e2      	strb	r2, [r4, r3]
10001c90:	3301      	adds	r3, #1
10001c92:	54e1      	strb	r1, [r4, r3]
10001c94:	4651      	mov	r1, sl
10001c96:	3301      	adds	r3, #1
10001c98:	54e1      	strb	r1, [r4, r3]
10001c9a:	4641      	mov	r1, r8
10001c9c:	3301      	adds	r3, #1
10001c9e:	54e2      	strb	r2, [r4, r3]
10001ca0:	3301      	adds	r3, #1
10001ca2:	54e1      	strb	r1, [r4, r3]
10001ca4:	4651      	mov	r1, sl
10001ca6:	3301      	adds	r3, #1
10001ca8:	54e1      	strb	r1, [r4, r3]
10001caa:	3301      	adds	r3, #1
10001cac:	54e2      	strb	r2, [r4, r3]
10001cae:	2280      	movs	r2, #128	; 0x80
10001cb0:	492f      	ldr	r1, [pc, #188]	; (10001d70 <_Z14led_flash_modeh+0x1b8>)
10001cb2:	0252      	lsls	r2, r2, #9
10001cb4:	7878      	ldrb	r0, [r7, #1]
10001cb6:	783b      	ldrb	r3, [r7, #0]
10001cb8:	0400      	lsls	r0, r0, #16
10001cba:	021b      	lsls	r3, r3, #8
10001cbc:	4318      	orrs	r0, r3
10001cbe:	78bb      	ldrb	r3, [r7, #2]
10001cc0:	4318      	orrs	r0, r3
10001cc2:	0200      	lsls	r0, r0, #8
10001cc4:	684b      	ldr	r3, [r1, #4]
10001cc6:	001d      	movs	r5, r3
10001cc8:	4015      	ands	r5, r2
10001cca:	4213      	tst	r3, r2
10001ccc:	d1fa      	bne.n	10001cc4 <_Z14led_flash_modeh+0x10c>
10001cce:	4b29      	ldr	r3, [pc, #164]	; (10001d74 <_Z14led_flash_modeh+0x1bc>)
10001cd0:	3703      	adds	r7, #3
10001cd2:	6108      	str	r0, [r1, #16]
10001cd4:	429f      	cmp	r7, r3
10001cd6:	d1ed      	bne.n	10001cb4 <_Z14led_flash_modeh+0xfc>
10001cd8:	2064      	movs	r0, #100	; 0x64
10001cda:	f001 ff23 	bl	10003b24 <sleep_ms>
10001cde:	2350      	movs	r3, #80	; 0x50
10001ce0:	2080      	movs	r0, #128	; 0x80
10001ce2:	4a23      	ldr	r2, [pc, #140]	; (10001d70 <_Z14led_flash_modeh+0x1b8>)
10001ce4:	6025      	str	r5, [r4, #0]
10001ce6:	6065      	str	r5, [r4, #4]
10001ce8:	60a5      	str	r5, [r4, #8]
10001cea:	60e5      	str	r5, [r4, #12]
10001cec:	6125      	str	r5, [r4, #16]
10001cee:	6165      	str	r5, [r4, #20]
10001cf0:	61a5      	str	r5, [r4, #24]
10001cf2:	61e5      	str	r5, [r4, #28]
10001cf4:	6225      	str	r5, [r4, #32]
10001cf6:	6265      	str	r5, [r4, #36]	; 0x24
10001cf8:	62a5      	str	r5, [r4, #40]	; 0x28
10001cfa:	62e5      	str	r5, [r4, #44]	; 0x2c
10001cfc:	6325      	str	r5, [r4, #48]	; 0x30
10001cfe:	6365      	str	r5, [r4, #52]	; 0x34
10001d00:	63a5      	str	r5, [r4, #56]	; 0x38
10001d02:	63e5      	str	r5, [r4, #60]	; 0x3c
10001d04:	6425      	str	r5, [r4, #64]	; 0x40
10001d06:	6465      	str	r5, [r4, #68]	; 0x44
10001d08:	64a5      	str	r5, [r4, #72]	; 0x48
10001d0a:	64e5      	str	r5, [r4, #76]	; 0x4c
10001d0c:	54e5      	strb	r5, [r4, r3]
10001d0e:	0240      	lsls	r0, r0, #9
10001d10:	7871      	ldrb	r1, [r6, #1]
10001d12:	7833      	ldrb	r3, [r6, #0]
10001d14:	0409      	lsls	r1, r1, #16
10001d16:	021b      	lsls	r3, r3, #8
10001d18:	4319      	orrs	r1, r3
10001d1a:	78b3      	ldrb	r3, [r6, #2]
10001d1c:	4319      	orrs	r1, r3
10001d1e:	0209      	lsls	r1, r1, #8
10001d20:	6853      	ldr	r3, [r2, #4]
10001d22:	4203      	tst	r3, r0
10001d24:	d1fc      	bne.n	10001d20 <_Z14led_flash_modeh+0x168>
10001d26:	4b13      	ldr	r3, [pc, #76]	; (10001d74 <_Z14led_flash_modeh+0x1bc>)
10001d28:	3603      	adds	r6, #3
10001d2a:	6111      	str	r1, [r2, #16]
10001d2c:	429e      	cmp	r6, r3
10001d2e:	d1ef      	bne.n	10001d10 <_Z14led_flash_modeh+0x158>
10001d30:	2032      	movs	r0, #50	; 0x32
10001d32:	f001 fef7 	bl	10003b24 <sleep_ms>
10001d36:	9b02      	ldr	r3, [sp, #8]
10001d38:	2b01      	cmp	r3, #1
10001d3a:	d106      	bne.n	10001d4a <_Z14led_flash_modeh+0x192>
10001d3c:	b007      	add	sp, #28
10001d3e:	bcf0      	pop	{r4, r5, r6, r7}
10001d40:	46bb      	mov	fp, r7
10001d42:	46b2      	mov	sl, r6
10001d44:	46a9      	mov	r9, r5
10001d46:	46a0      	mov	r8, r4
10001d48:	bdf0      	pop	{r4, r5, r6, r7, pc}
10001d4a:	2301      	movs	r3, #1
10001d4c:	9302      	str	r3, [sp, #8]
10001d4e:	e76f      	b.n	10001c30 <_Z14led_flash_modeh+0x78>
10001d50:	2300      	movs	r3, #0
10001d52:	9301      	str	r3, [sp, #4]
10001d54:	33c8      	adds	r3, #200	; 0xc8
10001d56:	469a      	mov	sl, r3
10001d58:	3337      	adds	r3, #55	; 0x37
10001d5a:	4698      	mov	r8, r3
10001d5c:	e749      	b.n	10001bf2 <_Z14led_flash_modeh+0x3a>
10001d5e:	2300      	movs	r3, #0
10001d60:	9301      	str	r3, [sp, #4]
10001d62:	33ff      	adds	r3, #255	; 0xff
10001d64:	469a      	mov	sl, r3
10001d66:	2300      	movs	r3, #0
10001d68:	4698      	mov	r8, r3
10001d6a:	e742      	b.n	10001bf2 <_Z14led_flash_modeh+0x3a>
10001d6c:	20001810 	.word	0x20001810
10001d70:	50200000 	.word	0x50200000
10001d74:	20001861 	.word	0x20001861

10001d78 <usb_descriptors_init>:
10001d78:	4b01      	ldr	r3, [pc, #4]	; (10001d80 <usb_descriptors_init+0x8>)
10001d7a:	7018      	strb	r0, [r3, #0]
10001d7c:	4770      	bx	lr
10001d7e:	46c0      	nop			; (mov r8, r8)
10001d80:	20002c43 	.word	0x20002c43

10001d84 <tud_descriptor_device_cb>:
10001d84:	4b05      	ldr	r3, [pc, #20]	; (10001d9c <tud_descriptor_device_cb+0x18>)
10001d86:	781b      	ldrb	r3, [r3, #0]
10001d88:	3b01      	subs	r3, #1
10001d8a:	b2db      	uxtb	r3, r3
10001d8c:	2b03      	cmp	r3, #3
10001d8e:	d803      	bhi.n	10001d98 <tud_descriptor_device_cb+0x14>
10001d90:	4a03      	ldr	r2, [pc, #12]	; (10001da0 <tud_descriptor_device_cb+0x1c>)
10001d92:	009b      	lsls	r3, r3, #2
10001d94:	5898      	ldr	r0, [r3, r2]
10001d96:	4770      	bx	lr
10001d98:	4802      	ldr	r0, [pc, #8]	; (10001da4 <tud_descriptor_device_cb+0x20>)
10001d9a:	e7fc      	b.n	10001d96 <tud_descriptor_device_cb+0x12>
10001d9c:	20002c43 	.word	0x20002c43
10001da0:	10009d9c 	.word	0x10009d9c
10001da4:	10009e9c 	.word	0x10009e9c

10001da8 <tud_hid_descriptor_report_cb>:
10001da8:	4b03      	ldr	r3, [pc, #12]	; (10001db8 <tud_hid_descriptor_report_cb+0x10>)
10001daa:	781b      	ldrb	r3, [r3, #0]
10001dac:	2b01      	cmp	r3, #1
10001dae:	d001      	beq.n	10001db4 <tud_hid_descriptor_report_cb+0xc>
10001db0:	4802      	ldr	r0, [pc, #8]	; (10001dbc <tud_hid_descriptor_report_cb+0x14>)
10001db2:	4770      	bx	lr
10001db4:	4802      	ldr	r0, [pc, #8]	; (10001dc0 <tud_hid_descriptor_report_cb+0x18>)
10001db6:	e7fc      	b.n	10001db2 <tud_hid_descriptor_report_cb+0xa>
10001db8:	20002c43 	.word	0x20002c43
10001dbc:	10009ed8 	.word	0x10009ed8
10001dc0:	10009f4c 	.word	0x10009f4c

10001dc4 <tud_descriptor_configuration_cb>:
10001dc4:	4b05      	ldr	r3, [pc, #20]	; (10001ddc <tud_descriptor_configuration_cb+0x18>)
10001dc6:	781b      	ldrb	r3, [r3, #0]
10001dc8:	3b01      	subs	r3, #1
10001dca:	b2db      	uxtb	r3, r3
10001dcc:	2b03      	cmp	r3, #3
10001dce:	d803      	bhi.n	10001dd8 <tud_descriptor_configuration_cb+0x14>
10001dd0:	4a03      	ldr	r2, [pc, #12]	; (10001de0 <tud_descriptor_configuration_cb+0x1c>)
10001dd2:	009b      	lsls	r3, r3, #2
10001dd4:	5898      	ldr	r0, [r3, r2]
10001dd6:	4770      	bx	lr
10001dd8:	4802      	ldr	r0, [pc, #8]	; (10001de4 <tud_descriptor_configuration_cb+0x20>)
10001dda:	e7fc      	b.n	10001dd6 <tud_descriptor_configuration_cb+0x12>
10001ddc:	20002c43 	.word	0x20002c43
10001de0:	10009d8c 	.word	0x10009d8c
10001de4:	10009e08 	.word	0x10009e08

10001de8 <tud_descriptor_string_cb>:
10001de8:	b510      	push	{r4, lr}
10001dea:	4b1f      	ldr	r3, [pc, #124]	; (10001e68 <tud_descriptor_string_cb+0x80>)
10001dec:	781b      	ldrb	r3, [r3, #0]
10001dee:	2b01      	cmp	r3, #1
10001df0:	d031      	beq.n	10001e56 <tud_descriptor_string_cb+0x6e>
10001df2:	2b02      	cmp	r3, #2
10001df4:	d023      	beq.n	10001e3e <tud_descriptor_string_cb+0x56>
10001df6:	2b04      	cmp	r3, #4
10001df8:	d030      	beq.n	10001e5c <tud_descriptor_string_cb+0x74>
10001dfa:	2207      	movs	r2, #7
10001dfc:	4b1b      	ldr	r3, [pc, #108]	; (10001e6c <tud_descriptor_string_cb+0x84>)
10001dfe:	2800      	cmp	r0, #0
10001e00:	d021      	beq.n	10001e46 <tud_descriptor_string_cb+0x5e>
10001e02:	4290      	cmp	r0, r2
10001e04:	d22d      	bcs.n	10001e62 <tud_descriptor_string_cb+0x7a>
10001e06:	0080      	lsls	r0, r0, #2
10001e08:	58c4      	ldr	r4, [r0, r3]
10001e0a:	0020      	movs	r0, r4
10001e0c:	f007 fb2e 	bl	1000946c <strlen>
10001e10:	0001      	movs	r1, r0
10001e12:	2878      	cmp	r0, #120	; 0x78
10001e14:	d900      	bls.n	10001e18 <tud_descriptor_string_cb+0x30>
10001e16:	2178      	movs	r1, #120	; 0x78
10001e18:	2800      	cmp	r0, #0
10001e1a:	d007      	beq.n	10001e2c <tud_descriptor_string_cb+0x44>
10001e1c:	2300      	movs	r3, #0
10001e1e:	4a14      	ldr	r2, [pc, #80]	; (10001e70 <tud_descriptor_string_cb+0x88>)
10001e20:	5ce0      	ldrb	r0, [r4, r3]
10001e22:	3301      	adds	r3, #1
10001e24:	8010      	strh	r0, [r2, #0]
10001e26:	3202      	adds	r2, #2
10001e28:	428b      	cmp	r3, r1
10001e2a:	d3f9      	bcc.n	10001e20 <tud_descriptor_string_cb+0x38>
10001e2c:	23c0      	movs	r3, #192	; 0xc0
10001e2e:	3101      	adds	r1, #1
10001e30:	b2c9      	uxtb	r1, r1
10001e32:	0049      	lsls	r1, r1, #1
10001e34:	009b      	lsls	r3, r3, #2
10001e36:	4319      	orrs	r1, r3
10001e38:	480e      	ldr	r0, [pc, #56]	; (10001e74 <tud_descriptor_string_cb+0x8c>)
10001e3a:	8001      	strh	r1, [r0, #0]
10001e3c:	bd10      	pop	{r4, pc}
10001e3e:	2204      	movs	r2, #4
10001e40:	4b0d      	ldr	r3, [pc, #52]	; (10001e78 <tud_descriptor_string_cb+0x90>)
10001e42:	2800      	cmp	r0, #0
10001e44:	d1dd      	bne.n	10001e02 <tud_descriptor_string_cb+0x1a>
10001e46:	6819      	ldr	r1, [r3, #0]
10001e48:	2202      	movs	r2, #2
10001e4a:	4809      	ldr	r0, [pc, #36]	; (10001e70 <tud_descriptor_string_cb+0x88>)
10001e4c:	f005 f85e 	bl	10006f0c <__wrap___aeabi_memcpy>
10001e50:	21c1      	movs	r1, #193	; 0xc1
10001e52:	0089      	lsls	r1, r1, #2
10001e54:	e7f0      	b.n	10001e38 <tud_descriptor_string_cb+0x50>
10001e56:	2204      	movs	r2, #4
10001e58:	4b08      	ldr	r3, [pc, #32]	; (10001e7c <tud_descriptor_string_cb+0x94>)
10001e5a:	e7d0      	b.n	10001dfe <tud_descriptor_string_cb+0x16>
10001e5c:	2205      	movs	r2, #5
10001e5e:	4b08      	ldr	r3, [pc, #32]	; (10001e80 <tud_descriptor_string_cb+0x98>)
10001e60:	e7cd      	b.n	10001dfe <tud_descriptor_string_cb+0x16>
10001e62:	2000      	movs	r0, #0
10001e64:	e7ea      	b.n	10001e3c <tud_descriptor_string_cb+0x54>
10001e66:	46c0      	nop			; (mov r8, r8)
10001e68:	20002c43 	.word	0x20002c43
10001e6c:	20000f10 	.word	0x20000f10
10001e70:	2000238a 	.word	0x2000238a
10001e74:	20002388 	.word	0x20002388
10001e78:	20000f3c 	.word	0x20000f3c
10001e7c:	20000f2c 	.word	0x20000f2c
10001e80:	20000efc 	.word	0x20000efc

10001e84 <_ZN3io44initEv>:
10001e84:	b510      	push	{r4, lr}
10001e86:	223f      	movs	r2, #63	; 0x3f
10001e88:	2100      	movs	r1, #0
10001e8a:	4803      	ldr	r0, [pc, #12]	; (10001e98 <_ZN3io44initEv+0x14>)
10001e8c:	f005 f838 	bl	10006f00 <__wrap_memset>
10001e90:	2001      	movs	r0, #1
10001e92:	f7fe ff09 	bl	10000ca8 <_Z18led_set_io4_activeb>
10001e96:	bd10      	pop	{r4, pc}
10001e98:	20002068 	.word	0x20002068

10001e9c <_ZN3io411update_taskEv>:
10001e9c:	b570      	push	{r4, r5, r6, lr}
10001e9e:	2000      	movs	r0, #0
10001ea0:	f006 fda0 	bl	100089e4 <tud_hid_n_ready>
10001ea4:	2800      	cmp	r0, #0
10001ea6:	d100      	bne.n	10001eaa <_ZN3io411update_taskEv+0xe>
10001ea8:	bd70      	pop	{r4, r5, r6, pc}
10001eaa:	2300      	movs	r3, #0
10001eac:	4c43      	ldr	r4, [pc, #268]	; (10001fbc <_ZN3io411update_taskEv+0x120>)
10001eae:	2014      	movs	r0, #20
10001eb0:	61e3      	str	r3, [r4, #28]
10001eb2:	f7fe fb57 	bl	10000564 <is_button_pressed>
10001eb6:	0005      	movs	r5, r0
10001eb8:	2000      	movs	r0, #0
10001eba:	f7fe fb53 	bl	10000564 <is_button_pressed>
10001ebe:	2800      	cmp	r0, #0
10001ec0:	d063      	beq.n	10001f8a <_ZN3io411update_taskEv+0xee>
10001ec2:	2d00      	cmp	r5, #0
10001ec4:	d06e      	beq.n	10001fa4 <_ZN3io411update_taskEv+0x108>
10001ec6:	2380      	movs	r3, #128	; 0x80
10001ec8:	8ba2      	ldrh	r2, [r4, #28]
10001eca:	009b      	lsls	r3, r3, #2
10001ecc:	4313      	orrs	r3, r2
10001ece:	200a      	movs	r0, #10
10001ed0:	83a3      	strh	r3, [r4, #28]
10001ed2:	f7fe fb47 	bl	10000564 <is_button_pressed>
10001ed6:	2800      	cmp	r0, #0
10001ed8:	d003      	beq.n	10001ee2 <_ZN3io411update_taskEv+0x46>
10001eda:	2240      	movs	r2, #64	; 0x40
10001edc:	8ba3      	ldrh	r3, [r4, #28]
10001ede:	4313      	orrs	r3, r2
10001ee0:	83a3      	strh	r3, [r4, #28]
10001ee2:	2001      	movs	r0, #1
10001ee4:	f7fe fb3e 	bl	10000564 <is_button_pressed>
10001ee8:	2800      	cmp	r0, #0
10001eea:	d103      	bne.n	10001ef4 <_ZN3io411update_taskEv+0x58>
10001eec:	8be2      	ldrh	r2, [r4, #30]
10001eee:	4b34      	ldr	r3, [pc, #208]	; (10001fc0 <_ZN3io411update_taskEv+0x124>)
10001ef0:	4313      	orrs	r3, r2
10001ef2:	83e3      	strh	r3, [r4, #30]
10001ef4:	200b      	movs	r0, #11
10001ef6:	f7fe fb35 	bl	10000564 <is_button_pressed>
10001efa:	2800      	cmp	r0, #0
10001efc:	d104      	bne.n	10001f08 <_ZN3io411update_taskEv+0x6c>
10001efe:	2380      	movs	r3, #128	; 0x80
10001f00:	8ba2      	ldrh	r2, [r4, #28]
10001f02:	01db      	lsls	r3, r3, #7
10001f04:	4313      	orrs	r3, r2
10001f06:	83a3      	strh	r3, [r4, #28]
10001f08:	2002      	movs	r0, #2
10001f0a:	f7fe fb2b 	bl	10000564 <is_button_pressed>
10001f0e:	2800      	cmp	r0, #0
10001f10:	d003      	beq.n	10001f1a <_ZN3io411update_taskEv+0x7e>
10001f12:	2201      	movs	r2, #1
10001f14:	8ba3      	ldrh	r3, [r4, #28]
10001f16:	4313      	orrs	r3, r2
10001f18:	83a3      	strh	r3, [r4, #28]
10001f1a:	2003      	movs	r0, #3
10001f1c:	f7fe fb22 	bl	10000564 <is_button_pressed>
10001f20:	2800      	cmp	r0, #0
10001f22:	d003      	beq.n	10001f2c <_ZN3io411update_taskEv+0x90>
10001f24:	2220      	movs	r2, #32
10001f26:	8ba3      	ldrh	r3, [r4, #28]
10001f28:	4313      	orrs	r3, r2
10001f2a:	83a3      	strh	r3, [r4, #28]
10001f2c:	2004      	movs	r0, #4
10001f2e:	f7fe fb19 	bl	10000564 <is_button_pressed>
10001f32:	2800      	cmp	r0, #0
10001f34:	d003      	beq.n	10001f3e <_ZN3io411update_taskEv+0xa2>
10001f36:	2210      	movs	r2, #16
10001f38:	8ba3      	ldrh	r3, [r4, #28]
10001f3a:	4313      	orrs	r3, r2
10001f3c:	83a3      	strh	r3, [r4, #28]
10001f3e:	200c      	movs	r0, #12
10001f40:	f7fe fb10 	bl	10000564 <is_button_pressed>
10001f44:	2800      	cmp	r0, #0
10001f46:	d003      	beq.n	10001f50 <_ZN3io411update_taskEv+0xb4>
10001f48:	2202      	movs	r2, #2
10001f4a:	8ba3      	ldrh	r3, [r4, #28]
10001f4c:	4313      	orrs	r3, r2
10001f4e:	83a3      	strh	r3, [r4, #28]
10001f50:	200d      	movs	r0, #13
10001f52:	f7fe fb07 	bl	10000564 <is_button_pressed>
10001f56:	2800      	cmp	r0, #0
10001f58:	d003      	beq.n	10001f62 <_ZN3io411update_taskEv+0xc6>
10001f5a:	2201      	movs	r2, #1
10001f5c:	8be3      	ldrh	r3, [r4, #30]
10001f5e:	4313      	orrs	r3, r2
10001f60:	83e3      	strh	r3, [r4, #30]
10001f62:	200e      	movs	r0, #14
10001f64:	f7fe fafe 	bl	10000564 <is_button_pressed>
10001f68:	2800      	cmp	r0, #0
10001f6a:	d003      	beq.n	10001f74 <_ZN3io411update_taskEv+0xd8>
10001f6c:	8ba2      	ldrh	r2, [r4, #28]
10001f6e:	4b14      	ldr	r3, [pc, #80]	; (10001fc0 <_ZN3io411update_taskEv+0x124>)
10001f70:	4313      	orrs	r3, r2
10001f72:	83a3      	strh	r3, [r4, #28]
10001f74:	f7fe fc80 	bl	10000878 <_Z20analog_lever_get_io4v>
10001f78:	233f      	movs	r3, #63	; 0x3f
10001f7a:	8020      	strh	r0, [r4, #0]
10001f7c:	8220      	strh	r0, [r4, #16]
10001f7e:	0022      	movs	r2, r4
10001f80:	2101      	movs	r1, #1
10001f82:	2000      	movs	r0, #0
10001f84:	f006 fd4a 	bl	10008a1c <tud_hid_n_report>
10001f88:	e78e      	b.n	10001ea8 <_ZN3io411update_taskEv+0xc>
10001f8a:	200a      	movs	r0, #10
10001f8c:	f7fe faea 	bl	10000564 <is_button_pressed>
10001f90:	2800      	cmp	r0, #0
10001f92:	d0a6      	beq.n	10001ee2 <_ZN3io411update_taskEv+0x46>
10001f94:	2d00      	cmp	r5, #0
10001f96:	d1a0      	bne.n	10001eda <_ZN3io411update_taskEv+0x3e>
10001f98:	2380      	movs	r3, #128	; 0x80
10001f9a:	8ba2      	ldrh	r2, [r4, #28]
10001f9c:	019b      	lsls	r3, r3, #6
10001f9e:	4313      	orrs	r3, r2
10001fa0:	83a3      	strh	r3, [r4, #28]
10001fa2:	e79e      	b.n	10001ee2 <_ZN3io411update_taskEv+0x46>
10001fa4:	2380      	movs	r3, #128	; 0x80
10001fa6:	8be2      	ldrh	r2, [r4, #30]
10001fa8:	01db      	lsls	r3, r3, #7
10001faa:	4313      	orrs	r3, r2
10001fac:	200a      	movs	r0, #10
10001fae:	83e3      	strh	r3, [r4, #30]
10001fb0:	f7fe fad8 	bl	10000564 <is_button_pressed>
10001fb4:	2800      	cmp	r0, #0
10001fb6:	d1ef      	bne.n	10001f98 <_ZN3io411update_taskEv+0xfc>
10001fb8:	e793      	b.n	10001ee2 <_ZN3io411update_taskEv+0x46>
10001fba:	46c0      	nop			; (mov r8, r8)
10001fbc:	20002068 	.word	0x20002068
10001fc0:	ffff8000 	.word	0xffff8000

10001fc4 <tud_hid_get_report_cb>:
10001fc4:	2000      	movs	r0, #0
10001fc6:	4770      	bx	lr

10001fc8 <tud_hid_set_report_cb>:
10001fc8:	b510      	push	{r4, lr}
10001fca:	aa02      	add	r2, sp, #8
10001fcc:	8812      	ldrh	r2, [r2, #0]
10001fce:	2a01      	cmp	r2, #1
10001fd0:	d902      	bls.n	10001fd8 <tud_hid_set_report_cb+0x10>
10001fd2:	781a      	ldrb	r2, [r3, #0]
10001fd4:	2a10      	cmp	r2, #16
10001fd6:	d000      	beq.n	10001fda <tud_hid_set_report_cb+0x12>
10001fd8:	bd10      	pop	{r4, pc}
10001fda:	785a      	ldrb	r2, [r3, #1]
10001fdc:	2a03      	cmp	r2, #3
10001fde:	d014      	beq.n	1000200a <tud_hid_set_report_cb+0x42>
10001fe0:	d807      	bhi.n	10001ff2 <tud_hid_set_report_cb+0x2a>
10001fe2:	3a01      	subs	r2, #1
10001fe4:	2a01      	cmp	r2, #1
10001fe6:	d8f7      	bhi.n	10001fd8 <tud_hid_set_report_cb+0x10>
10001fe8:	2320      	movs	r3, #32
10001fea:	2130      	movs	r1, #48	; 0x30
10001fec:	4a0a      	ldr	r2, [pc, #40]	; (10002018 <tud_hid_set_report_cb+0x50>)
10001fee:	54d1      	strb	r1, [r2, r3]
10001ff0:	e7f2      	b.n	10001fd8 <tud_hid_set_report_cb+0x10>
10001ff2:	2a04      	cmp	r2, #4
10001ff4:	d1f0      	bne.n	10001fd8 <tud_hid_set_report_cb+0x10>
10001ff6:	7898      	ldrb	r0, [r3, #2]
10001ff8:	78da      	ldrb	r2, [r3, #3]
10001ffa:	0400      	lsls	r0, r0, #16
10001ffc:	791b      	ldrb	r3, [r3, #4]
10001ffe:	0212      	lsls	r2, r2, #8
10002000:	4310      	orrs	r0, r2
10002002:	4318      	orrs	r0, r3
10002004:	f7fe fe56 	bl	10000cb4 <_Z23led_set_io4_game_outputm>
10002008:	e7e6      	b.n	10001fd8 <tud_hid_set_report_cb+0x10>
1000200a:	2200      	movs	r2, #0
1000200c:	2120      	movs	r1, #32
1000200e:	4b02      	ldr	r3, [pc, #8]	; (10002018 <tud_hid_set_report_cb+0x50>)
10002010:	619a      	str	r2, [r3, #24]
10002012:	545a      	strb	r2, [r3, r1]
10002014:	e7e0      	b.n	10001fd8 <tud_hid_set_report_cb+0x10>
10002016:	46c0      	nop			; (mov r8, r8)
10002018:	20002068 	.word	0x20002068

1000201c <_ZN8hid_mode4initEv>:
1000201c:	b510      	push	{r4, lr}
1000201e:	2000      	movs	r0, #0
10002020:	f7fe fe42 	bl	10000ca8 <_Z18led_set_io4_activeb>
10002024:	bd10      	pop	{r4, pc}
10002026:	46c0      	nop			; (mov r8, r8)

10002028 <_ZN8hid_mode11update_taskEv>:
10002028:	b5f0      	push	{r4, r5, r6, r7, lr}
1000202a:	46c6      	mov	lr, r8
1000202c:	b500      	push	{lr}
1000202e:	2000      	movs	r0, #0
10002030:	b088      	sub	sp, #32
10002032:	f006 fcd7 	bl	100089e4 <tud_hid_n_ready>
10002036:	2800      	cmp	r0, #0
10002038:	d103      	bne.n	10002042 <_ZN8hid_mode11update_taskEv+0x1a>
1000203a:	b008      	add	sp, #32
1000203c:	bc80      	pop	{r7}
1000203e:	46b8      	mov	r8, r7
10002040:	bdf0      	pop	{r4, r5, r6, r7, pc}
10002042:	221d      	movs	r2, #29
10002044:	2100      	movs	r1, #0
10002046:	4668      	mov	r0, sp
10002048:	f004 ff5a 	bl	10006f00 <__wrap_memset>
1000204c:	f7fe fa5a 	bl	10000504 <config_get_ptr>
10002050:	2307      	movs	r3, #7
10002052:	3018      	adds	r0, #24
10002054:	2400      	movs	r4, #0
10002056:	0006      	movs	r6, r0
10002058:	4698      	mov	r8, r3
1000205a:	2701      	movs	r7, #1
1000205c:	4d0f      	ldr	r5, [pc, #60]	; (1000209c <_ZN8hid_mode11update_taskEv+0x74>)
1000205e:	5d28      	ldrb	r0, [r5, r4]
10002060:	f7fe fa80 	bl	10000564 <is_button_pressed>
10002064:	2800      	cmp	r0, #0
10002066:	d00e      	beq.n	10002086 <_ZN8hid_mode11update_taskEv+0x5e>
10002068:	5d32      	ldrb	r2, [r6, r4]
1000206a:	1e53      	subs	r3, r2, #1
1000206c:	b2db      	uxtb	r3, r3
1000206e:	2be6      	cmp	r3, #230	; 0xe6
10002070:	d809      	bhi.n	10002086 <_ZN8hid_mode11update_taskEv+0x5e>
10002072:	4643      	mov	r3, r8
10002074:	08d1      	lsrs	r1, r2, #3
10002076:	401a      	ands	r2, r3
10002078:	003b      	movs	r3, r7
1000207a:	4093      	lsls	r3, r2
1000207c:	466a      	mov	r2, sp
1000207e:	5c52      	ldrb	r2, [r2, r1]
10002080:	4313      	orrs	r3, r2
10002082:	466a      	mov	r2, sp
10002084:	5453      	strb	r3, [r2, r1]
10002086:	3401      	adds	r4, #1
10002088:	2c15      	cmp	r4, #21
1000208a:	d1e8      	bne.n	1000205e <_ZN8hid_mode11update_taskEv+0x36>
1000208c:	231d      	movs	r3, #29
1000208e:	466a      	mov	r2, sp
10002090:	2100      	movs	r1, #0
10002092:	2000      	movs	r0, #0
10002094:	f006 fcc2 	bl	10008a1c <tud_hid_n_report>
10002098:	e7cf      	b.n	1000203a <_ZN8hid_mode11update_taskEv+0x12>
1000209a:	46c0      	nop			; (mov r8, r8)
1000209c:	10009f64 	.word	0x10009f64

100020a0 <_ZL18xinput_driver_initv>:
100020a0:	4770      	bx	lr
100020a2:	46c0      	nop			; (mov r8, r8)

100020a4 <_ZL19xinput_driver_reseth>:
100020a4:	2200      	movs	r2, #0
100020a6:	4b01      	ldr	r3, [pc, #4]	; (100020ac <_ZL19xinput_driver_reseth+0x8>)
100020a8:	701a      	strb	r2, [r3, #0]
100020aa:	4770      	bx	lr
100020ac:	20002c3d 	.word	0x20002c3d

100020b0 <_ZL21xinput_driver_xfer_cbhh13xfer_result_tm>:
100020b0:	2001      	movs	r0, #1
100020b2:	4770      	bx	lr

100020b4 <_ZL29xinput_driver_control_xfer_cbhhPK22tusb_control_request_t>:
100020b4:	b570      	push	{r4, r5, r6, lr}
100020b6:	0005      	movs	r5, r0
100020b8:	0014      	movs	r4, r2
100020ba:	2001      	movs	r0, #1
100020bc:	2901      	cmp	r1, #1
100020be:	d105      	bne.n	100020cc <_ZL29xinput_driver_control_xfer_cbhhPK22tusb_control_request_t+0x18>
100020c0:	2360      	movs	r3, #96	; 0x60
100020c2:	7812      	ldrb	r2, [r2, #0]
100020c4:	2000      	movs	r0, #0
100020c6:	4013      	ands	r3, r2
100020c8:	2b40      	cmp	r3, #64	; 0x40
100020ca:	d000      	beq.n	100020ce <_ZL29xinput_driver_control_xfer_cbhhPK22tusb_control_request_t+0x1a>
100020cc:	bd70      	pop	{r4, r5, r6, pc}
100020ce:	7863      	ldrb	r3, [r4, #1]
100020d0:	2b01      	cmp	r3, #1
100020d2:	d1fb      	bne.n	100020cc <_ZL29xinput_driver_control_xfer_cbhhPK22tusb_control_request_t+0x18>
100020d4:	b252      	sxtb	r2, r2
100020d6:	2a00      	cmp	r2, #0
100020d8:	daf8      	bge.n	100020cc <_ZL29xinput_driver_control_xfer_cbhhPK22tusb_control_request_t+0x18>
100020da:	0021      	movs	r1, r4
100020dc:	0028      	movs	r0, r5
100020de:	4a02      	ldr	r2, [pc, #8]	; (100020e8 <_ZL29xinput_driver_control_xfer_cbhhPK22tusb_control_request_t+0x34>)
100020e0:	3313      	adds	r3, #19
100020e2:	f006 f8f5 	bl	100082d0 <tud_control_xfer>
100020e6:	e7f1      	b.n	100020cc <_ZL29xinput_driver_control_xfer_cbhhPK22tusb_control_request_t+0x18>
100020e8:	10009f94 	.word	0x10009f94

100020ec <_ZL18xinput_driver_openhPK21tusb_desc_interface_tt>:
100020ec:	b5f0      	push	{r4, r5, r6, r7, lr}
100020ee:	464f      	mov	r7, r9
100020f0:	46d6      	mov	lr, sl
100020f2:	4646      	mov	r6, r8
100020f4:	b5c0      	push	{r6, r7, lr}
100020f6:	794b      	ldrb	r3, [r1, #5]
100020f8:	4681      	mov	r9, r0
100020fa:	000d      	movs	r5, r1
100020fc:	2bff      	cmp	r3, #255	; 0xff
100020fe:	d102      	bne.n	10002106 <_ZL18xinput_driver_openhPK21tusb_desc_interface_tt+0x1a>
10002100:	798b      	ldrb	r3, [r1, #6]
10002102:	2b5d      	cmp	r3, #93	; 0x5d
10002104:	d006      	beq.n	10002114 <_ZL18xinput_driver_openhPK21tusb_desc_interface_tt+0x28>
10002106:	2700      	movs	r7, #0
10002108:	0038      	movs	r0, r7
1000210a:	bce0      	pop	{r5, r6, r7}
1000210c:	46ba      	mov	sl, r7
1000210e:	46b1      	mov	r9, r6
10002110:	46a8      	mov	r8, r5
10002112:	bdf0      	pop	{r4, r5, r6, r7, pc}
10002114:	7909      	ldrb	r1, [r1, #4]
10002116:	00cf      	lsls	r7, r1, #3
10002118:	1a7f      	subs	r7, r7, r1
1000211a:	3719      	adds	r7, #25
1000211c:	b2bf      	uxth	r7, r7
1000211e:	42ba      	cmp	r2, r7
10002120:	d3f1      	bcc.n	10002106 <_ZL18xinput_driver_openhPK21tusb_desc_interface_tt+0x1a>
10002122:	782c      	ldrb	r4, [r5, #0]
10002124:	192c      	adds	r4, r5, r4
10002126:	2900      	cmp	r1, #0
10002128:	d0ee      	beq.n	10002108 <_ZL18xinput_driver_openhPK21tusb_desc_interface_tt+0x1c>
1000212a:	18ae      	adds	r6, r5, r2
1000212c:	42a6      	cmp	r6, r4
1000212e:	d9eb      	bls.n	10002108 <_ZL18xinput_driver_openhPK21tusb_desc_interface_tt+0x1c>
10002130:	2300      	movs	r3, #0
10002132:	4698      	mov	r8, r3
10002134:	4b0e      	ldr	r3, [pc, #56]	; (10002170 <_ZL18xinput_driver_openhPK21tusb_desc_interface_tt+0x84>)
10002136:	469a      	mov	sl, r3
10002138:	e005      	b.n	10002146 <_ZL18xinput_driver_openhPK21tusb_desc_interface_tt+0x5a>
1000213a:	7823      	ldrb	r3, [r4, #0]
1000213c:	18e4      	adds	r4, r4, r3
1000213e:	4588      	cmp	r8, r1
10002140:	d2e2      	bcs.n	10002108 <_ZL18xinput_driver_openhPK21tusb_desc_interface_tt+0x1c>
10002142:	42a6      	cmp	r6, r4
10002144:	d9e0      	bls.n	10002108 <_ZL18xinput_driver_openhPK21tusb_desc_interface_tt+0x1c>
10002146:	7863      	ldrb	r3, [r4, #1]
10002148:	2b05      	cmp	r3, #5
1000214a:	d1f6      	bne.n	1000213a <_ZL18xinput_driver_openhPK21tusb_desc_interface_tt+0x4e>
1000214c:	0021      	movs	r1, r4
1000214e:	4648      	mov	r0, r9
10002150:	f006 f830 	bl	100081b4 <usbd_edpt_open>
10002154:	2800      	cmp	r0, #0
10002156:	d0d6      	beq.n	10002106 <_ZL18xinput_driver_openhPK21tusb_desc_interface_tt+0x1a>
10002158:	78a3      	ldrb	r3, [r4, #2]
1000215a:	09da      	lsrs	r2, r3, #7
1000215c:	2a01      	cmp	r2, #1
1000215e:	d101      	bne.n	10002164 <_ZL18xinput_driver_openhPK21tusb_desc_interface_tt+0x78>
10002160:	4652      	mov	r2, sl
10002162:	7013      	strb	r3, [r2, #0]
10002164:	4643      	mov	r3, r8
10002166:	3301      	adds	r3, #1
10002168:	b2db      	uxtb	r3, r3
1000216a:	4698      	mov	r8, r3
1000216c:	7929      	ldrb	r1, [r5, #4]
1000216e:	e7e4      	b.n	1000213a <_ZL18xinput_driver_openhPK21tusb_desc_interface_tt+0x4e>
10002170:	20002c3d 	.word	0x20002c3d

10002174 <usbd_app_driver_get_cb>:
10002174:	2301      	movs	r3, #1
10002176:	7003      	strb	r3, [r0, #0]
10002178:	4800      	ldr	r0, [pc, #0]	; (1000217c <usbd_app_driver_get_cb+0x8>)
1000217a:	4770      	bx	lr
1000217c:	10009f7c 	.word	0x10009f7c

10002180 <_ZN11xinput_mode4initEv>:
10002180:	b510      	push	{r4, lr}
10002182:	2000      	movs	r0, #0
10002184:	f7fe fd90 	bl	10000ca8 <_Z18led_set_io4_activeb>
10002188:	bd10      	pop	{r4, pc}
1000218a:	46c0      	nop			; (mov r8, r8)

1000218c <_ZN11xinput_mode11update_taskEv>:
1000218c:	b530      	push	{r4, r5, lr}
1000218e:	4c70      	ldr	r4, [pc, #448]	; (10002350 <_ZN11xinput_mode11update_taskEv+0x1c4>)
10002190:	b087      	sub	sp, #28
10002192:	7823      	ldrb	r3, [r4, #0]
10002194:	2b00      	cmp	r3, #0
10002196:	d101      	bne.n	1000219c <_ZN11xinput_mode11update_taskEv+0x10>
10002198:	b007      	add	sp, #28
1000219a:	bd30      	pop	{r4, r5, pc}
1000219c:	f005 fb76 	bl	1000788c <tud_mounted>
100021a0:	2800      	cmp	r0, #0
100021a2:	d0f9      	beq.n	10002198 <_ZN11xinput_mode11update_taskEv+0xc>
100021a4:	f005 fb7a 	bl	1000789c <tud_suspended>
100021a8:	2800      	cmp	r0, #0
100021aa:	d1f5      	bne.n	10002198 <_ZN11xinput_mode11update_taskEv+0xc>
100021ac:	7821      	ldrb	r1, [r4, #0]
100021ae:	f006 f869 	bl	10008284 <usbd_edpt_busy>
100021b2:	2800      	cmp	r0, #0
100021b4:	d1f0      	bne.n	10002198 <_ZN11xinput_mode11update_taskEv+0xc>
100021b6:	ad01      	add	r5, sp, #4
100021b8:	2214      	movs	r2, #20
100021ba:	2100      	movs	r1, #0
100021bc:	0028      	movs	r0, r5
100021be:	f004 fe9f 	bl	10006f00 <__wrap_memset>
100021c2:	2314      	movs	r3, #20
100021c4:	2003      	movs	r0, #3
100021c6:	706b      	strb	r3, [r5, #1]
100021c8:	f7fe f9cc 	bl	10000564 <is_button_pressed>
100021cc:	2800      	cmp	r0, #0
100021ce:	d003      	beq.n	100021d8 <_ZN11xinput_mode11update_taskEv+0x4c>
100021d0:	2201      	movs	r2, #1
100021d2:	78ab      	ldrb	r3, [r5, #2]
100021d4:	4313      	orrs	r3, r2
100021d6:	70ab      	strb	r3, [r5, #2]
100021d8:	2005      	movs	r0, #5
100021da:	f7fe f9c3 	bl	10000564 <is_button_pressed>
100021de:	2800      	cmp	r0, #0
100021e0:	d003      	beq.n	100021ea <_ZN11xinput_mode11update_taskEv+0x5e>
100021e2:	2202      	movs	r2, #2
100021e4:	78ab      	ldrb	r3, [r5, #2]
100021e6:	4313      	orrs	r3, r2
100021e8:	70ab      	strb	r3, [r5, #2]
100021ea:	2002      	movs	r0, #2
100021ec:	f7fe f9ba 	bl	10000564 <is_button_pressed>
100021f0:	2800      	cmp	r0, #0
100021f2:	d003      	beq.n	100021fc <_ZN11xinput_mode11update_taskEv+0x70>
100021f4:	2204      	movs	r2, #4
100021f6:	78ab      	ldrb	r3, [r5, #2]
100021f8:	4313      	orrs	r3, r2
100021fa:	70ab      	strb	r3, [r5, #2]
100021fc:	2004      	movs	r0, #4
100021fe:	f7fe f9b1 	bl	10000564 <is_button_pressed>
10002202:	2800      	cmp	r0, #0
10002204:	d003      	beq.n	1000220e <_ZN11xinput_mode11update_taskEv+0x82>
10002206:	2208      	movs	r2, #8
10002208:	78ab      	ldrb	r3, [r5, #2]
1000220a:	4313      	orrs	r3, r2
1000220c:	70ab      	strb	r3, [r5, #2]
1000220e:	200a      	movs	r0, #10
10002210:	f7fe f9a8 	bl	10000564 <is_button_pressed>
10002214:	2800      	cmp	r0, #0
10002216:	d003      	beq.n	10002220 <_ZN11xinput_mode11update_taskEv+0x94>
10002218:	2210      	movs	r2, #16
1000221a:	78ab      	ldrb	r3, [r5, #2]
1000221c:	4313      	orrs	r3, r2
1000221e:	70ab      	strb	r3, [r5, #2]
10002220:	2000      	movs	r0, #0
10002222:	f7fe f99f 	bl	10000564 <is_button_pressed>
10002226:	2800      	cmp	r0, #0
10002228:	d003      	beq.n	10002232 <_ZN11xinput_mode11update_taskEv+0xa6>
1000222a:	2220      	movs	r2, #32
1000222c:	78ab      	ldrb	r3, [r5, #2]
1000222e:	4313      	orrs	r3, r2
10002230:	70ab      	strb	r3, [r5, #2]
10002232:	2006      	movs	r0, #6
10002234:	f7fe f996 	bl	10000564 <is_button_pressed>
10002238:	2800      	cmp	r0, #0
1000223a:	d003      	beq.n	10002244 <_ZN11xinput_mode11update_taskEv+0xb8>
1000223c:	2240      	movs	r2, #64	; 0x40
1000223e:	78ab      	ldrb	r3, [r5, #2]
10002240:	4313      	orrs	r3, r2
10002242:	70ab      	strb	r3, [r5, #2]
10002244:	2007      	movs	r0, #7
10002246:	f7fe f98d 	bl	10000564 <is_button_pressed>
1000224a:	2800      	cmp	r0, #0
1000224c:	d004      	beq.n	10002258 <_ZN11xinput_mode11update_taskEv+0xcc>
1000224e:	2380      	movs	r3, #128	; 0x80
10002250:	78aa      	ldrb	r2, [r5, #2]
10002252:	425b      	negs	r3, r3
10002254:	4313      	orrs	r3, r2
10002256:	70ab      	strb	r3, [r5, #2]
10002258:	2001      	movs	r0, #1
1000225a:	f7fe f983 	bl	10000564 <is_button_pressed>
1000225e:	2800      	cmp	r0, #0
10002260:	d003      	beq.n	1000226a <_ZN11xinput_mode11update_taskEv+0xde>
10002262:	2201      	movs	r2, #1
10002264:	78eb      	ldrb	r3, [r5, #3]
10002266:	4313      	orrs	r3, r2
10002268:	70eb      	strb	r3, [r5, #3]
1000226a:	200b      	movs	r0, #11
1000226c:	f7fe f97a 	bl	10000564 <is_button_pressed>
10002270:	2800      	cmp	r0, #0
10002272:	d003      	beq.n	1000227c <_ZN11xinput_mode11update_taskEv+0xf0>
10002274:	2202      	movs	r2, #2
10002276:	78eb      	ldrb	r3, [r5, #3]
10002278:	4313      	orrs	r3, r2
1000227a:	70eb      	strb	r3, [r5, #3]
1000227c:	2014      	movs	r0, #20
1000227e:	f7fe f971 	bl	10000564 <is_button_pressed>
10002282:	2800      	cmp	r0, #0
10002284:	d003      	beq.n	1000228e <_ZN11xinput_mode11update_taskEv+0x102>
10002286:	2204      	movs	r2, #4
10002288:	78eb      	ldrb	r3, [r5, #3]
1000228a:	4313      	orrs	r3, r2
1000228c:	70eb      	strb	r3, [r5, #3]
1000228e:	200e      	movs	r0, #14
10002290:	f7fe f968 	bl	10000564 <is_button_pressed>
10002294:	2800      	cmp	r0, #0
10002296:	d003      	beq.n	100022a0 <_ZN11xinput_mode11update_taskEv+0x114>
10002298:	2210      	movs	r2, #16
1000229a:	78eb      	ldrb	r3, [r5, #3]
1000229c:	4313      	orrs	r3, r2
1000229e:	70eb      	strb	r3, [r5, #3]
100022a0:	200f      	movs	r0, #15
100022a2:	f7fe f95f 	bl	10000564 <is_button_pressed>
100022a6:	2800      	cmp	r0, #0
100022a8:	d04b      	beq.n	10002342 <_ZN11xinput_mode11update_taskEv+0x1b6>
100022aa:	2220      	movs	r2, #32
100022ac:	78eb      	ldrb	r3, [r5, #3]
100022ae:	4313      	orrs	r3, r2
100022b0:	70eb      	strb	r3, [r5, #3]
100022b2:	200c      	movs	r0, #12
100022b4:	f7fe f956 	bl	10000564 <is_button_pressed>
100022b8:	2800      	cmp	r0, #0
100022ba:	d003      	beq.n	100022c4 <_ZN11xinput_mode11update_taskEv+0x138>
100022bc:	2240      	movs	r2, #64	; 0x40
100022be:	78eb      	ldrb	r3, [r5, #3]
100022c0:	4313      	orrs	r3, r2
100022c2:	70eb      	strb	r3, [r5, #3]
100022c4:	200d      	movs	r0, #13
100022c6:	f7fe f94d 	bl	10000564 <is_button_pressed>
100022ca:	2800      	cmp	r0, #0
100022cc:	d004      	beq.n	100022d8 <_ZN11xinput_mode11update_taskEv+0x14c>
100022ce:	2380      	movs	r3, #128	; 0x80
100022d0:	78ea      	ldrb	r2, [r5, #3]
100022d2:	425b      	negs	r3, r3
100022d4:	4313      	orrs	r3, r2
100022d6:	70eb      	strb	r3, [r5, #3]
100022d8:	2009      	movs	r0, #9
100022da:	f7fe f943 	bl	10000564 <is_button_pressed>
100022de:	2800      	cmp	r0, #0
100022e0:	d001      	beq.n	100022e6 <_ZN11xinput_mode11update_taskEv+0x15a>
100022e2:	23ff      	movs	r3, #255	; 0xff
100022e4:	712b      	strb	r3, [r5, #4]
100022e6:	2013      	movs	r0, #19
100022e8:	f7fe f93c 	bl	10000564 <is_button_pressed>
100022ec:	2800      	cmp	r0, #0
100022ee:	d001      	beq.n	100022f4 <_ZN11xinput_mode11update_taskEv+0x168>
100022f0:	23ff      	movs	r3, #255	; 0xff
100022f2:	716b      	strb	r3, [r5, #5]
100022f4:	2010      	movs	r0, #16
100022f6:	f7fe f935 	bl	10000564 <is_button_pressed>
100022fa:	2800      	cmp	r0, #0
100022fc:	d001      	beq.n	10002302 <_ZN11xinput_mode11update_taskEv+0x176>
100022fe:	4b15      	ldr	r3, [pc, #84]	; (10002354 <_ZN11xinput_mode11update_taskEv+0x1c8>)
10002300:	81ab      	strh	r3, [r5, #12]
10002302:	2011      	movs	r0, #17
10002304:	f7fe f92e 	bl	10000564 <is_button_pressed>
10002308:	2800      	cmp	r0, #0
1000230a:	d001      	beq.n	10002310 <_ZN11xinput_mode11update_taskEv+0x184>
1000230c:	4b12      	ldr	r3, [pc, #72]	; (10002358 <_ZN11xinput_mode11update_taskEv+0x1cc>)
1000230e:	816b      	strh	r3, [r5, #10]
10002310:	2012      	movs	r0, #18
10002312:	f7fe f927 	bl	10000564 <is_button_pressed>
10002316:	2800      	cmp	r0, #0
10002318:	d001      	beq.n	1000231e <_ZN11xinput_mode11update_taskEv+0x192>
1000231a:	4b0e      	ldr	r3, [pc, #56]	; (10002354 <_ZN11xinput_mode11update_taskEv+0x1c8>)
1000231c:	816b      	strh	r3, [r5, #10]
1000231e:	f7fe fadf 	bl	100008e0 <_Z23analog_lever_get_xinputv>
10002322:	7821      	ldrb	r1, [r4, #0]
10002324:	80e8      	strh	r0, [r5, #6]
10002326:	2000      	movs	r0, #0
10002328:	f005 ff5e 	bl	100081e8 <usbd_edpt_claim>
1000232c:	7821      	ldrb	r1, [r4, #0]
1000232e:	2314      	movs	r3, #20
10002330:	002a      	movs	r2, r5
10002332:	2000      	movs	r0, #0
10002334:	f005 ff80 	bl	10008238 <usbd_edpt_xfer>
10002338:	7821      	ldrb	r1, [r4, #0]
1000233a:	2000      	movs	r0, #0
1000233c:	f005 ff68 	bl	10008210 <usbd_edpt_release>
10002340:	e72a      	b.n	10002198 <_ZN11xinput_mode11update_taskEv+0xc>
10002342:	2008      	movs	r0, #8
10002344:	f7fe f90e 	bl	10000564 <is_button_pressed>
10002348:	2800      	cmp	r0, #0
1000234a:	d1ae      	bne.n	100022aa <_ZN11xinput_mode11update_taskEv+0x11e>
1000234c:	e7b1      	b.n	100022b2 <_ZN11xinput_mode11update_taskEv+0x126>
1000234e:	46c0      	nop			; (mov r8, r8)
10002350:	20002c3d 	.word	0x20002c3d
10002354:	00007fff 	.word	0x00007fff
10002358:	ffff8000 	.word	0xffff8000

1000235c <_ZL16parse_json_arrayPKcS0_Phj.constprop.0>:
1000235c:	b5f0      	push	{r4, r5, r6, r7, lr}
1000235e:	46c6      	mov	lr, r8
10002360:	0004      	movs	r4, r0
10002362:	b500      	push	{lr}
10002364:	b092      	sub	sp, #72	; 0x48
10002366:	000b      	movs	r3, r1
10002368:	0017      	movs	r7, r2
1000236a:	2140      	movs	r1, #64	; 0x40
1000236c:	4a24      	ldr	r2, [pc, #144]	; (10002400 <_ZL16parse_json_arrayPKcS0_Phj.constprop.0+0xa4>)
1000236e:	a802      	add	r0, sp, #8
10002370:	f003 fd00 	bl	10005d74 <__wrap_snprintf>
10002374:	0020      	movs	r0, r4
10002376:	a902      	add	r1, sp, #8
10002378:	f007 fa24 	bl	100097c4 <strstr>
1000237c:	2800      	cmp	r0, #0
1000237e:	d039      	beq.n	100023f4 <_ZL16parse_json_arrayPKcS0_Phj.constprop.0+0x98>
10002380:	215b      	movs	r1, #91	; 0x5b
10002382:	f007 f813 	bl	100093ac <strchr>
10002386:	1e03      	subs	r3, r0, #0
10002388:	d034      	beq.n	100023f4 <_ZL16parse_json_arrayPKcS0_Phj.constprop.0+0x98>
1000238a:	1cfa      	adds	r2, r7, #3
1000238c:	4690      	mov	r8, r2
1000238e:	2501      	movs	r5, #1
10002390:	4e1c      	ldr	r6, [pc, #112]	; (10002404 <_ZL16parse_json_arrayPKcS0_Phj.constprop.0+0xa8>)
10002392:	3301      	adds	r3, #1
10002394:	001c      	movs	r4, r3
10002396:	7822      	ldrb	r2, [r4, #0]
10002398:	0013      	movs	r3, r2
1000239a:	3b09      	subs	r3, #9
1000239c:	b2db      	uxtb	r3, r3
1000239e:	2b17      	cmp	r3, #23
100023a0:	d906      	bls.n	100023b0 <_ZL16parse_json_arrayPKcS0_Phj.constprop.0+0x54>
100023a2:	2a5d      	cmp	r2, #93	; 0x5d
100023a4:	d128      	bne.n	100023f8 <_ZL16parse_json_arrayPKcS0_Phj.constprop.0+0x9c>
100023a6:	2001      	movs	r0, #1
100023a8:	b012      	add	sp, #72	; 0x48
100023aa:	bc80      	pop	{r7}
100023ac:	46b8      	mov	r8, r7
100023ae:	bdf0      	pop	{r4, r5, r6, r7, pc}
100023b0:	0032      	movs	r2, r6
100023b2:	40da      	lsrs	r2, r3
100023b4:	0013      	movs	r3, r2
100023b6:	002a      	movs	r2, r5
100023b8:	439a      	bics	r2, r3
100023ba:	d019      	beq.n	100023f0 <_ZL16parse_json_arrayPKcS0_Phj.constprop.0+0x94>
100023bc:	2300      	movs	r3, #0
100023be:	220a      	movs	r2, #10
100023c0:	0020      	movs	r0, r4
100023c2:	a901      	add	r1, sp, #4
100023c4:	9301      	str	r3, [sp, #4]
100023c6:	f007 fb5b 	bl	10009a80 <strtoul>
100023ca:	9b01      	ldr	r3, [sp, #4]
100023cc:	7038      	strb	r0, [r7, #0]
100023ce:	2b00      	cmp	r3, #0
100023d0:	d0e9      	beq.n	100023a6 <_ZL16parse_json_arrayPKcS0_Phj.constprop.0+0x4a>
100023d2:	429c      	cmp	r4, r3
100023d4:	d0e7      	beq.n	100023a6 <_ZL16parse_json_arrayPKcS0_Phj.constprop.0+0x4a>
100023d6:	781a      	ldrb	r2, [r3, #0]
100023d8:	2a20      	cmp	r2, #32
100023da:	d003      	beq.n	100023e4 <_ZL16parse_json_arrayPKcS0_Phj.constprop.0+0x88>
100023dc:	2a09      	cmp	r2, #9
100023de:	d001      	beq.n	100023e4 <_ZL16parse_json_arrayPKcS0_Phj.constprop.0+0x88>
100023e0:	2a2c      	cmp	r2, #44	; 0x2c
100023e2:	d101      	bne.n	100023e8 <_ZL16parse_json_arrayPKcS0_Phj.constprop.0+0x8c>
100023e4:	3301      	adds	r3, #1
100023e6:	e7f6      	b.n	100023d6 <_ZL16parse_json_arrayPKcS0_Phj.constprop.0+0x7a>
100023e8:	3701      	adds	r7, #1
100023ea:	45b8      	cmp	r8, r7
100023ec:	d1d2      	bne.n	10002394 <_ZL16parse_json_arrayPKcS0_Phj.constprop.0+0x38>
100023ee:	e7da      	b.n	100023a6 <_ZL16parse_json_arrayPKcS0_Phj.constprop.0+0x4a>
100023f0:	3401      	adds	r4, #1
100023f2:	e7d0      	b.n	10002396 <_ZL16parse_json_arrayPKcS0_Phj.constprop.0+0x3a>
100023f4:	2000      	movs	r0, #0
100023f6:	e7d7      	b.n	100023a8 <_ZL16parse_json_arrayPKcS0_Phj.constprop.0+0x4c>
100023f8:	2a00      	cmp	r2, #0
100023fa:	d0d4      	beq.n	100023a6 <_ZL16parse_json_arrayPKcS0_Phj.constprop.0+0x4a>
100023fc:	e7de      	b.n	100023bc <_ZL16parse_json_arrayPKcS0_Phj.constprop.0+0x60>
100023fe:	46c0      	nop			; (mov r8, r8)
10002400:	10009fa8 	.word	0x10009fa8
10002404:	00800013 	.word	0x00800013

10002408 <serial_config_init>:
10002408:	2200      	movs	r2, #0
1000240a:	b510      	push	{r4, lr}
1000240c:	4b02      	ldr	r3, [pc, #8]	; (10002418 <serial_config_init+0x10>)
1000240e:	2000      	movs	r0, #0
10002410:	601a      	str	r2, [r3, #0]
10002412:	f7fe fc49 	bl	10000ca8 <_Z18led_set_io4_activeb>
10002416:	bd10      	pop	{r4, pc}
10002418:	20002064 	.word	0x20002064

1000241c <serial_config_update_task>:
1000241c:	b5f0      	push	{r4, r5, r6, r7, lr}
1000241e:	46de      	mov	lr, fp
10002420:	4657      	mov	r7, sl
10002422:	464e      	mov	r6, r9
10002424:	4645      	mov	r5, r8
10002426:	b5e0      	push	{r5, r6, r7, lr}
10002428:	4cc9      	ldr	r4, [pc, #804]	; (10002750 <serial_config_update_task+0x334>)
1000242a:	2000      	movs	r0, #0
1000242c:	44a5      	add	sp, r4
1000242e:	f006 f861 	bl	100084f4 <tud_cdc_n_available>
10002432:	2800      	cmp	r0, #0
10002434:	d022      	beq.n	1000247c <serial_config_update_task+0x60>
10002436:	2000      	movs	r0, #0
10002438:	f006 f85c 	bl	100084f4 <tud_cdc_n_available>
1000243c:	2800      	cmp	r0, #0
1000243e:	d01d      	beq.n	1000247c <serial_config_update_task+0x60>
10002440:	2201      	movs	r2, #1
10002442:	2000      	movs	r0, #0
10002444:	a91e      	add	r1, sp, #120	; 0x78
10002446:	f006 f861 	bl	1000850c <tud_cdc_n_read>
1000244a:	2800      	cmp	r0, #0
1000244c:	d100      	bne.n	10002450 <serial_config_update_task+0x34>
1000244e:	e3bf      	b.n	10002bd0 <serial_config_update_task+0x7b4>
10002450:	2270      	movs	r2, #112	; 0x70
10002452:	ab02      	add	r3, sp, #8
10002454:	189b      	adds	r3, r3, r2
10002456:	781b      	ldrb	r3, [r3, #0]
10002458:	2b0d      	cmp	r3, #13
1000245a:	d017      	beq.n	1000248c <serial_config_update_task+0x70>
1000245c:	2b0a      	cmp	r3, #10
1000245e:	d015      	beq.n	1000248c <serial_config_update_task+0x70>
10002460:	49bc      	ldr	r1, [pc, #752]	; (10002754 <serial_config_update_task+0x338>)
10002462:	48bd      	ldr	r0, [pc, #756]	; (10002758 <serial_config_update_task+0x33c>)
10002464:	680a      	ldr	r2, [r1, #0]
10002466:	4282      	cmp	r2, r0
10002468:	d8e5      	bhi.n	10002436 <serial_config_update_task+0x1a>
1000246a:	1c50      	adds	r0, r2, #1
1000246c:	6008      	str	r0, [r1, #0]
1000246e:	49bb      	ldr	r1, [pc, #748]	; (1000275c <serial_config_update_task+0x340>)
10002470:	2000      	movs	r0, #0
10002472:	548b      	strb	r3, [r1, r2]
10002474:	f006 f83e 	bl	100084f4 <tud_cdc_n_available>
10002478:	2800      	cmp	r0, #0
1000247a:	d1e1      	bne.n	10002440 <serial_config_update_task+0x24>
1000247c:	4bb8      	ldr	r3, [pc, #736]	; (10002760 <serial_config_update_task+0x344>)
1000247e:	449d      	add	sp, r3
10002480:	bcf0      	pop	{r4, r5, r6, r7}
10002482:	46bb      	mov	fp, r7
10002484:	46b2      	mov	sl, r6
10002486:	46a9      	mov	r9, r5
10002488:	46a0      	mov	r8, r4
1000248a:	bdf0      	pop	{r4, r5, r6, r7, pc}
1000248c:	4bb1      	ldr	r3, [pc, #708]	; (10002754 <serial_config_update_task+0x338>)
1000248e:	469b      	mov	fp, r3
10002490:	681b      	ldr	r3, [r3, #0]
10002492:	2b00      	cmp	r3, #0
10002494:	d0cf      	beq.n	10002436 <serial_config_update_task+0x1a>
10002496:	2200      	movs	r2, #0
10002498:	4db0      	ldr	r5, [pc, #704]	; (1000275c <serial_config_update_task+0x340>)
1000249a:	54ea      	strb	r2, [r5, r3]
1000249c:	782b      	ldrb	r3, [r5, #0]
1000249e:	2b20      	cmp	r3, #32
100024a0:	d001      	beq.n	100024a6 <serial_config_update_task+0x8a>
100024a2:	2b09      	cmp	r3, #9
100024a4:	d101      	bne.n	100024aa <serial_config_update_task+0x8e>
100024a6:	3501      	adds	r5, #1
100024a8:	e7f8      	b.n	1000249c <serial_config_update_task+0x80>
100024aa:	2204      	movs	r2, #4
100024ac:	0028      	movs	r0, r5
100024ae:	49ad      	ldr	r1, [pc, #692]	; (10002764 <serial_config_update_task+0x348>)
100024b0:	f007 f80a 	bl	100094c8 <strncmp>
100024b4:	2800      	cmp	r0, #0
100024b6:	d100      	bne.n	100024ba <serial_config_update_task+0x9e>
100024b8:	e106      	b.n	100026c8 <serial_config_update_task+0x2ac>
100024ba:	220a      	movs	r2, #10
100024bc:	0028      	movs	r0, r5
100024be:	49aa      	ldr	r1, [pc, #680]	; (10002768 <serial_config_update_task+0x34c>)
100024c0:	f007 f802 	bl	100094c8 <strncmp>
100024c4:	2800      	cmp	r0, #0
100024c6:	d045      	beq.n	10002554 <serial_config_update_task+0x138>
100024c8:	220b      	movs	r2, #11
100024ca:	0028      	movs	r0, r5
100024cc:	49a7      	ldr	r1, [pc, #668]	; (1000276c <serial_config_update_task+0x350>)
100024ce:	f006 fffb 	bl	100094c8 <strncmp>
100024d2:	2800      	cmp	r0, #0
100024d4:	d100      	bne.n	100024d8 <serial_config_update_task+0xbc>
100024d6:	e11d      	b.n	10002714 <serial_config_update_task+0x2f8>
100024d8:	220e      	movs	r2, #14
100024da:	0028      	movs	r0, r5
100024dc:	49a4      	ldr	r1, [pc, #656]	; (10002770 <serial_config_update_task+0x354>)
100024de:	f006 fff3 	bl	100094c8 <strncmp>
100024e2:	2800      	cmp	r0, #0
100024e4:	d100      	bne.n	100024e8 <serial_config_update_task+0xcc>
100024e6:	e375      	b.n	10002bd4 <serial_config_update_task+0x7b8>
100024e8:	220a      	movs	r2, #10
100024ea:	0028      	movs	r0, r5
100024ec:	49a1      	ldr	r1, [pc, #644]	; (10002774 <serial_config_update_task+0x358>)
100024ee:	f006 ffeb 	bl	100094c8 <strncmp>
100024f2:	2800      	cmp	r0, #0
100024f4:	d100      	bne.n	100024f8 <serial_config_update_task+0xdc>
100024f6:	e0f4      	b.n	100026e2 <serial_config_update_task+0x2c6>
100024f8:	220d      	movs	r2, #13
100024fa:	0028      	movs	r0, r5
100024fc:	499e      	ldr	r1, [pc, #632]	; (10002778 <serial_config_update_task+0x35c>)
100024fe:	f006 ffe3 	bl	100094c8 <strncmp>
10002502:	1e07      	subs	r7, r0, #0
10002504:	d100      	bne.n	10002508 <serial_config_update_task+0xec>
10002506:	e38e      	b.n	10002c26 <serial_config_update_task+0x80a>
10002508:	220e      	movs	r2, #14
1000250a:	0028      	movs	r0, r5
1000250c:	499b      	ldr	r1, [pc, #620]	; (1000277c <serial_config_update_task+0x360>)
1000250e:	f006 ffdb 	bl	100094c8 <strncmp>
10002512:	2800      	cmp	r0, #0
10002514:	d101      	bne.n	1000251a <serial_config_update_task+0xfe>
10002516:	f000 fc08 	bl	10002d2a <serial_config_update_task+0x90e>
1000251a:	2206      	movs	r2, #6
1000251c:	0028      	movs	r0, r5
1000251e:	4998      	ldr	r1, [pc, #608]	; (10002780 <serial_config_update_task+0x364>)
10002520:	f006 ffd2 	bl	100094c8 <strncmp>
10002524:	2800      	cmp	r0, #0
10002526:	d000      	beq.n	1000252a <serial_config_update_task+0x10e>
10002528:	e367      	b.n	10002bfa <serial_config_update_task+0x7de>
1000252a:	f005 ffcb 	bl	100084c4 <tud_cdc_n_connected>
1000252e:	2800      	cmp	r0, #0
10002530:	d007      	beq.n	10002542 <serial_config_update_task+0x126>
10002532:	220e      	movs	r2, #14
10002534:	2000      	movs	r0, #0
10002536:	4993      	ldr	r1, [pc, #588]	; (10002784 <serial_config_update_task+0x368>)
10002538:	f006 f85c 	bl	100085f4 <tud_cdc_n_write>
1000253c:	2000      	movs	r0, #0
1000253e:	f006 f81d 	bl	1000857c <tud_cdc_n_write_flush>
10002542:	2064      	movs	r0, #100	; 0x64
10002544:	f001 faee 	bl	10003b24 <sleep_ms>
10002548:	2200      	movs	r2, #0
1000254a:	2100      	movs	r1, #0
1000254c:	2000      	movs	r0, #0
1000254e:	f002 f85f 	bl	10004610 <watchdog_reboot>
10002552:	e0b5      	b.n	100026c0 <serial_config_update_task+0x2a4>
10002554:	f7fd ffd6 	bl	10000504 <config_get_ptr>
10002558:	27c0      	movs	r7, #192	; 0xc0
1000255a:	8ac2      	ldrh	r2, [r0, #22]
1000255c:	6843      	ldr	r3, [r0, #4]
1000255e:	9208      	str	r2, [sp, #32]
10002560:	8a82      	ldrh	r2, [r0, #20]
10002562:	00ff      	lsls	r7, r7, #3
10002564:	9207      	str	r2, [sp, #28]
10002566:	8a42      	ldrh	r2, [r0, #18]
10002568:	4680      	mov	r8, r0
1000256a:	9206      	str	r2, [sp, #24]
1000256c:	8a02      	ldrh	r2, [r0, #16]
1000256e:	0039      	movs	r1, r7
10002570:	9205      	str	r2, [sp, #20]
10002572:	7b02      	ldrb	r2, [r0, #12]
10002574:	4645      	mov	r5, r8
10002576:	9204      	str	r2, [sp, #16]
10002578:	7ac2      	ldrb	r2, [r0, #11]
1000257a:	3519      	adds	r5, #25
1000257c:	9203      	str	r2, [sp, #12]
1000257e:	7a82      	ldrb	r2, [r0, #10]
10002580:	9202      	str	r2, [sp, #8]
10002582:	7a42      	ldrb	r2, [r0, #9]
10002584:	9201      	str	r2, [sp, #4]
10002586:	7a02      	ldrb	r2, [r0, #8]
10002588:	a81e      	add	r0, sp, #120	; 0x78
1000258a:	9200      	str	r2, [sp, #0]
1000258c:	4a7e      	ldr	r2, [pc, #504]	; (10002788 <serial_config_update_task+0x36c>)
1000258e:	f003 fbf1 	bl	10005d74 <__wrap_snprintf>
10002592:	ab1e      	add	r3, sp, #120	; 0x78
10002594:	1a39      	subs	r1, r7, r0
10002596:	0004      	movs	r4, r0
10002598:	4a7c      	ldr	r2, [pc, #496]	; (1000278c <serial_config_update_task+0x370>)
1000259a:	1818      	adds	r0, r3, r0
1000259c:	f003 fbea 	bl	10005d74 <__wrap_snprintf>
100025a0:	222d      	movs	r2, #45	; 0x2d
100025a2:	1824      	adds	r4, r4, r0
100025a4:	ab1e      	add	r3, sp, #120	; 0x78
100025a6:	4442      	add	r2, r8
100025a8:	4692      	mov	sl, r2
100025aa:	1918      	adds	r0, r3, r4
100025ac:	4a78      	ldr	r2, [pc, #480]	; (10002790 <serial_config_update_task+0x374>)
100025ae:	4643      	mov	r3, r8
100025b0:	4691      	mov	r9, r2
100025b2:	7e1b      	ldrb	r3, [r3, #24]
100025b4:	4e77      	ldr	r6, [pc, #476]	; (10002794 <serial_config_update_task+0x378>)
100025b6:	1b39      	subs	r1, r7, r4
100025b8:	464a      	mov	r2, r9
100025ba:	9600      	str	r6, [sp, #0]
100025bc:	f003 fbda 	bl	10005d74 <__wrap_snprintf>
100025c0:	ab1e      	add	r3, sp, #120	; 0x78
100025c2:	1824      	adds	r4, r4, r0
100025c4:	1918      	adds	r0, r3, r4
100025c6:	782b      	ldrb	r3, [r5, #0]
100025c8:	3501      	adds	r5, #1
100025ca:	1b39      	subs	r1, r7, r4
100025cc:	4555      	cmp	r5, sl
100025ce:	d1f3      	bne.n	100025b8 <serial_config_update_task+0x19c>
100025d0:	4a71      	ldr	r2, [pc, #452]	; (10002798 <serial_config_update_task+0x37c>)
100025d2:	9200      	str	r2, [sp, #0]
100025d4:	464a      	mov	r2, r9
100025d6:	f003 fbcd 	bl	10005d74 <__wrap_snprintf>
100025da:	ab1e      	add	r3, sp, #120	; 0x78
100025dc:	1824      	adds	r4, r4, r0
100025de:	1b39      	subs	r1, r7, r4
100025e0:	1918      	adds	r0, r3, r4
100025e2:	4a6e      	ldr	r2, [pc, #440]	; (1000279c <serial_config_update_task+0x380>)
100025e4:	f003 fbc6 	bl	10005d74 <__wrap_snprintf>
100025e8:	ab1e      	add	r3, sp, #120	; 0x78
100025ea:	1905      	adds	r5, r0, r4
100025ec:	1b79      	subs	r1, r7, r5
100025ee:	1958      	adds	r0, r3, r5
100025f0:	4a6b      	ldr	r2, [pc, #428]	; (100027a0 <serial_config_update_task+0x384>)
100025f2:	f003 fbbf 	bl	10005d74 <__wrap_snprintf>
100025f6:	ab1e      	add	r3, sp, #120	; 0x78
100025f8:	182d      	adds	r5, r5, r0
100025fa:	4642      	mov	r2, r8
100025fc:	1958      	adds	r0, r3, r5
100025fe:	2330      	movs	r3, #48	; 0x30
10002600:	4644      	mov	r4, r8
10002602:	5cd3      	ldrb	r3, [r2, r3]
10002604:	2231      	movs	r2, #49	; 0x31
10002606:	5ca2      	ldrb	r2, [r4, r2]
10002608:	1b79      	subs	r1, r7, r5
1000260a:	276f      	movs	r7, #111	; 0x6f
1000260c:	4694      	mov	ip, r2
1000260e:	2232      	movs	r2, #50	; 0x32
10002610:	4447      	add	r7, r8
10002612:	5ca2      	ldrb	r2, [r4, r2]
10002614:	46ba      	mov	sl, r7
10002616:	4f63      	ldr	r7, [pc, #396]	; (100027a4 <serial_config_update_task+0x388>)
10002618:	3433      	adds	r4, #51	; 0x33
1000261a:	46b9      	mov	r9, r7
1000261c:	0017      	movs	r7, r2
1000261e:	4662      	mov	r2, ip
10002620:	46bc      	mov	ip, r7
10002622:	4667      	mov	r7, ip
10002624:	9200      	str	r2, [sp, #0]
10002626:	9701      	str	r7, [sp, #4]
10002628:	464a      	mov	r2, r9
1000262a:	9602      	str	r6, [sp, #8]
1000262c:	f003 fba2 	bl	10005d74 <__wrap_snprintf>
10002630:	ab1e      	add	r3, sp, #120	; 0x78
10002632:	182d      	adds	r5, r5, r0
10002634:	1958      	adds	r0, r3, r5
10002636:	23c0      	movs	r3, #192	; 0xc0
10002638:	78a7      	ldrb	r7, [r4, #2]
1000263a:	00db      	lsls	r3, r3, #3
1000263c:	7862      	ldrb	r2, [r4, #1]
1000263e:	1b59      	subs	r1, r3, r5
10002640:	7823      	ldrb	r3, [r4, #0]
10002642:	3403      	adds	r4, #3
10002644:	46bc      	mov	ip, r7
10002646:	4554      	cmp	r4, sl
10002648:	d1eb      	bne.n	10002622 <serial_config_update_task+0x206>
1000264a:	4c53      	ldr	r4, [pc, #332]	; (10002798 <serial_config_update_task+0x37c>)
1000264c:	9200      	str	r2, [sp, #0]
1000264e:	9402      	str	r4, [sp, #8]
10002650:	464a      	mov	r2, r9
10002652:	9701      	str	r7, [sp, #4]
10002654:	f003 fb8e 	bl	10005d74 <__wrap_snprintf>
10002658:	24c0      	movs	r4, #192	; 0xc0
1000265a:	182d      	adds	r5, r5, r0
1000265c:	00e4      	lsls	r4, r4, #3
1000265e:	ab1e      	add	r3, sp, #120	; 0x78
10002660:	1b61      	subs	r1, r4, r5
10002662:	4a4e      	ldr	r2, [pc, #312]	; (1000279c <serial_config_update_task+0x380>)
10002664:	1958      	adds	r0, r3, r5
10002666:	f003 fb85 	bl	10005d74 <__wrap_snprintf>
1000266a:	4642      	mov	r2, r8
1000266c:	236f      	movs	r3, #111	; 0x6f
1000266e:	1940      	adds	r0, r0, r5
10002670:	5cd3      	ldrb	r3, [r2, r3]
10002672:	aa1e      	add	r2, sp, #120	; 0x78
10002674:	4694      	mov	ip, r2
10002676:	1a21      	subs	r1, r4, r0
10002678:	2274      	movs	r2, #116	; 0x74
1000267a:	4644      	mov	r4, r8
1000267c:	5ca2      	ldrb	r2, [r4, r2]
1000267e:	4460      	add	r0, ip
10002680:	9204      	str	r2, [sp, #16]
10002682:	2273      	movs	r2, #115	; 0x73
10002684:	5ca2      	ldrb	r2, [r4, r2]
10002686:	9203      	str	r2, [sp, #12]
10002688:	2272      	movs	r2, #114	; 0x72
1000268a:	5ca2      	ldrb	r2, [r4, r2]
1000268c:	9202      	str	r2, [sp, #8]
1000268e:	2271      	movs	r2, #113	; 0x71
10002690:	5ca2      	ldrb	r2, [r4, r2]
10002692:	9201      	str	r2, [sp, #4]
10002694:	2270      	movs	r2, #112	; 0x70
10002696:	5ca2      	ldrb	r2, [r4, r2]
10002698:	9200      	str	r2, [sp, #0]
1000269a:	4a43      	ldr	r2, [pc, #268]	; (100027a8 <serial_config_update_task+0x38c>)
1000269c:	f003 fb6a 	bl	10005d74 <__wrap_snprintf>
100026a0:	2000      	movs	r0, #0
100026a2:	f005 ff0f 	bl	100084c4 <tud_cdc_n_connected>
100026a6:	2800      	cmp	r0, #0
100026a8:	d00a      	beq.n	100026c0 <serial_config_update_task+0x2a4>
100026aa:	a81e      	add	r0, sp, #120	; 0x78
100026ac:	f006 fede 	bl	1000946c <strlen>
100026b0:	a91e      	add	r1, sp, #120	; 0x78
100026b2:	0002      	movs	r2, r0
100026b4:	2000      	movs	r0, #0
100026b6:	f005 ff9d 	bl	100085f4 <tud_cdc_n_write>
100026ba:	2000      	movs	r0, #0
100026bc:	f005 ff5e 	bl	1000857c <tud_cdc_n_write_flush>
100026c0:	2300      	movs	r3, #0
100026c2:	465a      	mov	r2, fp
100026c4:	6013      	str	r3, [r2, #0]
100026c6:	e6b6      	b.n	10002436 <serial_config_update_task+0x1a>
100026c8:	f005 fefc 	bl	100084c4 <tud_cdc_n_connected>
100026cc:	2800      	cmp	r0, #0
100026ce:	d0f7      	beq.n	100026c0 <serial_config_update_task+0x2a4>
100026d0:	2206      	movs	r2, #6
100026d2:	4936      	ldr	r1, [pc, #216]	; (100027ac <serial_config_update_task+0x390>)
100026d4:	2000      	movs	r0, #0
100026d6:	f005 ff8d 	bl	100085f4 <tud_cdc_n_write>
100026da:	2000      	movs	r0, #0
100026dc:	f005 ff4e 	bl	1000857c <tud_cdc_n_write_flush>
100026e0:	e7ee      	b.n	100026c0 <serial_config_update_task+0x2a4>
100026e2:	f7fd ff49 	bl	10000578 <read_all_buttons>
100026e6:	0004      	movs	r4, r0
100026e8:	f7fe f894 	bl	10000814 <_Z20analog_lever_get_rawv>
100026ec:	0005      	movs	r5, r0
100026ee:	f7fe f897 	bl	10000820 <_Z27analog_lever_get_normalizedv>
100026f2:	f004 fac9 	bl	10006c88 <__wrap___aeabi_f2d>
100026f6:	0023      	movs	r3, r4
100026f8:	9002      	str	r0, [sp, #8]
100026fa:	9103      	str	r1, [sp, #12]
100026fc:	4a2c      	ldr	r2, [pc, #176]	; (100027b0 <serial_config_update_task+0x394>)
100026fe:	2180      	movs	r1, #128	; 0x80
10002700:	9500      	str	r5, [sp, #0]
10002702:	a81e      	add	r0, sp, #120	; 0x78
10002704:	f003 fb36 	bl	10005d74 <__wrap_snprintf>
10002708:	2000      	movs	r0, #0
1000270a:	f005 fedb 	bl	100084c4 <tud_cdc_n_connected>
1000270e:	2800      	cmp	r0, #0
10002710:	d0d6      	beq.n	100026c0 <serial_config_update_task+0x2a4>
10002712:	e7ca      	b.n	100026aa <serial_config_update_task+0x28e>
10002714:	f7fd fef6 	bl	10000504 <config_get_ptr>
10002718:	4b26      	ldr	r3, [pc, #152]	; (100027b4 <serial_config_update_task+0x398>)
1000271a:	2140      	movs	r1, #64	; 0x40
1000271c:	469a      	mov	sl, r3
1000271e:	4681      	mov	r9, r0
10002720:	4652      	mov	r2, sl
10002722:	4b25      	ldr	r3, [pc, #148]	; (100027b8 <serial_config_update_task+0x39c>)
10002724:	350b      	adds	r5, #11
10002726:	a81e      	add	r0, sp, #120	; 0x78
10002728:	f003 fb24 	bl	10005d74 <__wrap_snprintf>
1000272c:	0028      	movs	r0, r5
1000272e:	a91e      	add	r1, sp, #120	; 0x78
10002730:	f007 f848 	bl	100097c4 <strstr>
10002734:	1e04      	subs	r4, r0, #0
10002736:	d049      	beq.n	100027cc <serial_config_update_task+0x3b0>
10002738:	a81e      	add	r0, sp, #120	; 0x78
1000273a:	f006 fe97 	bl	1000946c <strlen>
1000273e:	1820      	adds	r0, r4, r0
10002740:	7803      	ldrb	r3, [r0, #0]
10002742:	2b20      	cmp	r3, #32
10002744:	d001      	beq.n	1000274a <serial_config_update_task+0x32e>
10002746:	2b09      	cmp	r3, #9
10002748:	d138      	bne.n	100027bc <serial_config_update_task+0x3a0>
1000274a:	3001      	adds	r0, #1
1000274c:	e7f8      	b.n	10002740 <serial_config_update_task+0x324>
1000274e:	46c0      	nop			; (mov r8, r8)
10002750:	fffff984 	.word	0xfffff984
10002754:	20002064 	.word	0x20002064
10002758:	000007fe 	.word	0x000007fe
1000275c:	20001864 	.word	0x20001864
10002760:	0000067c 	.word	0x0000067c
10002764:	10009fb0 	.word	0x10009fb0
10002768:	10009fc0 	.word	0x10009fc0
1000276c:	1000a09c 	.word	0x1000a09c
10002770:	1000a168 	.word	0x1000a168
10002774:	1000a18c 	.word	0x1000a18c
10002778:	1000a1cc 	.word	0x1000a1cc
1000277c:	1000a208 	.word	0x1000a208
10002780:	1000a230 	.word	0x1000a230
10002784:	1000a238 	.word	0x1000a238
10002788:	10009fcc 	.word	0x10009fcc
1000278c:	1000a078 	.word	0x1000a078
10002790:	1000a084 	.word	0x1000a084
10002794:	10009bc4 	.word	0x10009bc4
10002798:	1000a1ec 	.word	0x1000a1ec
1000279c:	1000a260 	.word	0x1000a260
100027a0:	1000a2a0 	.word	0x1000a2a0
100027a4:	1000a08c 	.word	0x1000a08c
100027a8:	1000a264 	.word	0x1000a264
100027ac:	10009fb8 	.word	0x10009fb8
100027b0:	1000a198 	.word	0x1000a198
100027b4:	10009fa8 	.word	0x10009fa8
100027b8:	1000a0a8 	.word	0x1000a0a8
100027bc:	220a      	movs	r2, #10
100027be:	2100      	movs	r1, #0
100027c0:	f007 f95e 	bl	10009a80 <strtoul>
100027c4:	2802      	cmp	r0, #2
100027c6:	d801      	bhi.n	100027cc <serial_config_update_task+0x3b0>
100027c8:	464b      	mov	r3, r9
100027ca:	7218      	strb	r0, [r3, #8]
100027cc:	4652      	mov	r2, sl
100027ce:	2140      	movs	r1, #64	; 0x40
100027d0:	4bbe      	ldr	r3, [pc, #760]	; (10002acc <serial_config_update_task+0x6b0>)
100027d2:	a81e      	add	r0, sp, #120	; 0x78
100027d4:	f003 face 	bl	10005d74 <__wrap_snprintf>
100027d8:	0028      	movs	r0, r5
100027da:	a91e      	add	r1, sp, #120	; 0x78
100027dc:	f006 fff2 	bl	100097c4 <strstr>
100027e0:	1e04      	subs	r4, r0, #0
100027e2:	d012      	beq.n	1000280a <serial_config_update_task+0x3ee>
100027e4:	a81e      	add	r0, sp, #120	; 0x78
100027e6:	f006 fe41 	bl	1000946c <strlen>
100027ea:	1820      	adds	r0, r4, r0
100027ec:	7803      	ldrb	r3, [r0, #0]
100027ee:	2b20      	cmp	r3, #32
100027f0:	d001      	beq.n	100027f6 <serial_config_update_task+0x3da>
100027f2:	2b09      	cmp	r3, #9
100027f4:	d101      	bne.n	100027fa <serial_config_update_task+0x3de>
100027f6:	3001      	adds	r0, #1
100027f8:	e7f8      	b.n	100027ec <serial_config_update_task+0x3d0>
100027fa:	220a      	movs	r2, #10
100027fc:	2100      	movs	r1, #0
100027fe:	f007 f93f 	bl	10009a80 <strtoul>
10002802:	2805      	cmp	r0, #5
10002804:	d801      	bhi.n	1000280a <serial_config_update_task+0x3ee>
10002806:	464b      	mov	r3, r9
10002808:	72d8      	strb	r0, [r3, #11]
1000280a:	4652      	mov	r2, sl
1000280c:	2140      	movs	r1, #64	; 0x40
1000280e:	4bb0      	ldr	r3, [pc, #704]	; (10002ad0 <serial_config_update_task+0x6b4>)
10002810:	a81e      	add	r0, sp, #120	; 0x78
10002812:	f003 faaf 	bl	10005d74 <__wrap_snprintf>
10002816:	0028      	movs	r0, r5
10002818:	a91e      	add	r1, sp, #120	; 0x78
1000281a:	f006 ffd3 	bl	100097c4 <strstr>
1000281e:	1e04      	subs	r4, r0, #0
10002820:	d012      	beq.n	10002848 <serial_config_update_task+0x42c>
10002822:	a81e      	add	r0, sp, #120	; 0x78
10002824:	f006 fe22 	bl	1000946c <strlen>
10002828:	1820      	adds	r0, r4, r0
1000282a:	7803      	ldrb	r3, [r0, #0]
1000282c:	2b20      	cmp	r3, #32
1000282e:	d001      	beq.n	10002834 <serial_config_update_task+0x418>
10002830:	2b09      	cmp	r3, #9
10002832:	d101      	bne.n	10002838 <serial_config_update_task+0x41c>
10002834:	3001      	adds	r0, #1
10002836:	e7f8      	b.n	1000282a <serial_config_update_task+0x40e>
10002838:	220a      	movs	r2, #10
1000283a:	2100      	movs	r1, #0
1000283c:	f007 f920 	bl	10009a80 <strtoul>
10002840:	2805      	cmp	r0, #5
10002842:	d801      	bhi.n	10002848 <serial_config_update_task+0x42c>
10002844:	464b      	mov	r3, r9
10002846:	7318      	strb	r0, [r3, #12]
10002848:	4652      	mov	r2, sl
1000284a:	2140      	movs	r1, #64	; 0x40
1000284c:	4ba1      	ldr	r3, [pc, #644]	; (10002ad4 <serial_config_update_task+0x6b8>)
1000284e:	a81e      	add	r0, sp, #120	; 0x78
10002850:	f003 fa90 	bl	10005d74 <__wrap_snprintf>
10002854:	0028      	movs	r0, r5
10002856:	a91e      	add	r1, sp, #120	; 0x78
10002858:	f006 ffb4 	bl	100097c4 <strstr>
1000285c:	1e04      	subs	r4, r0, #0
1000285e:	d014      	beq.n	1000288a <serial_config_update_task+0x46e>
10002860:	a81e      	add	r0, sp, #120	; 0x78
10002862:	f006 fe03 	bl	1000946c <strlen>
10002866:	1820      	adds	r0, r4, r0
10002868:	7803      	ldrb	r3, [r0, #0]
1000286a:	2b20      	cmp	r3, #32
1000286c:	d001      	beq.n	10002872 <serial_config_update_task+0x456>
1000286e:	2b09      	cmp	r3, #9
10002870:	d101      	bne.n	10002876 <serial_config_update_task+0x45a>
10002872:	3001      	adds	r0, #1
10002874:	e7f8      	b.n	10002868 <serial_config_update_task+0x44c>
10002876:	220a      	movs	r2, #10
10002878:	2100      	movs	r1, #0
1000287a:	f007 f901 	bl	10009a80 <strtoul>
1000287e:	2805      	cmp	r0, #5
10002880:	d803      	bhi.n	1000288a <serial_config_update_task+0x46e>
10002882:	464b      	mov	r3, r9
10002884:	b2c0      	uxtb	r0, r0
10002886:	72d8      	strb	r0, [r3, #11]
10002888:	7318      	strb	r0, [r3, #12]
1000288a:	4652      	mov	r2, sl
1000288c:	2140      	movs	r1, #64	; 0x40
1000288e:	4b92      	ldr	r3, [pc, #584]	; (10002ad8 <serial_config_update_task+0x6bc>)
10002890:	a81e      	add	r0, sp, #120	; 0x78
10002892:	f003 fa6f 	bl	10005d74 <__wrap_snprintf>
10002896:	0028      	movs	r0, r5
10002898:	a91e      	add	r1, sp, #120	; 0x78
1000289a:	f006 ff93 	bl	100097c4 <strstr>
1000289e:	1e04      	subs	r4, r0, #0
100028a0:	d012      	beq.n	100028c8 <serial_config_update_task+0x4ac>
100028a2:	a81e      	add	r0, sp, #120	; 0x78
100028a4:	f006 fde2 	bl	1000946c <strlen>
100028a8:	1820      	adds	r0, r4, r0
100028aa:	7803      	ldrb	r3, [r0, #0]
100028ac:	2b20      	cmp	r3, #32
100028ae:	d001      	beq.n	100028b4 <serial_config_update_task+0x498>
100028b0:	2b09      	cmp	r3, #9
100028b2:	d101      	bne.n	100028b8 <serial_config_update_task+0x49c>
100028b4:	3001      	adds	r0, #1
100028b6:	e7f8      	b.n	100028aa <serial_config_update_task+0x48e>
100028b8:	220a      	movs	r2, #10
100028ba:	2100      	movs	r1, #0
100028bc:	f007 f8e0 	bl	10009a80 <strtoul>
100028c0:	1e43      	subs	r3, r0, #1
100028c2:	4198      	sbcs	r0, r3
100028c4:	464b      	mov	r3, r9
100028c6:	7258      	strb	r0, [r3, #9]
100028c8:	4652      	mov	r2, sl
100028ca:	2140      	movs	r1, #64	; 0x40
100028cc:	4b83      	ldr	r3, [pc, #524]	; (10002adc <serial_config_update_task+0x6c0>)
100028ce:	a81e      	add	r0, sp, #120	; 0x78
100028d0:	f003 fa50 	bl	10005d74 <__wrap_snprintf>
100028d4:	0028      	movs	r0, r5
100028d6:	a91e      	add	r1, sp, #120	; 0x78
100028d8:	f006 ff74 	bl	100097c4 <strstr>
100028dc:	1e04      	subs	r4, r0, #0
100028de:	d013      	beq.n	10002908 <serial_config_update_task+0x4ec>
100028e0:	a81e      	add	r0, sp, #120	; 0x78
100028e2:	f006 fdc3 	bl	1000946c <strlen>
100028e6:	1820      	adds	r0, r4, r0
100028e8:	7803      	ldrb	r3, [r0, #0]
100028ea:	2b20      	cmp	r3, #32
100028ec:	d001      	beq.n	100028f2 <serial_config_update_task+0x4d6>
100028ee:	2b09      	cmp	r3, #9
100028f0:	d101      	bne.n	100028f6 <serial_config_update_task+0x4da>
100028f2:	3001      	adds	r0, #1
100028f4:	e7f8      	b.n	100028e8 <serial_config_update_task+0x4cc>
100028f6:	220a      	movs	r2, #10
100028f8:	2100      	movs	r1, #0
100028fa:	f007 f8c1 	bl	10009a80 <strtoul>
100028fe:	2864      	cmp	r0, #100	; 0x64
10002900:	d900      	bls.n	10002904 <serial_config_update_task+0x4e8>
10002902:	2064      	movs	r0, #100	; 0x64
10002904:	464b      	mov	r3, r9
10002906:	7298      	strb	r0, [r3, #10]
10002908:	4652      	mov	r2, sl
1000290a:	2140      	movs	r1, #64	; 0x40
1000290c:	4b74      	ldr	r3, [pc, #464]	; (10002ae0 <serial_config_update_task+0x6c4>)
1000290e:	a81e      	add	r0, sp, #120	; 0x78
10002910:	f003 fa30 	bl	10005d74 <__wrap_snprintf>
10002914:	0028      	movs	r0, r5
10002916:	a91e      	add	r1, sp, #120	; 0x78
10002918:	f006 ff54 	bl	100097c4 <strstr>
1000291c:	1e04      	subs	r4, r0, #0
1000291e:	d010      	beq.n	10002942 <serial_config_update_task+0x526>
10002920:	a81e      	add	r0, sp, #120	; 0x78
10002922:	f006 fda3 	bl	1000946c <strlen>
10002926:	1820      	adds	r0, r4, r0
10002928:	7803      	ldrb	r3, [r0, #0]
1000292a:	2b20      	cmp	r3, #32
1000292c:	d001      	beq.n	10002932 <serial_config_update_task+0x516>
1000292e:	2b09      	cmp	r3, #9
10002930:	d101      	bne.n	10002936 <serial_config_update_task+0x51a>
10002932:	3001      	adds	r0, #1
10002934:	e7f8      	b.n	10002928 <serial_config_update_task+0x50c>
10002936:	220a      	movs	r2, #10
10002938:	2100      	movs	r1, #0
1000293a:	f007 f8a1 	bl	10009a80 <strtoul>
1000293e:	464b      	mov	r3, r9
10002940:	8218      	strh	r0, [r3, #16]
10002942:	4652      	mov	r2, sl
10002944:	2140      	movs	r1, #64	; 0x40
10002946:	4b67      	ldr	r3, [pc, #412]	; (10002ae4 <serial_config_update_task+0x6c8>)
10002948:	a81e      	add	r0, sp, #120	; 0x78
1000294a:	f003 fa13 	bl	10005d74 <__wrap_snprintf>
1000294e:	0028      	movs	r0, r5
10002950:	a91e      	add	r1, sp, #120	; 0x78
10002952:	f006 ff37 	bl	100097c4 <strstr>
10002956:	1e04      	subs	r4, r0, #0
10002958:	d010      	beq.n	1000297c <serial_config_update_task+0x560>
1000295a:	a81e      	add	r0, sp, #120	; 0x78
1000295c:	f006 fd86 	bl	1000946c <strlen>
10002960:	1820      	adds	r0, r4, r0
10002962:	7803      	ldrb	r3, [r0, #0]
10002964:	2b20      	cmp	r3, #32
10002966:	d001      	beq.n	1000296c <serial_config_update_task+0x550>
10002968:	2b09      	cmp	r3, #9
1000296a:	d101      	bne.n	10002970 <serial_config_update_task+0x554>
1000296c:	3001      	adds	r0, #1
1000296e:	e7f8      	b.n	10002962 <serial_config_update_task+0x546>
10002970:	220a      	movs	r2, #10
10002972:	2100      	movs	r1, #0
10002974:	f007 f884 	bl	10009a80 <strtoul>
10002978:	464b      	mov	r3, r9
1000297a:	8258      	strh	r0, [r3, #18]
1000297c:	4652      	mov	r2, sl
1000297e:	2140      	movs	r1, #64	; 0x40
10002980:	4b59      	ldr	r3, [pc, #356]	; (10002ae8 <serial_config_update_task+0x6cc>)
10002982:	a81e      	add	r0, sp, #120	; 0x78
10002984:	f003 f9f6 	bl	10005d74 <__wrap_snprintf>
10002988:	0028      	movs	r0, r5
1000298a:	a91e      	add	r1, sp, #120	; 0x78
1000298c:	f006 ff1a 	bl	100097c4 <strstr>
10002990:	1e04      	subs	r4, r0, #0
10002992:	d010      	beq.n	100029b6 <serial_config_update_task+0x59a>
10002994:	a81e      	add	r0, sp, #120	; 0x78
10002996:	f006 fd69 	bl	1000946c <strlen>
1000299a:	1820      	adds	r0, r4, r0
1000299c:	7803      	ldrb	r3, [r0, #0]
1000299e:	2b20      	cmp	r3, #32
100029a0:	d001      	beq.n	100029a6 <serial_config_update_task+0x58a>
100029a2:	2b09      	cmp	r3, #9
100029a4:	d101      	bne.n	100029aa <serial_config_update_task+0x58e>
100029a6:	3001      	adds	r0, #1
100029a8:	e7f8      	b.n	1000299c <serial_config_update_task+0x580>
100029aa:	220a      	movs	r2, #10
100029ac:	2100      	movs	r1, #0
100029ae:	f007 f867 	bl	10009a80 <strtoul>
100029b2:	464b      	mov	r3, r9
100029b4:	8298      	strh	r0, [r3, #20]
100029b6:	4652      	mov	r2, sl
100029b8:	2140      	movs	r1, #64	; 0x40
100029ba:	4b4c      	ldr	r3, [pc, #304]	; (10002aec <serial_config_update_task+0x6d0>)
100029bc:	a81e      	add	r0, sp, #120	; 0x78
100029be:	f003 f9d9 	bl	10005d74 <__wrap_snprintf>
100029c2:	0028      	movs	r0, r5
100029c4:	a91e      	add	r1, sp, #120	; 0x78
100029c6:	f006 fefd 	bl	100097c4 <strstr>
100029ca:	1e04      	subs	r4, r0, #0
100029cc:	d010      	beq.n	100029f0 <serial_config_update_task+0x5d4>
100029ce:	a81e      	add	r0, sp, #120	; 0x78
100029d0:	f006 fd4c 	bl	1000946c <strlen>
100029d4:	1820      	adds	r0, r4, r0
100029d6:	7803      	ldrb	r3, [r0, #0]
100029d8:	2b20      	cmp	r3, #32
100029da:	d001      	beq.n	100029e0 <serial_config_update_task+0x5c4>
100029dc:	2b09      	cmp	r3, #9
100029de:	d101      	bne.n	100029e4 <serial_config_update_task+0x5c8>
100029e0:	3001      	adds	r0, #1
100029e2:	e7f8      	b.n	100029d6 <serial_config_update_task+0x5ba>
100029e4:	220a      	movs	r2, #10
100029e6:	2100      	movs	r1, #0
100029e8:	f007 f84a 	bl	10009a80 <strtoul>
100029ec:	464b      	mov	r3, r9
100029ee:	82d8      	strh	r0, [r3, #22]
100029f0:	2140      	movs	r1, #64	; 0x40
100029f2:	4652      	mov	r2, sl
100029f4:	4b3e      	ldr	r3, [pc, #248]	; (10002af0 <serial_config_update_task+0x6d4>)
100029f6:	a81e      	add	r0, sp, #120	; 0x78
100029f8:	f003 f9bc 	bl	10005d74 <__wrap_snprintf>
100029fc:	0028      	movs	r0, r5
100029fe:	a91e      	add	r1, sp, #120	; 0x78
10002a00:	f006 fee0 	bl	100097c4 <strstr>
10002a04:	2800      	cmp	r0, #0
10002a06:	d100      	bne.n	10002a0a <serial_config_update_task+0x5ee>
10002a08:	e10a      	b.n	10002c20 <serial_config_update_task+0x804>
10002a0a:	215b      	movs	r1, #91	; 0x5b
10002a0c:	f006 fcce 	bl	100093ac <strchr>
10002a10:	1e03      	subs	r3, r0, #0
10002a12:	d100      	bne.n	10002a16 <serial_config_update_task+0x5fa>
10002a14:	e104      	b.n	10002c20 <serial_config_update_task+0x804>
10002a16:	222d      	movs	r2, #45	; 0x2d
10002a18:	444a      	add	r2, r9
10002a1a:	464f      	mov	r7, r9
10002a1c:	920b      	str	r2, [sp, #44]	; 0x2c
10002a1e:	aa0e      	add	r2, sp, #56	; 0x38
10002a20:	46a8      	mov	r8, r5
10002a22:	2601      	movs	r6, #1
10002a24:	0015      	movs	r5, r2
10002a26:	3301      	adds	r3, #1
10002a28:	3718      	adds	r7, #24
10002a2a:	001c      	movs	r4, r3
10002a2c:	7822      	ldrb	r2, [r4, #0]
10002a2e:	0013      	movs	r3, r2
10002a30:	3b09      	subs	r3, #9
10002a32:	b2db      	uxtb	r3, r3
10002a34:	2b17      	cmp	r3, #23
10002a36:	d800      	bhi.n	10002a3a <serial_config_update_task+0x61e>
10002a38:	e0a2      	b.n	10002b80 <serial_config_update_task+0x764>
10002a3a:	2a5d      	cmp	r2, #93	; 0x5d
10002a3c:	d000      	beq.n	10002a40 <serial_config_update_task+0x624>
10002a3e:	e0eb      	b.n	10002c18 <serial_config_update_task+0x7fc>
10002a40:	002b      	movs	r3, r5
10002a42:	4645      	mov	r5, r8
10002a44:	4698      	mov	r8, r3
10002a46:	2140      	movs	r1, #64	; 0x40
10002a48:	4652      	mov	r2, sl
10002a4a:	4b2a      	ldr	r3, [pc, #168]	; (10002af4 <serial_config_update_task+0x6d8>)
10002a4c:	a81e      	add	r0, sp, #120	; 0x78
10002a4e:	f003 f991 	bl	10005d74 <__wrap_snprintf>
10002a52:	0028      	movs	r0, r5
10002a54:	a91e      	add	r1, sp, #120	; 0x78
10002a56:	f006 feb5 	bl	100097c4 <strstr>
10002a5a:	2800      	cmp	r0, #0
10002a5c:	d056      	beq.n	10002b0c <serial_config_update_task+0x6f0>
10002a5e:	215b      	movs	r1, #91	; 0x5b
10002a60:	f006 fca4 	bl	100093ac <strchr>
10002a64:	2800      	cmp	r0, #0
10002a66:	d051      	beq.n	10002b0c <serial_config_update_task+0x6f0>
10002a68:	236f      	movs	r3, #111	; 0x6f
10002a6a:	444b      	add	r3, r9
10002a6c:	930b      	str	r3, [sp, #44]	; 0x2c
10002a6e:	2300      	movs	r3, #0
10002a70:	469a      	mov	sl, r3
10002a72:	4643      	mov	r3, r8
10002a74:	464e      	mov	r6, r9
10002a76:	46a8      	mov	r8, r5
10002a78:	001d      	movs	r5, r3
10002a7a:	3001      	adds	r0, #1
10002a7c:	3630      	adds	r6, #48	; 0x30
10002a7e:	215b      	movs	r1, #91	; 0x5b
10002a80:	f006 fc94 	bl	100093ac <strchr>
10002a84:	2800      	cmp	r0, #0
10002a86:	d03e      	beq.n	10002b06 <serial_config_update_task+0x6ea>
10002a88:	3001      	adds	r0, #1
10002a8a:	1cf7      	adds	r7, r6, #3
10002a8c:	0004      	movs	r4, r0
10002a8e:	7823      	ldrb	r3, [r4, #0]
10002a90:	2b20      	cmp	r3, #32
10002a92:	d001      	beq.n	10002a98 <serial_config_update_task+0x67c>
10002a94:	2b09      	cmp	r3, #9
10002a96:	d101      	bne.n	10002a9c <serial_config_update_task+0x680>
10002a98:	3401      	adds	r4, #1
10002a9a:	e7f8      	b.n	10002a8e <serial_config_update_task+0x672>
10002a9c:	4653      	mov	r3, sl
10002a9e:	220a      	movs	r2, #10
10002aa0:	0029      	movs	r1, r5
10002aa2:	0020      	movs	r0, r4
10002aa4:	930e      	str	r3, [sp, #56]	; 0x38
10002aa6:	f006 ffeb 	bl	10009a80 <strtoul>
10002aaa:	7030      	strb	r0, [r6, #0]
10002aac:	980e      	ldr	r0, [sp, #56]	; 0x38
10002aae:	2800      	cmp	r0, #0
10002ab0:	d100      	bne.n	10002ab4 <serial_config_update_task+0x698>
10002ab2:	e08b      	b.n	10002bcc <serial_config_update_task+0x7b0>
10002ab4:	4284      	cmp	r4, r0
10002ab6:	d100      	bne.n	10002aba <serial_config_update_task+0x69e>
10002ab8:	e088      	b.n	10002bcc <serial_config_update_task+0x7b0>
10002aba:	7803      	ldrb	r3, [r0, #0]
10002abc:	2b20      	cmp	r3, #32
10002abe:	d003      	beq.n	10002ac8 <serial_config_update_task+0x6ac>
10002ac0:	2b2c      	cmp	r3, #44	; 0x2c
10002ac2:	d001      	beq.n	10002ac8 <serial_config_update_task+0x6ac>
10002ac4:	2b5d      	cmp	r3, #93	; 0x5d
10002ac6:	d117      	bne.n	10002af8 <serial_config_update_task+0x6dc>
10002ac8:	3001      	adds	r0, #1
10002aca:	e7f6      	b.n	10002aba <serial_config_update_task+0x69e>
10002acc:	1000a0b4 	.word	0x1000a0b4
10002ad0:	1000a0c0 	.word	0x1000a0c0
10002ad4:	1000a0c8 	.word	0x1000a0c8
10002ad8:	1000a0d4 	.word	0x1000a0d4
10002adc:	1000a0e0 	.word	0x1000a0e0
10002ae0:	1000a0ec 	.word	0x1000a0ec
10002ae4:	1000a0f8 	.word	0x1000a0f8
10002ae8:	1000a104 	.word	0x1000a104
10002aec:	1000a114 	.word	0x1000a114
10002af0:	1000a120 	.word	0x1000a120
10002af4:	1000a128 	.word	0x1000a128
10002af8:	3601      	adds	r6, #1
10002afa:	42be      	cmp	r6, r7
10002afc:	d1c6      	bne.n	10002a8c <serial_config_update_task+0x670>
10002afe:	9b0b      	ldr	r3, [sp, #44]	; 0x2c
10002b00:	003e      	movs	r6, r7
10002b02:	42bb      	cmp	r3, r7
10002b04:	d1bb      	bne.n	10002a7e <serial_config_update_task+0x662>
10002b06:	002b      	movs	r3, r5
10002b08:	4645      	mov	r5, r8
10002b0a:	4698      	mov	r8, r3
10002b0c:	4b92      	ldr	r3, [pc, #584]	; (10002d58 <serial_config_update_task+0x93c>)
10002b0e:	4641      	mov	r1, r8
10002b10:	881a      	ldrh	r2, [r3, #0]
10002b12:	4643      	mov	r3, r8
10002b14:	801a      	strh	r2, [r3, #0]
10002b16:	2300      	movs	r3, #0
10002b18:	2070      	movs	r0, #112	; 0x70
10002b1a:	708b      	strb	r3, [r1, #2]
10002b1c:	a902      	add	r1, sp, #8
10002b1e:	1809      	adds	r1, r1, r0
10002b20:	800a      	strh	r2, [r1, #0]
10002b22:	2172      	movs	r1, #114	; 0x72
10002b24:	aa02      	add	r2, sp, #8
10002b26:	1852      	adds	r2, r2, r1
10002b28:	7013      	strb	r3, [r2, #0]
10002b2a:	0028      	movs	r0, r5
10002b2c:	4642      	mov	r2, r8
10002b2e:	498b      	ldr	r1, [pc, #556]	; (10002d5c <serial_config_update_task+0x940>)
10002b30:	f7ff fc14 	bl	1000235c <_ZL16parse_json_arrayPKcS0_Phj.constprop.0>
10002b34:	2800      	cmp	r0, #0
10002b36:	d005      	beq.n	10002b44 <serial_config_update_task+0x728>
10002b38:	4648      	mov	r0, r9
10002b3a:	2203      	movs	r2, #3
10002b3c:	4641      	mov	r1, r8
10002b3e:	306f      	adds	r0, #111	; 0x6f
10002b40:	f004 f9e4 	bl	10006f0c <__wrap___aeabi_memcpy>
10002b44:	0028      	movs	r0, r5
10002b46:	4986      	ldr	r1, [pc, #536]	; (10002d60 <serial_config_update_task+0x944>)
10002b48:	aa1e      	add	r2, sp, #120	; 0x78
10002b4a:	f7ff fc07 	bl	1000235c <_ZL16parse_json_arrayPKcS0_Phj.constprop.0>
10002b4e:	2800      	cmp	r0, #0
10002b50:	d005      	beq.n	10002b5e <serial_config_update_task+0x742>
10002b52:	4648      	mov	r0, r9
10002b54:	2203      	movs	r2, #3
10002b56:	3072      	adds	r0, #114	; 0x72
10002b58:	a91e      	add	r1, sp, #120	; 0x78
10002b5a:	f004 f9d7 	bl	10006f0c <__wrap___aeabi_memcpy>
10002b5e:	f7fd fcd5 	bl	1000050c <config_save>
10002b62:	2000      	movs	r0, #0
10002b64:	f005 fcae 	bl	100084c4 <tud_cdc_n_connected>
10002b68:	2800      	cmp	r0, #0
10002b6a:	d100      	bne.n	10002b6e <serial_config_update_task+0x752>
10002b6c:	e5a8      	b.n	100026c0 <serial_config_update_task+0x2a4>
10002b6e:	2211      	movs	r2, #17
10002b70:	497c      	ldr	r1, [pc, #496]	; (10002d64 <serial_config_update_task+0x948>)
10002b72:	2000      	movs	r0, #0
10002b74:	f005 fd3e 	bl	100085f4 <tud_cdc_n_write>
10002b78:	2000      	movs	r0, #0
10002b7a:	f005 fcff 	bl	1000857c <tud_cdc_n_write_flush>
10002b7e:	e59f      	b.n	100026c0 <serial_config_update_task+0x2a4>
10002b80:	4a79      	ldr	r2, [pc, #484]	; (10002d68 <serial_config_update_task+0x94c>)
10002b82:	40da      	lsrs	r2, r3
10002b84:	0013      	movs	r3, r2
10002b86:	0032      	movs	r2, r6
10002b88:	439a      	bics	r2, r3
10002b8a:	d01d      	beq.n	10002bc8 <serial_config_update_task+0x7ac>
10002b8c:	2300      	movs	r3, #0
10002b8e:	220a      	movs	r2, #10
10002b90:	0029      	movs	r1, r5
10002b92:	0020      	movs	r0, r4
10002b94:	930e      	str	r3, [sp, #56]	; 0x38
10002b96:	f006 ff73 	bl	10009a80 <strtoul>
10002b9a:	7038      	strb	r0, [r7, #0]
10002b9c:	9b0e      	ldr	r3, [sp, #56]	; 0x38
10002b9e:	2b00      	cmp	r3, #0
10002ba0:	d100      	bne.n	10002ba4 <serial_config_update_task+0x788>
10002ba2:	e74d      	b.n	10002a40 <serial_config_update_task+0x624>
10002ba4:	429c      	cmp	r4, r3
10002ba6:	d100      	bne.n	10002baa <serial_config_update_task+0x78e>
10002ba8:	e74a      	b.n	10002a40 <serial_config_update_task+0x624>
10002baa:	781a      	ldrb	r2, [r3, #0]
10002bac:	2a20      	cmp	r2, #32
10002bae:	d003      	beq.n	10002bb8 <serial_config_update_task+0x79c>
10002bb0:	2a09      	cmp	r2, #9
10002bb2:	d001      	beq.n	10002bb8 <serial_config_update_task+0x79c>
10002bb4:	2a2c      	cmp	r2, #44	; 0x2c
10002bb6:	d101      	bne.n	10002bbc <serial_config_update_task+0x7a0>
10002bb8:	3301      	adds	r3, #1
10002bba:	e7f6      	b.n	10002baa <serial_config_update_task+0x78e>
10002bbc:	9a0b      	ldr	r2, [sp, #44]	; 0x2c
10002bbe:	3701      	adds	r7, #1
10002bc0:	42ba      	cmp	r2, r7
10002bc2:	d000      	beq.n	10002bc6 <serial_config_update_task+0x7aa>
10002bc4:	e731      	b.n	10002a2a <serial_config_update_task+0x60e>
10002bc6:	e73b      	b.n	10002a40 <serial_config_update_task+0x624>
10002bc8:	3401      	adds	r4, #1
10002bca:	e72f      	b.n	10002a2c <serial_config_update_task+0x610>
10002bcc:	0020      	movs	r0, r4
10002bce:	e796      	b.n	10002afe <serial_config_update_task+0x6e2>
10002bd0:	23ff      	movs	r3, #255	; 0xff
10002bd2:	e445      	b.n	10002460 <serial_config_update_task+0x44>
10002bd4:	f7fd fc02 	bl	100003dc <config_reset_defaults>
10002bd8:	f7fd fc98 	bl	1000050c <config_save>
10002bdc:	2000      	movs	r0, #0
10002bde:	f005 fc71 	bl	100084c4 <tud_cdc_n_connected>
10002be2:	2800      	cmp	r0, #0
10002be4:	d100      	bne.n	10002be8 <serial_config_update_task+0x7cc>
10002be6:	e56b      	b.n	100026c0 <serial_config_update_task+0x2a4>
10002be8:	2213      	movs	r2, #19
10002bea:	4960      	ldr	r1, [pc, #384]	; (10002d6c <serial_config_update_task+0x950>)
10002bec:	2000      	movs	r0, #0
10002bee:	f005 fd01 	bl	100085f4 <tud_cdc_n_write>
10002bf2:	2000      	movs	r0, #0
10002bf4:	f005 fcc2 	bl	1000857c <tud_cdc_n_write_flush>
10002bf8:	e562      	b.n	100026c0 <serial_config_update_task+0x2a4>
10002bfa:	2000      	movs	r0, #0
10002bfc:	f005 fc62 	bl	100084c4 <tud_cdc_n_connected>
10002c00:	2800      	cmp	r0, #0
10002c02:	d100      	bne.n	10002c06 <serial_config_update_task+0x7ea>
10002c04:	e55c      	b.n	100026c0 <serial_config_update_task+0x2a4>
10002c06:	2217      	movs	r2, #23
10002c08:	4959      	ldr	r1, [pc, #356]	; (10002d70 <serial_config_update_task+0x954>)
10002c0a:	2000      	movs	r0, #0
10002c0c:	f005 fcf2 	bl	100085f4 <tud_cdc_n_write>
10002c10:	2000      	movs	r0, #0
10002c12:	f005 fcb3 	bl	1000857c <tud_cdc_n_write_flush>
10002c16:	e553      	b.n	100026c0 <serial_config_update_task+0x2a4>
10002c18:	2a00      	cmp	r2, #0
10002c1a:	d100      	bne.n	10002c1e <serial_config_update_task+0x802>
10002c1c:	e710      	b.n	10002a40 <serial_config_update_task+0x624>
10002c1e:	e7b5      	b.n	10002b8c <serial_config_update_task+0x770>
10002c20:	ab0e      	add	r3, sp, #56	; 0x38
10002c22:	4698      	mov	r8, r3
10002c24:	e70f      	b.n	10002a46 <serial_config_update_task+0x62a>
10002c26:	2140      	movs	r1, #64	; 0x40
10002c28:	4b52      	ldr	r3, [pc, #328]	; (10002d74 <serial_config_update_task+0x958>)
10002c2a:	4a53      	ldr	r2, [pc, #332]	; (10002d78 <serial_config_update_task+0x95c>)
10002c2c:	a81e      	add	r0, sp, #120	; 0x78
10002c2e:	f003 f8a1 	bl	10005d74 <__wrap_snprintf>
10002c32:	0028      	movs	r0, r5
10002c34:	a91e      	add	r1, sp, #120	; 0x78
10002c36:	300d      	adds	r0, #13
10002c38:	f006 fdc4 	bl	100097c4 <strstr>
10002c3c:	2800      	cmp	r0, #0
10002c3e:	d065      	beq.n	10002d0c <serial_config_update_task+0x8f0>
10002c40:	215b      	movs	r1, #91	; 0x5b
10002c42:	f006 fbb3 	bl	100093ac <strchr>
10002c46:	2800      	cmp	r0, #0
10002c48:	d060      	beq.n	10002d0c <serial_config_update_task+0x8f0>
10002c4a:	aa02      	add	r2, sp, #8
10002c4c:	236f      	movs	r3, #111	; 0x6f
10002c4e:	4694      	mov	ip, r2
10002c50:	4463      	add	r3, ip
10002c52:	4699      	mov	r9, r3
10002c54:	2300      	movs	r3, #0
10002c56:	ad0e      	add	r5, sp, #56	; 0x38
10002c58:	002e      	movs	r6, r5
10002c5a:	469a      	mov	sl, r3
10002c5c:	46a8      	mov	r8, r5
10002c5e:	3001      	adds	r0, #1
10002c60:	215b      	movs	r1, #91	; 0x5b
10002c62:	f006 fba3 	bl	100093ac <strchr>
10002c66:	2800      	cmp	r0, #0
10002c68:	d025      	beq.n	10002cb6 <serial_config_update_task+0x89a>
10002c6a:	3001      	adds	r0, #1
10002c6c:	1cf5      	adds	r5, r6, #3
10002c6e:	0004      	movs	r4, r0
10002c70:	7823      	ldrb	r3, [r4, #0]
10002c72:	2b20      	cmp	r3, #32
10002c74:	d001      	beq.n	10002c7a <serial_config_update_task+0x85e>
10002c76:	2b09      	cmp	r3, #9
10002c78:	d101      	bne.n	10002c7e <serial_config_update_task+0x862>
10002c7a:	3401      	adds	r4, #1
10002c7c:	e7f8      	b.n	10002c70 <serial_config_update_task+0x854>
10002c7e:	4653      	mov	r3, sl
10002c80:	220a      	movs	r2, #10
10002c82:	0020      	movs	r0, r4
10002c84:	a90d      	add	r1, sp, #52	; 0x34
10002c86:	930d      	str	r3, [sp, #52]	; 0x34
10002c88:	f006 fefa 	bl	10009a80 <strtoul>
10002c8c:	7030      	strb	r0, [r6, #0]
10002c8e:	980d      	ldr	r0, [sp, #52]	; 0x34
10002c90:	2800      	cmp	r0, #0
10002c92:	d039      	beq.n	10002d08 <serial_config_update_task+0x8ec>
10002c94:	4284      	cmp	r4, r0
10002c96:	d037      	beq.n	10002d08 <serial_config_update_task+0x8ec>
10002c98:	7803      	ldrb	r3, [r0, #0]
10002c9a:	2b20      	cmp	r3, #32
10002c9c:	d003      	beq.n	10002ca6 <serial_config_update_task+0x88a>
10002c9e:	2b2c      	cmp	r3, #44	; 0x2c
10002ca0:	d001      	beq.n	10002ca6 <serial_config_update_task+0x88a>
10002ca2:	2b5d      	cmp	r3, #93	; 0x5d
10002ca4:	d101      	bne.n	10002caa <serial_config_update_task+0x88e>
10002ca6:	3001      	adds	r0, #1
10002ca8:	e7f6      	b.n	10002c98 <serial_config_update_task+0x87c>
10002caa:	3601      	adds	r6, #1
10002cac:	42ae      	cmp	r6, r5
10002cae:	d1de      	bne.n	10002c6e <serial_config_update_task+0x852>
10002cb0:	002e      	movs	r6, r5
10002cb2:	45a9      	cmp	r9, r5
10002cb4:	d1d4      	bne.n	10002c60 <serial_config_update_task+0x844>
10002cb6:	4645      	mov	r5, r8
10002cb8:	2470      	movs	r4, #112	; 0x70
10002cba:	7829      	ldrb	r1, [r5, #0]
10002cbc:	a802      	add	r0, sp, #8
10002cbe:	1900      	adds	r0, r0, r4
10002cc0:	7001      	strb	r1, [r0, #0]
10002cc2:	2071      	movs	r0, #113	; 0x71
10002cc4:	786a      	ldrb	r2, [r5, #1]
10002cc6:	a902      	add	r1, sp, #8
10002cc8:	1809      	adds	r1, r1, r0
10002cca:	700a      	strb	r2, [r1, #0]
10002ccc:	2172      	movs	r1, #114	; 0x72
10002cce:	78ab      	ldrb	r3, [r5, #2]
10002cd0:	aa02      	add	r2, sp, #8
10002cd2:	1852      	adds	r2, r2, r1
10002cd4:	7013      	strb	r3, [r2, #0]
10002cd6:	b2f8      	uxtb	r0, r7
10002cd8:	991e      	ldr	r1, [sp, #120]	; 0x78
10002cda:	3503      	adds	r5, #3
10002cdc:	f7fd ffb6 	bl	10000c4c <_Z13led_set_pixelh8RGBColor>
10002ce0:	3701      	adds	r7, #1
10002ce2:	454d      	cmp	r5, r9
10002ce4:	d1e8      	bne.n	10002cb8 <serial_config_update_task+0x89c>
10002ce6:	f7fd ffc3 	bl	10000c70 <_Z8led_showv>
10002cea:	2000      	movs	r0, #0
10002cec:	f005 fbea 	bl	100084c4 <tud_cdc_n_connected>
10002cf0:	2800      	cmp	r0, #0
10002cf2:	d100      	bne.n	10002cf6 <serial_config_update_task+0x8da>
10002cf4:	e4e4      	b.n	100026c0 <serial_config_update_task+0x2a4>
10002cf6:	2210      	movs	r2, #16
10002cf8:	4920      	ldr	r1, [pc, #128]	; (10002d7c <serial_config_update_task+0x960>)
10002cfa:	2000      	movs	r0, #0
10002cfc:	f005 fc7a 	bl	100085f4 <tud_cdc_n_write>
10002d00:	2000      	movs	r0, #0
10002d02:	f005 fc3b 	bl	1000857c <tud_cdc_n_write_flush>
10002d06:	e4db      	b.n	100026c0 <serial_config_update_task+0x2a4>
10002d08:	0020      	movs	r0, r4
10002d0a:	e7d1      	b.n	10002cb0 <serial_config_update_task+0x894>
10002d0c:	2000      	movs	r0, #0
10002d0e:	f005 fbd9 	bl	100084c4 <tud_cdc_n_connected>
10002d12:	2800      	cmp	r0, #0
10002d14:	d100      	bne.n	10002d18 <serial_config_update_task+0x8fc>
10002d16:	e4d3      	b.n	100026c0 <serial_config_update_task+0x2a4>
10002d18:	2216      	movs	r2, #22
10002d1a:	4919      	ldr	r1, [pc, #100]	; (10002d80 <serial_config_update_task+0x964>)
10002d1c:	2000      	movs	r0, #0
10002d1e:	f005 fc69 	bl	100085f4 <tud_cdc_n_write>
10002d22:	2000      	movs	r0, #0
10002d24:	f005 fc2a 	bl	1000857c <tud_cdc_n_write_flush>
10002d28:	e4ca      	b.n	100026c0 <serial_config_update_task+0x2a4>
10002d2a:	f005 fbcb 	bl	100084c4 <tud_cdc_n_connected>
10002d2e:	2800      	cmp	r0, #0
10002d30:	d007      	beq.n	10002d42 <serial_config_update_task+0x926>
10002d32:	2216      	movs	r2, #22
10002d34:	2000      	movs	r0, #0
10002d36:	4913      	ldr	r1, [pc, #76]	; (10002d84 <serial_config_update_task+0x968>)
10002d38:	f005 fc5c 	bl	100085f4 <tud_cdc_n_write>
10002d3c:	2000      	movs	r0, #0
10002d3e:	f005 fc1d 	bl	1000857c <tud_cdc_n_write_flush>
10002d42:	2064      	movs	r0, #100	; 0x64
10002d44:	f000 feee 	bl	10003b24 <sleep_ms>
10002d48:	480f      	ldr	r0, [pc, #60]	; (10002d88 <serial_config_update_task+0x96c>)
10002d4a:	f003 f847 	bl	10005ddc <rom_func_lookup>
10002d4e:	2100      	movs	r1, #0
10002d50:	0003      	movs	r3, r0
10002d52:	0008      	movs	r0, r1
10002d54:	4798      	blx	r3
10002d56:	46c0      	nop			; (mov r8, r8)
10002d58:	1000a2b0 	.word	0x1000a2b0
10002d5c:	1000a134 	.word	0x1000a134
10002d60:	1000a144 	.word	0x1000a144
10002d64:	1000a154 	.word	0x1000a154
10002d68:	00800013 	.word	0x00800013
10002d6c:	1000a178 	.word	0x1000a178
10002d70:	1000a248 	.word	0x1000a248
10002d74:	1000a12c 	.word	0x1000a12c
10002d78:	10009fa8 	.word	0x10009fa8
10002d7c:	1000a1dc 	.word	0x1000a1dc
10002d80:	1000a1f0 	.word	0x1000a1f0
10002d84:	1000a218 	.word	0x1000a218
10002d88:	00004255 	.word	0x00004255

10002d8c <gpio_set_function>:
10002d8c:	4a09      	ldr	r2, [pc, #36]	; (10002db4 <gpio_set_function+0x28>)
10002d8e:	0083      	lsls	r3, r0, #2
10002d90:	4694      	mov	ip, r2
10002d92:	2240      	movs	r2, #64	; 0x40
10002d94:	4463      	add	r3, ip
10002d96:	b510      	push	{r4, lr}
10002d98:	681c      	ldr	r4, [r3, #0]
10002d9a:	00c0      	lsls	r0, r0, #3
10002d9c:	4062      	eors	r2, r4
10002d9e:	24c0      	movs	r4, #192	; 0xc0
10002da0:	4014      	ands	r4, r2
10002da2:	2280      	movs	r2, #128	; 0x80
10002da4:	0152      	lsls	r2, r2, #5
10002da6:	4313      	orrs	r3, r2
10002da8:	601c      	str	r4, [r3, #0]
10002daa:	4b03      	ldr	r3, [pc, #12]	; (10002db8 <gpio_set_function+0x2c>)
10002dac:	469c      	mov	ip, r3
10002dae:	4460      	add	r0, ip
10002db0:	6041      	str	r1, [r0, #4]
10002db2:	bd10      	pop	{r4, pc}
10002db4:	4001c004 	.word	0x4001c004
10002db8:	40014000 	.word	0x40014000

10002dbc <gpio_set_pulls>:
10002dbc:	4b0a      	ldr	r3, [pc, #40]	; (10002de8 <gpio_set_pulls+0x2c>)
10002dbe:	0080      	lsls	r0, r0, #2
10002dc0:	469c      	mov	ip, r3
10002dc2:	2304      	movs	r3, #4
10002dc4:	4460      	add	r0, ip
10002dc6:	2900      	cmp	r1, #0
10002dc8:	d001      	beq.n	10002dce <gpio_set_pulls+0x12>
10002dca:	230c      	movs	r3, #12
10002dcc:	2108      	movs	r1, #8
10002dce:	2a00      	cmp	r2, #0
10002dd0:	d100      	bne.n	10002dd4 <gpio_set_pulls+0x18>
10002dd2:	000b      	movs	r3, r1
10002dd4:	6802      	ldr	r2, [r0, #0]
10002dd6:	4053      	eors	r3, r2
10002dd8:	220c      	movs	r2, #12
10002dda:	401a      	ands	r2, r3
10002ddc:	2380      	movs	r3, #128	; 0x80
10002dde:	015b      	lsls	r3, r3, #5
10002de0:	4318      	orrs	r0, r3
10002de2:	6002      	str	r2, [r0, #0]
10002de4:	4770      	bx	lr
10002de6:	46c0      	nop			; (mov r8, r8)
10002de8:	4001c004 	.word	0x4001c004

10002dec <gpio_set_input_enabled>:
10002dec:	4b08      	ldr	r3, [pc, #32]	; (10002e10 <gpio_set_input_enabled+0x24>)
10002dee:	0080      	lsls	r0, r0, #2
10002df0:	469c      	mov	ip, r3
10002df2:	4460      	add	r0, ip
10002df4:	2900      	cmp	r1, #0
10002df6:	d005      	beq.n	10002e04 <gpio_set_input_enabled+0x18>
10002df8:	2380      	movs	r3, #128	; 0x80
10002dfa:	019b      	lsls	r3, r3, #6
10002dfc:	4318      	orrs	r0, r3
10002dfe:	2340      	movs	r3, #64	; 0x40
10002e00:	6003      	str	r3, [r0, #0]
10002e02:	4770      	bx	lr
10002e04:	23c0      	movs	r3, #192	; 0xc0
10002e06:	019b      	lsls	r3, r3, #6
10002e08:	4318      	orrs	r0, r3
10002e0a:	2340      	movs	r3, #64	; 0x40
10002e0c:	6003      	str	r3, [r0, #0]
10002e0e:	e7f8      	b.n	10002e02 <gpio_set_input_enabled+0x16>
10002e10:	4001c004 	.word	0x4001c004

10002e14 <gpio_init>:
10002e14:	2301      	movs	r3, #1
10002e16:	22d0      	movs	r2, #208	; 0xd0
10002e18:	4083      	lsls	r3, r0
10002e1a:	0612      	lsls	r2, r2, #24
10002e1c:	6293      	str	r3, [r2, #40]	; 0x28
10002e1e:	6193      	str	r3, [r2, #24]
10002e20:	4a09      	ldr	r2, [pc, #36]	; (10002e48 <gpio_init+0x34>)
10002e22:	0083      	lsls	r3, r0, #2
10002e24:	4694      	mov	ip, r2
10002e26:	2240      	movs	r2, #64	; 0x40
10002e28:	4463      	add	r3, ip
10002e2a:	6819      	ldr	r1, [r3, #0]
10002e2c:	00c0      	lsls	r0, r0, #3
10002e2e:	404a      	eors	r2, r1
10002e30:	21c0      	movs	r1, #192	; 0xc0
10002e32:	4011      	ands	r1, r2
10002e34:	2280      	movs	r2, #128	; 0x80
10002e36:	0152      	lsls	r2, r2, #5
10002e38:	4313      	orrs	r3, r2
10002e3a:	6019      	str	r1, [r3, #0]
10002e3c:	4b03      	ldr	r3, [pc, #12]	; (10002e4c <gpio_init+0x38>)
10002e3e:	469c      	mov	ip, r3
10002e40:	2305      	movs	r3, #5
10002e42:	4460      	add	r0, ip
10002e44:	6043      	str	r3, [r0, #4]
10002e46:	4770      	bx	lr
10002e48:	4001c004 	.word	0x4001c004
10002e4c:	40014000 	.word	0x40014000

10002e50 <running_on_fpga>:
10002e50:	4b02      	ldr	r3, [pc, #8]	; (10002e5c <running_on_fpga+0xc>)
10002e52:	6818      	ldr	r0, [r3, #0]
10002e54:	0780      	lsls	r0, r0, #30
10002e56:	0fc0      	lsrs	r0, r0, #31
10002e58:	4770      	bx	lr
10002e5a:	46c0      	nop			; (mov r8, r8)
10002e5c:	4006c000 	.word	0x4006c000

10002e60 <hw_claim_lock>:
10002e60:	f3ef 8010 	mrs	r0, PRIMASK
10002e64:	b672      	cpsid	i
10002e66:	4a03      	ldr	r2, [pc, #12]	; (10002e74 <hw_claim_lock+0x14>)
10002e68:	6813      	ldr	r3, [r2, #0]
10002e6a:	2b00      	cmp	r3, #0
10002e6c:	d0fc      	beq.n	10002e68 <hw_claim_lock+0x8>
10002e6e:	f3bf 8f5f 	dmb	sy
10002e72:	4770      	bx	lr
10002e74:	d000012c 	.word	0xd000012c

10002e78 <hw_claim_unlock>:
10002e78:	f3bf 8f5f 	dmb	sy
10002e7c:	2200      	movs	r2, #0
10002e7e:	4b02      	ldr	r3, [pc, #8]	; (10002e88 <hw_claim_unlock+0x10>)
10002e80:	601a      	str	r2, [r3, #0]
10002e82:	f380 8810 	msr	PRIMASK, r0
10002e86:	4770      	bx	lr
10002e88:	d000012c 	.word	0xd000012c

10002e8c <hw_claim_or_assert>:
10002e8c:	b570      	push	{r4, r5, r6, lr}
10002e8e:	f3ef 8c10 	mrs	ip, PRIMASK
10002e92:	b672      	cpsid	i
10002e94:	4d0d      	ldr	r5, [pc, #52]	; (10002ecc <hw_claim_or_assert+0x40>)
10002e96:	682b      	ldr	r3, [r5, #0]
10002e98:	2b00      	cmp	r3, #0
10002e9a:	d0fc      	beq.n	10002e96 <hw_claim_or_assert+0xa>
10002e9c:	f3bf 8f5f 	dmb	sy
10002ea0:	2407      	movs	r4, #7
10002ea2:	08cb      	lsrs	r3, r1, #3
10002ea4:	18c6      	adds	r6, r0, r3
10002ea6:	5cc0      	ldrb	r0, [r0, r3]
10002ea8:	2301      	movs	r3, #1
10002eaa:	400c      	ands	r4, r1
10002eac:	40a3      	lsls	r3, r4
10002eae:	001c      	movs	r4, r3
10002eb0:	4004      	ands	r4, r0
10002eb2:	4203      	tst	r3, r0
10002eb4:	d107      	bne.n	10002ec6 <hw_claim_or_assert+0x3a>
10002eb6:	4303      	orrs	r3, r0
10002eb8:	7033      	strb	r3, [r6, #0]
10002eba:	f3bf 8f5f 	dmb	sy
10002ebe:	602c      	str	r4, [r5, #0]
10002ec0:	f38c 8810 	msr	PRIMASK, ip
10002ec4:	bd70      	pop	{r4, r5, r6, pc}
10002ec6:	0010      	movs	r0, r2
10002ec8:	f001 fc80 	bl	100047cc <panic>
10002ecc:	d000012c 	.word	0xd000012c

10002ed0 <hw_claim_unused_from_range>:
10002ed0:	b5f8      	push	{r3, r4, r5, r6, r7, lr}
10002ed2:	4647      	mov	r7, r8
10002ed4:	46ce      	mov	lr, r9
10002ed6:	4688      	mov	r8, r1
10002ed8:	b580      	push	{r7, lr}
10002eda:	f3ef 8c10 	mrs	ip, PRIMASK
10002ede:	b672      	cpsid	i
10002ee0:	4d21      	ldr	r5, [pc, #132]	; (10002f68 <hw_claim_unused_from_range+0x98>)
10002ee2:	682c      	ldr	r4, [r5, #0]
10002ee4:	2c00      	cmp	r4, #0
10002ee6:	d0fc      	beq.n	10002ee2 <hw_claim_unused_from_range+0x12>
10002ee8:	f3bf 8f5f 	dmb	sy
10002eec:	429a      	cmp	r2, r3
10002eee:	d82c      	bhi.n	10002f4a <hw_claim_unused_from_range+0x7a>
10002ef0:	08d4      	lsrs	r4, r2, #3
10002ef2:	2707      	movs	r7, #7
10002ef4:	5d05      	ldrb	r5, [r0, r4]
10002ef6:	1906      	adds	r6, r0, r4
10002ef8:	2401      	movs	r4, #1
10002efa:	4017      	ands	r7, r2
10002efc:	40bc      	lsls	r4, r7
10002efe:	422c      	tst	r4, r5
10002f00:	d01f      	beq.n	10002f42 <hw_claim_unused_from_range+0x72>
10002f02:	2107      	movs	r1, #7
10002f04:	2701      	movs	r7, #1
10002f06:	4689      	mov	r9, r1
10002f08:	e009      	b.n	10002f1e <hw_claim_unused_from_range+0x4e>
10002f0a:	08d4      	lsrs	r4, r2, #3
10002f0c:	5d05      	ldrb	r5, [r0, r4]
10002f0e:	1906      	adds	r6, r0, r4
10002f10:	464c      	mov	r4, r9
10002f12:	0039      	movs	r1, r7
10002f14:	4014      	ands	r4, r2
10002f16:	40a1      	lsls	r1, r4
10002f18:	000c      	movs	r4, r1
10002f1a:	4229      	tst	r1, r5
10002f1c:	d011      	beq.n	10002f42 <hw_claim_unused_from_range+0x72>
10002f1e:	3201      	adds	r2, #1
10002f20:	4293      	cmp	r3, r2
10002f22:	d2f2      	bcs.n	10002f0a <hw_claim_unused_from_range+0x3a>
10002f24:	2001      	movs	r0, #1
10002f26:	4240      	negs	r0, r0
10002f28:	f3bf 8f5f 	dmb	sy
10002f2c:	2200      	movs	r2, #0
10002f2e:	4b0e      	ldr	r3, [pc, #56]	; (10002f68 <hw_claim_unused_from_range+0x98>)
10002f30:	601a      	str	r2, [r3, #0]
10002f32:	f38c 8810 	msr	PRIMASK, ip
10002f36:	2800      	cmp	r0, #0
10002f38:	db0f      	blt.n	10002f5a <hw_claim_unused_from_range+0x8a>
10002f3a:	bcc0      	pop	{r6, r7}
10002f3c:	46b9      	mov	r9, r7
10002f3e:	46b0      	mov	r8, r6
10002f40:	bdf8      	pop	{r3, r4, r5, r6, r7, pc}
10002f42:	432c      	orrs	r4, r5
10002f44:	0010      	movs	r0, r2
10002f46:	7034      	strb	r4, [r6, #0]
10002f48:	e7ee      	b.n	10002f28 <hw_claim_unused_from_range+0x58>
10002f4a:	f3bf 8f5f 	dmb	sy
10002f4e:	2300      	movs	r3, #0
10002f50:	602b      	str	r3, [r5, #0]
10002f52:	f38c 8810 	msr	PRIMASK, ip
10002f56:	2001      	movs	r0, #1
10002f58:	4240      	negs	r0, r0
10002f5a:	4643      	mov	r3, r8
10002f5c:	2b00      	cmp	r3, #0
10002f5e:	d0ec      	beq.n	10002f3a <hw_claim_unused_from_range+0x6a>
10002f60:	9808      	ldr	r0, [sp, #32]
10002f62:	f001 fc33 	bl	100047cc <panic>
10002f66:	46c0      	nop			; (mov r8, r8)
10002f68:	d000012c 	.word	0xd000012c

10002f6c <spin_locks_reset>:
10002f6c:	2100      	movs	r1, #0
10002f6e:	4b04      	ldr	r3, [pc, #16]	; (10002f80 <spin_locks_reset+0x14>)
10002f70:	4a04      	ldr	r2, [pc, #16]	; (10002f84 <spin_locks_reset+0x18>)
10002f72:	f3bf 8f5f 	dmb	sy
10002f76:	c302      	stmia	r3!, {r1}
10002f78:	4293      	cmp	r3, r2
10002f7a:	d1fa      	bne.n	10002f72 <spin_locks_reset+0x6>
10002f7c:	4770      	bx	lr
10002f7e:	46c0      	nop			; (mov r8, r8)
10002f80:	d0000100 	.word	0xd0000100
10002f84:	d0000180 	.word	0xd0000180

10002f88 <next_striped_spin_lock_num>:
10002f88:	4a04      	ldr	r2, [pc, #16]	; (10002f9c <next_striped_spin_lock_num+0x14>)
10002f8a:	7810      	ldrb	r0, [r2, #0]
10002f8c:	1c43      	adds	r3, r0, #1
10002f8e:	b2db      	uxtb	r3, r3
10002f90:	2b17      	cmp	r3, #23
10002f92:	d900      	bls.n	10002f96 <next_striped_spin_lock_num+0xe>
10002f94:	2310      	movs	r3, #16
10002f96:	7013      	strb	r3, [r2, #0]
10002f98:	4770      	bx	lr
10002f9a:	46c0      	nop			; (mov r8, r8)
10002f9c:	20000f4c 	.word	0x20000f4c

10002fa0 <spin_lock_claim_unused>:
10002fa0:	b500      	push	{lr}
10002fa2:	4b05      	ldr	r3, [pc, #20]	; (10002fb8 <spin_lock_claim_unused+0x18>)
10002fa4:	b083      	sub	sp, #12
10002fa6:	0001      	movs	r1, r0
10002fa8:	9300      	str	r3, [sp, #0]
10002faa:	2218      	movs	r2, #24
10002fac:	231f      	movs	r3, #31
10002fae:	4803      	ldr	r0, [pc, #12]	; (10002fbc <spin_lock_claim_unused+0x1c>)
10002fb0:	f7ff ff8e 	bl	10002ed0 <hw_claim_unused_from_range>
10002fb4:	b003      	add	sp, #12
10002fb6:	bd00      	pop	{pc}
10002fb8:	1000a2b4 	.word	0x1000a2b4
10002fbc:	20002790 	.word	0x20002790

10002fc0 <irq_set_enabled>:
10002fc0:	2301      	movs	r3, #1
10002fc2:	4083      	lsls	r3, r0
10002fc4:	2900      	cmp	r1, #0
10002fc6:	d004      	beq.n	10002fd2 <irq_set_enabled+0x12>
10002fc8:	4a03      	ldr	r2, [pc, #12]	; (10002fd8 <irq_set_enabled+0x18>)
10002fca:	6013      	str	r3, [r2, #0]
10002fcc:	4a03      	ldr	r2, [pc, #12]	; (10002fdc <irq_set_enabled+0x1c>)
10002fce:	6013      	str	r3, [r2, #0]
10002fd0:	4770      	bx	lr
10002fd2:	4a03      	ldr	r2, [pc, #12]	; (10002fe0 <irq_set_enabled+0x20>)
10002fd4:	6013      	str	r3, [r2, #0]
10002fd6:	e7fb      	b.n	10002fd0 <irq_set_enabled+0x10>
10002fd8:	e000e280 	.word	0xe000e280
10002fdc:	e000e100 	.word	0xe000e100
10002fe0:	e000e180 	.word	0xe000e180

10002fe4 <irq_is_enabled>:
10002fe4:	2201      	movs	r2, #1
10002fe6:	4082      	lsls	r2, r0
10002fe8:	4b03      	ldr	r3, [pc, #12]	; (10002ff8 <irq_is_enabled+0x14>)
10002fea:	681b      	ldr	r3, [r3, #0]
10002fec:	4013      	ands	r3, r2
10002fee:	1e5a      	subs	r2, r3, #1
10002ff0:	4193      	sbcs	r3, r2
10002ff2:	b2d8      	uxtb	r0, r3
10002ff4:	4770      	bx	lr
10002ff6:	46c0      	nop			; (mov r8, r8)
10002ff8:	e000e100 	.word	0xe000e100

10002ffc <irq_get_vtable_handler>:
10002ffc:	4b02      	ldr	r3, [pc, #8]	; (10003008 <irq_get_vtable_handler+0xc>)
10002ffe:	3010      	adds	r0, #16
10003000:	689b      	ldr	r3, [r3, #8]
10003002:	0080      	lsls	r0, r0, #2
10003004:	58c0      	ldr	r0, [r0, r3]
10003006:	4770      	bx	lr
10003008:	e000ed00 	.word	0xe000ed00

1000300c <irq_set_exclusive_handler>:
1000300c:	b570      	push	{r4, r5, r6, lr}
1000300e:	000d      	movs	r5, r1
10003010:	f3ef 8610 	mrs	r6, PRIMASK
10003014:	b672      	cpsid	i
10003016:	4a0f      	ldr	r2, [pc, #60]	; (10003054 <irq_set_exclusive_handler+0x48>)
10003018:	6813      	ldr	r3, [r2, #0]
1000301a:	2b00      	cmp	r3, #0
1000301c:	d0fc      	beq.n	10003018 <irq_set_exclusive_handler+0xc>
1000301e:	f3bf 8f5f 	dmb	sy
10003022:	4b0d      	ldr	r3, [pc, #52]	; (10003058 <irq_set_exclusive_handler+0x4c>)
10003024:	3010      	adds	r0, #16
10003026:	689b      	ldr	r3, [r3, #8]
10003028:	0084      	lsls	r4, r0, #2
1000302a:	591b      	ldr	r3, [r3, r4]
1000302c:	4a0b      	ldr	r2, [pc, #44]	; (1000305c <irq_set_exclusive_handler+0x50>)
1000302e:	4293      	cmp	r3, r2
10003030:	d003      	beq.n	1000303a <irq_set_exclusive_handler+0x2e>
10003032:	429d      	cmp	r5, r3
10003034:	d001      	beq.n	1000303a <irq_set_exclusive_handler+0x2e>
10003036:	f001 fbe1 	bl	100047fc <hard_assertion_failure>
1000303a:	4b07      	ldr	r3, [pc, #28]	; (10003058 <irq_set_exclusive_handler+0x4c>)
1000303c:	689b      	ldr	r3, [r3, #8]
1000303e:	511d      	str	r5, [r3, r4]
10003040:	f3bf 8f5f 	dmb	sy
10003044:	f3bf 8f5f 	dmb	sy
10003048:	2200      	movs	r2, #0
1000304a:	4b02      	ldr	r3, [pc, #8]	; (10003054 <irq_set_exclusive_handler+0x48>)
1000304c:	601a      	str	r2, [r3, #0]
1000304e:	f386 8810 	msr	PRIMASK, r6
10003052:	bd70      	pop	{r4, r5, r6, pc}
10003054:	d0000124 	.word	0xd0000124
10003058:	e000ed00 	.word	0xe000ed00
1000305c:	100001cd 	.word	0x100001cd

10003060 <irq_add_shared_handler>:
10003060:	b5f0      	push	{r4, r5, r6, r7, lr}
10003062:	4657      	mov	r7, sl
10003064:	464e      	mov	r6, r9
10003066:	46de      	mov	lr, fp
10003068:	4645      	mov	r5, r8
1000306a:	b5e0      	push	{r5, r6, r7, lr}
1000306c:	b085      	sub	sp, #20
1000306e:	0006      	movs	r6, r0
10003070:	9102      	str	r1, [sp, #8]
10003072:	0017      	movs	r7, r2
10003074:	f3ef 8b10 	mrs	fp, PRIMASK
10003078:	b672      	cpsid	i
1000307a:	4a67      	ldr	r2, [pc, #412]	; (10003218 <irq_add_shared_handler+0x1b8>)
1000307c:	6813      	ldr	r3, [r2, #0]
1000307e:	2b00      	cmp	r3, #0
10003080:	d0fc      	beq.n	1000307c <irq_add_shared_handler+0x1c>
10003082:	f3bf 8f5f 	dmb	sy
10003086:	2500      	movs	r5, #0
10003088:	4b64      	ldr	r3, [pc, #400]	; (1000321c <irq_add_shared_handler+0x1bc>)
1000308a:	575d      	ldrsb	r5, [r3, r5]
1000308c:	469a      	mov	sl, r3
1000308e:	2d00      	cmp	r5, #0
10003090:	da00      	bge.n	10003094 <irq_add_shared_handler+0x34>
10003092:	e0a4      	b.n	100031de <irq_add_shared_handler+0x17e>
10003094:	006b      	lsls	r3, r5, #1
10003096:	4c62      	ldr	r4, [pc, #392]	; (10003220 <irq_add_shared_handler+0x1c0>)
10003098:	9303      	str	r3, [sp, #12]
1000309a:	195b      	adds	r3, r3, r5
1000309c:	009b      	lsls	r3, r3, #2
1000309e:	4698      	mov	r8, r3
100030a0:	46a1      	mov	r9, r4
100030a2:	44c1      	add	r9, r8
100030a4:	464b      	mov	r3, r9
100030a6:	4652      	mov	r2, sl
100030a8:	799b      	ldrb	r3, [r3, #6]
100030aa:	3610      	adds	r6, #16
100030ac:	7013      	strb	r3, [r2, #0]
100030ae:	4b5d      	ldr	r3, [pc, #372]	; (10003224 <irq_add_shared_handler+0x1c4>)
100030b0:	00b2      	lsls	r2, r6, #2
100030b2:	689b      	ldr	r3, [r3, #8]
100030b4:	9201      	str	r2, [sp, #4]
100030b6:	5899      	ldr	r1, [r3, r2]
100030b8:	1b0b      	subs	r3, r1, r4
100030ba:	2b2f      	cmp	r3, #47	; 0x2f
100030bc:	d934      	bls.n	10003128 <irq_add_shared_handler+0xc8>
100030be:	4b5a      	ldr	r3, [pc, #360]	; (10003228 <irq_add_shared_handler+0x1c8>)
100030c0:	4299      	cmp	r1, r3
100030c2:	d000      	beq.n	100030c6 <irq_add_shared_handler+0x66>
100030c4:	e0a4      	b.n	10003210 <irq_add_shared_handler+0x1b0>
100030c6:	9b03      	ldr	r3, [sp, #12]
100030c8:	4a58      	ldr	r2, [pc, #352]	; (1000322c <irq_add_shared_handler+0x1cc>)
100030ca:	469c      	mov	ip, r3
100030cc:	4b58      	ldr	r3, [pc, #352]	; (10003230 <irq_add_shared_handler+0x1d0>)
100030ce:	4465      	add	r5, ip
100030d0:	00ad      	lsls	r5, r5, #2
100030d2:	5363      	strh	r3, [r4, r5]
100030d4:	4643      	mov	r3, r8
100030d6:	3302      	adds	r3, #2
100030d8:	1965      	adds	r5, r4, r5
100030da:	18e4      	adds	r4, r4, r3
100030dc:	4b55      	ldr	r3, [pc, #340]	; (10003234 <irq_add_shared_handler+0x1d4>)
100030de:	2101      	movs	r1, #1
100030e0:	3b04      	subs	r3, #4
100030e2:	1b1b      	subs	r3, r3, r4
100030e4:	051b      	lsls	r3, r3, #20
100030e6:	0d5b      	lsrs	r3, r3, #21
100030e8:	4313      	orrs	r3, r2
100030ea:	806b      	strh	r3, [r5, #2]
100030ec:	4b52      	ldr	r3, [pc, #328]	; (10003238 <irq_add_shared_handler+0x1d8>)
100030ee:	71ef      	strb	r7, [r5, #7]
100030f0:	80ab      	strh	r3, [r5, #4]
100030f2:	23ff      	movs	r3, #255	; 0xff
100030f4:	71ab      	strb	r3, [r5, #6]
100030f6:	9b02      	ldr	r3, [sp, #8]
100030f8:	60ab      	str	r3, [r5, #8]
100030fa:	464b      	mov	r3, r9
100030fc:	430b      	orrs	r3, r1
100030fe:	0019      	movs	r1, r3
10003100:	4b48      	ldr	r3, [pc, #288]	; (10003224 <irq_add_shared_handler+0x1c4>)
10003102:	9a01      	ldr	r2, [sp, #4]
10003104:	689b      	ldr	r3, [r3, #8]
10003106:	5099      	str	r1, [r3, r2]
10003108:	f3bf 8f5f 	dmb	sy
1000310c:	f3bf 8f5f 	dmb	sy
10003110:	2200      	movs	r2, #0
10003112:	4b41      	ldr	r3, [pc, #260]	; (10003218 <irq_add_shared_handler+0x1b8>)
10003114:	601a      	str	r2, [r3, #0]
10003116:	f38b 8810 	msr	PRIMASK, fp
1000311a:	b005      	add	sp, #20
1000311c:	bcf0      	pop	{r4, r5, r6, r7}
1000311e:	46bb      	mov	fp, r7
10003120:	46b2      	mov	sl, r6
10003122:	46a9      	mov	r9, r5
10003124:	46a0      	mov	r8, r4
10003126:	bdf0      	pop	{r4, r5, r6, r7, pc}
10003128:	2001      	movs	r0, #1
1000312a:	000a      	movs	r2, r1
1000312c:	4382      	bics	r2, r0
1000312e:	79d3      	ldrb	r3, [r2, #7]
10003130:	42bb      	cmp	r3, r7
10003132:	d82f      	bhi.n	10003194 <irq_add_shared_handler+0x134>
10003134:	4645      	mov	r5, r8
10003136:	464e      	mov	r6, r9
10003138:	0013      	movs	r3, r2
1000313a:	4940      	ldr	r1, [pc, #256]	; (1000323c <irq_add_shared_handler+0x1dc>)
1000313c:	1b1b      	subs	r3, r3, r4
1000313e:	415b      	adcs	r3, r3
10003140:	4359      	muls	r1, r3
10003142:	0d09      	lsrs	r1, r1, #20
10003144:	4b3a      	ldr	r3, [pc, #232]	; (10003230 <irq_add_shared_handler+0x1d0>)
10003146:	5363      	strh	r3, [r4, r5]
10003148:	4b3a      	ldr	r3, [pc, #232]	; (10003234 <irq_add_shared_handler+0x1d4>)
1000314a:	3502      	adds	r5, #2
1000314c:	1965      	adds	r5, r4, r5
1000314e:	3b04      	subs	r3, #4
10003150:	1b5b      	subs	r3, r3, r5
10003152:	051b      	lsls	r3, r3, #20
10003154:	4d35      	ldr	r5, [pc, #212]	; (1000322c <irq_add_shared_handler+0x1cc>)
10003156:	0d5b      	lsrs	r3, r3, #21
10003158:	432b      	orrs	r3, r5
1000315a:	8073      	strh	r3, [r6, #2]
1000315c:	2604      	movs	r6, #4
1000315e:	46b4      	mov	ip, r6
10003160:	44e0      	add	r8, ip
10003162:	4444      	add	r4, r8
10003164:	1f13      	subs	r3, r2, #4
10003166:	1b1b      	subs	r3, r3, r4
10003168:	464c      	mov	r4, r9
1000316a:	71a1      	strb	r1, [r4, #6]
1000316c:	9902      	ldr	r1, [sp, #8]
1000316e:	051b      	lsls	r3, r3, #20
10003170:	60a1      	str	r1, [r4, #8]
10003172:	4649      	mov	r1, r9
10003174:	0d5b      	lsrs	r3, r3, #21
10003176:	432b      	orrs	r3, r5
10003178:	80a3      	strh	r3, [r4, #4]
1000317a:	4b31      	ldr	r3, [pc, #196]	; (10003240 <irq_add_shared_handler+0x1e0>)
1000317c:	71e7      	strb	r7, [r4, #7]
1000317e:	4301      	orrs	r1, r0
10003180:	6013      	str	r3, [r2, #0]
10003182:	e7bd      	b.n	10003100 <irq_add_shared_handler+0xa0>
10003184:	0058      	lsls	r0, r3, #1
10003186:	18c0      	adds	r0, r0, r3
10003188:	0080      	lsls	r0, r0, #2
1000318a:	1820      	adds	r0, r4, r0
1000318c:	79c6      	ldrb	r6, [r0, #7]
1000318e:	42be      	cmp	r6, r7
10003190:	d92b      	bls.n	100031ea <irq_add_shared_handler+0x18a>
10003192:	0002      	movs	r2, r0
10003194:	2306      	movs	r3, #6
10003196:	56d3      	ldrsb	r3, [r2, r3]
10003198:	2b00      	cmp	r3, #0
1000319a:	daf3      	bge.n	10003184 <irq_add_shared_handler+0x124>
1000319c:	1d10      	adds	r0, r2, #4
1000319e:	4682      	mov	sl, r0
100031a0:	4828      	ldr	r0, [pc, #160]	; (10003244 <irq_add_shared_handler+0x1e4>)
100031a2:	4680      	mov	r8, r0
100031a4:	2604      	movs	r6, #4
100031a6:	4276      	negs	r6, r6
100031a8:	46b4      	mov	ip, r6
100031aa:	44e1      	add	r9, ip
100031ac:	4650      	mov	r0, sl
100031ae:	464e      	mov	r6, r9
100031b0:	1a36      	subs	r6, r6, r0
100031b2:	0530      	lsls	r0, r6, #20
100031b4:	0d40      	lsrs	r0, r0, #21
100031b6:	4682      	mov	sl, r0
100031b8:	4656      	mov	r6, sl
100031ba:	481c      	ldr	r0, [pc, #112]	; (1000322c <irq_add_shared_handler+0x1cc>)
100031bc:	7195      	strb	r5, [r2, #6]
100031be:	4306      	orrs	r6, r0
100031c0:	8096      	strh	r6, [r2, #4]
100031c2:	9a03      	ldr	r2, [sp, #12]
100031c4:	4694      	mov	ip, r2
100031c6:	4465      	add	r5, ip
100031c8:	4a1d      	ldr	r2, [pc, #116]	; (10003240 <irq_add_shared_handler+0x1e0>)
100031ca:	00ad      	lsls	r5, r5, #2
100031cc:	1964      	adds	r4, r4, r5
100031ce:	6022      	str	r2, [r4, #0]
100031d0:	4642      	mov	r2, r8
100031d2:	71a3      	strb	r3, [r4, #6]
100031d4:	9b02      	ldr	r3, [sp, #8]
100031d6:	80a2      	strh	r2, [r4, #4]
100031d8:	71e7      	strb	r7, [r4, #7]
100031da:	60a3      	str	r3, [r4, #8]
100031dc:	e790      	b.n	10003100 <irq_add_shared_handler+0xa0>
100031de:	f001 fb0d 	bl	100047fc <hard_assertion_failure>
100031e2:	2500      	movs	r5, #0
100031e4:	4653      	mov	r3, sl
100031e6:	575d      	ldrsb	r5, [r3, r5]
100031e8:	e754      	b.n	10003094 <irq_add_shared_handler+0x34>
100031ea:	1d10      	adds	r0, r2, #4
100031ec:	4682      	mov	sl, r0
100031ee:	8890      	ldrh	r0, [r2, #4]
100031f0:	0540      	lsls	r0, r0, #21
100031f2:	1500      	asrs	r0, r0, #20
100031f4:	4684      	mov	ip, r0
100031f6:	4640      	mov	r0, r8
100031f8:	44d4      	add	ip, sl
100031fa:	4666      	mov	r6, ip
100031fc:	3004      	adds	r0, #4
100031fe:	1820      	adds	r0, r4, r0
10003200:	1a30      	subs	r0, r6, r0
10003202:	26e0      	movs	r6, #224	; 0xe0
10003204:	0500      	lsls	r0, r0, #20
10003206:	0d40      	lsrs	r0, r0, #21
10003208:	0236      	lsls	r6, r6, #8
1000320a:	4330      	orrs	r0, r6
1000320c:	4680      	mov	r8, r0
1000320e:	e7c9      	b.n	100031a4 <irq_add_shared_handler+0x144>
10003210:	f001 faf4 	bl	100047fc <hard_assertion_failure>
10003214:	e757      	b.n	100030c6 <irq_add_shared_handler+0x66>
10003216:	46c0      	nop			; (mov r8, r8)
10003218:	d0000124 	.word	0xd0000124
1000321c:	20002c44 	.word	0x20002c44
10003220:	20000f50 	.word	0x20000f50
10003224:	e000ed00 	.word	0xe000ed00
10003228:	100001cd 	.word	0x100001cd
1000322c:	ffffe000 	.word	0xffffe000
10003230:	ffffa100 	.word	0xffffa100
10003234:	20000f80 	.word	0x20000f80
10003238:	ffffbd01 	.word	0xffffbd01
1000323c:	0000aaaa 	.word	0x0000aaaa
10003240:	47804801 	.word	0x47804801
10003244:	0000bd01 	.word	0x0000bd01

10003248 <irq_remove_handler>:
10003248:	b5f0      	push	{r4, r5, r6, r7, lr}
1000324a:	46de      	mov	lr, fp
1000324c:	4657      	mov	r7, sl
1000324e:	464e      	mov	r6, r9
10003250:	4645      	mov	r5, r8
10003252:	b5e0      	push	{r5, r6, r7, lr}
10003254:	000c      	movs	r4, r1
10003256:	b083      	sub	sp, #12
10003258:	f3ef 8910 	mrs	r9, PRIMASK
1000325c:	b672      	cpsid	i
1000325e:	4a58      	ldr	r2, [pc, #352]	; (100033c0 <irq_remove_handler+0x178>)
10003260:	6813      	ldr	r3, [r2, #0]
10003262:	2b00      	cmp	r3, #0
10003264:	d0fc      	beq.n	10003260 <irq_remove_handler+0x18>
10003266:	f3bf 8f5f 	dmb	sy
1000326a:	4b56      	ldr	r3, [pc, #344]	; (100033c4 <irq_remove_handler+0x17c>)
1000326c:	689a      	ldr	r2, [r3, #8]
1000326e:	0003      	movs	r3, r0
10003270:	3310      	adds	r3, #16
10003272:	009f      	lsls	r7, r3, #2
10003274:	59d5      	ldr	r5, [r2, r7]
10003276:	4a54      	ldr	r2, [pc, #336]	; (100033c8 <irq_remove_handler+0x180>)
10003278:	4690      	mov	r8, r2
1000327a:	4295      	cmp	r5, r2
1000327c:	d032      	beq.n	100032e4 <irq_remove_handler+0x9c>
1000327e:	42a5      	cmp	r5, r4
10003280:	d043      	beq.n	1000330a <irq_remove_handler+0xc2>
10003282:	4e52      	ldr	r6, [pc, #328]	; (100033cc <irq_remove_handler+0x184>)
10003284:	1baa      	subs	r2, r5, r6
10003286:	2a2f      	cmp	r2, #47	; 0x2f
10003288:	d82c      	bhi.n	100032e4 <irq_remove_handler+0x9c>
1000328a:	2201      	movs	r2, #1
1000328c:	4082      	lsls	r2, r0
1000328e:	4692      	mov	sl, r2
10003290:	4651      	mov	r1, sl
10003292:	4a4f      	ldr	r2, [pc, #316]	; (100033d0 <irq_remove_handler+0x188>)
10003294:	6812      	ldr	r2, [r2, #0]
10003296:	4011      	ands	r1, r2
10003298:	9101      	str	r1, [sp, #4]
1000329a:	4651      	mov	r1, sl
1000329c:	4a4d      	ldr	r2, [pc, #308]	; (100033d4 <irq_remove_handler+0x18c>)
1000329e:	6011      	str	r1, [r2, #0]
100032a0:	f3bf 8f5f 	dmb	sy
100032a4:	f3ef 8205 	mrs	r2, IPSR
100032a8:	4693      	mov	fp, r2
100032aa:	2a00      	cmp	r2, #0
100032ac:	d133      	bne.n	10003316 <irq_remove_handler+0xce>
100032ae:	2301      	movs	r3, #1
100032b0:	002a      	movs	r2, r5
100032b2:	439a      	bics	r2, r3
100032b4:	6893      	ldr	r3, [r2, #8]
100032b6:	429c      	cmp	r4, r3
100032b8:	d108      	bne.n	100032cc <irq_remove_handler+0x84>
100032ba:	e077      	b.n	100033ac <irq_remove_handler+0x164>
100032bc:	004b      	lsls	r3, r1, #1
100032be:	185b      	adds	r3, r3, r1
100032c0:	009b      	lsls	r3, r3, #2
100032c2:	18f3      	adds	r3, r6, r3
100032c4:	6899      	ldr	r1, [r3, #8]
100032c6:	42a1      	cmp	r1, r4
100032c8:	d02a      	beq.n	10003320 <irq_remove_handler+0xd8>
100032ca:	001a      	movs	r2, r3
100032cc:	2106      	movs	r1, #6
100032ce:	5651      	ldrsb	r1, [r2, r1]
100032d0:	2900      	cmp	r1, #0
100032d2:	daf3      	bge.n	100032bc <irq_remove_handler+0x74>
100032d4:	9b01      	ldr	r3, [sp, #4]
100032d6:	2b00      	cmp	r3, #0
100032d8:	d019      	beq.n	1000330e <irq_remove_handler+0xc6>
100032da:	4652      	mov	r2, sl
100032dc:	4b3e      	ldr	r3, [pc, #248]	; (100033d8 <irq_remove_handler+0x190>)
100032de:	601a      	str	r2, [r3, #0]
100032e0:	4b3b      	ldr	r3, [pc, #236]	; (100033d0 <irq_remove_handler+0x188>)
100032e2:	601a      	str	r2, [r3, #0]
100032e4:	4b37      	ldr	r3, [pc, #220]	; (100033c4 <irq_remove_handler+0x17c>)
100032e6:	689b      	ldr	r3, [r3, #8]
100032e8:	51dd      	str	r5, [r3, r7]
100032ea:	f3bf 8f5f 	dmb	sy
100032ee:	f3bf 8f5f 	dmb	sy
100032f2:	2200      	movs	r2, #0
100032f4:	4b32      	ldr	r3, [pc, #200]	; (100033c0 <irq_remove_handler+0x178>)
100032f6:	601a      	str	r2, [r3, #0]
100032f8:	f389 8810 	msr	PRIMASK, r9
100032fc:	b003      	add	sp, #12
100032fe:	bcf0      	pop	{r4, r5, r6, r7}
10003300:	46bb      	mov	fp, r7
10003302:	46b2      	mov	sl, r6
10003304:	46a9      	mov	r9, r5
10003306:	46a0      	mov	r8, r4
10003308:	bdf0      	pop	{r4, r5, r6, r7, pc}
1000330a:	0015      	movs	r5, r2
1000330c:	e7ea      	b.n	100032e4 <irq_remove_handler+0x9c>
1000330e:	4652      	mov	r2, sl
10003310:	4b30      	ldr	r3, [pc, #192]	; (100033d4 <irq_remove_handler+0x18c>)
10003312:	601a      	str	r2, [r3, #0]
10003314:	e7e6      	b.n	100032e4 <irq_remove_handler+0x9c>
10003316:	4293      	cmp	r3, r2
10003318:	d0c9      	beq.n	100032ae <irq_remove_handler+0x66>
1000331a:	f001 fa6f 	bl	100047fc <hard_assertion_failure>
1000331e:	e7c6      	b.n	100032ae <irq_remove_handler+0x66>
10003320:	2106      	movs	r1, #6
10003322:	5659      	ldrsb	r1, [r3, r1]
10003324:	2900      	cmp	r1, #0
10003326:	db21      	blt.n	1000336c <irq_remove_handler+0x124>
10003328:	004a      	lsls	r2, r1, #1
1000332a:	1850      	adds	r0, r2, r1
1000332c:	0080      	lsls	r0, r0, #2
1000332e:	1834      	adds	r4, r6, r0
10003330:	4680      	mov	r8, r0
10003332:	68a0      	ldr	r0, [r4, #8]
10003334:	6098      	str	r0, [r3, #8]
10003336:	79e0      	ldrb	r0, [r4, #7]
10003338:	71d8      	strb	r0, [r3, #7]
1000333a:	2006      	movs	r0, #6
1000333c:	5620      	ldrsb	r0, [r4, r0]
1000333e:	7198      	strb	r0, [r3, #6]
10003340:	2800      	cmp	r0, #0
10003342:	db24      	blt.n	1000338e <irq_remove_handler+0x146>
10003344:	88a4      	ldrh	r4, [r4, #4]
10003346:	1af0      	subs	r0, r6, r3
10003348:	0564      	lsls	r4, r4, #21
1000334a:	1524      	asrs	r4, r4, #20
1000334c:	4444      	add	r4, r8
1000334e:	1900      	adds	r0, r0, r4
10003350:	24e0      	movs	r4, #224	; 0xe0
10003352:	0500      	lsls	r0, r0, #20
10003354:	0d40      	lsrs	r0, r0, #21
10003356:	0224      	lsls	r4, r4, #8
10003358:	4320      	orrs	r0, r4
1000335a:	8098      	strh	r0, [r3, #4]
1000335c:	1852      	adds	r2, r2, r1
1000335e:	4b1f      	ldr	r3, [pc, #124]	; (100033dc <irq_remove_handler+0x194>)
10003360:	0092      	lsls	r2, r2, #2
10003362:	18b6      	adds	r6, r6, r2
10003364:	781a      	ldrb	r2, [r3, #0]
10003366:	7019      	strb	r1, [r3, #0]
10003368:	71b2      	strb	r2, [r6, #6]
1000336a:	e7b3      	b.n	100032d4 <irq_remove_handler+0x8c>
1000336c:	4659      	mov	r1, fp
1000336e:	2900      	cmp	r1, #0
10003370:	d10f      	bne.n	10003392 <irq_remove_handler+0x14a>
10003372:	31ff      	adds	r1, #255	; 0xff
10003374:	7191      	strb	r1, [r2, #6]
10003376:	491a      	ldr	r1, [pc, #104]	; (100033e0 <irq_remove_handler+0x198>)
10003378:	8091      	strh	r1, [r2, #4]
1000337a:	4918      	ldr	r1, [pc, #96]	; (100033dc <irq_remove_handler+0x194>)
1000337c:	780a      	ldrb	r2, [r1, #0]
1000337e:	719a      	strb	r2, [r3, #6]
10003380:	4a18      	ldr	r2, [pc, #96]	; (100033e4 <irq_remove_handler+0x19c>)
10003382:	1b9b      	subs	r3, r3, r6
10003384:	415b      	adcs	r3, r3
10003386:	435a      	muls	r2, r3
10003388:	0d12      	lsrs	r2, r2, #20
1000338a:	700a      	strb	r2, [r1, #0]
1000338c:	e7a2      	b.n	100032d4 <irq_remove_handler+0x8c>
1000338e:	4816      	ldr	r0, [pc, #88]	; (100033e8 <irq_remove_handler+0x1a0>)
10003390:	e7e3      	b.n	1000335a <irq_remove_handler+0x112>
10003392:	4a16      	ldr	r2, [pc, #88]	; (100033ec <irq_remove_handler+0x1a4>)
10003394:	4916      	ldr	r1, [pc, #88]	; (100033f0 <irq_remove_handler+0x1a8>)
10003396:	1ad2      	subs	r2, r2, r3
10003398:	3a08      	subs	r2, #8
1000339a:	0250      	lsls	r0, r2, #9
1000339c:	0d40      	lsrs	r0, r0, #21
1000339e:	4301      	orrs	r1, r0
100033a0:	8099      	strh	r1, [r3, #4]
100033a2:	4914      	ldr	r1, [pc, #80]	; (100033f4 <irq_remove_handler+0x1ac>)
100033a4:	0852      	lsrs	r2, r2, #1
100033a6:	430a      	orrs	r2, r1
100033a8:	80da      	strh	r2, [r3, #6]
100033aa:	e793      	b.n	100032d4 <irq_remove_handler+0x8c>
100033ac:	2106      	movs	r1, #6
100033ae:	5651      	ldrsb	r1, [r2, r1]
100033b0:	0013      	movs	r3, r2
100033b2:	2900      	cmp	r1, #0
100033b4:	dab8      	bge.n	10003328 <irq_remove_handler+0xe0>
100033b6:	465a      	mov	r2, fp
100033b8:	2a00      	cmp	r2, #0
100033ba:	d1ea      	bne.n	10003392 <irq_remove_handler+0x14a>
100033bc:	4645      	mov	r5, r8
100033be:	e7dc      	b.n	1000337a <irq_remove_handler+0x132>
100033c0:	d0000124 	.word	0xd0000124
100033c4:	e000ed00 	.word	0xe000ed00
100033c8:	100001cd 	.word	0x100001cd
100033cc:	20000f50 	.word	0x20000f50
100033d0:	e000e100 	.word	0xe000e100
100033d4:	e000e180 	.word	0xe000e180
100033d8:	e000e280 	.word	0xe000e280
100033dc:	20002c44 	.word	0x20002c44
100033e0:	ffffbd01 	.word	0xffffbd01
100033e4:	0000aaaa 	.word	0x0000aaaa
100033e8:	0000bd01 	.word	0x0000bd01
100033ec:	20000f8a 	.word	0x20000f8a
100033f0:	fffff000 	.word	0xfffff000
100033f4:	fffff800 	.word	0xfffff800

100033f8 <irq_add_tail_to_free_list>:
100033f8:	b570      	push	{r4, r5, r6, lr}
100033fa:	f3ef 8105 	mrs	r1, IPSR
100033fe:	2401      	movs	r4, #1
10003400:	4304      	orrs	r4, r0
10003402:	f3ef 8c10 	mrs	ip, PRIMASK
10003406:	b672      	cpsid	i
10003408:	4a21      	ldr	r2, [pc, #132]	; (10003490 <irq_add_tail_to_free_list+0x98>)
1000340a:	6813      	ldr	r3, [r2, #0]
1000340c:	2b00      	cmp	r3, #0
1000340e:	d0fc      	beq.n	1000340a <irq_add_tail_to_free_list+0x12>
10003410:	f3bf 8f5f 	dmb	sy
10003414:	4b1f      	ldr	r3, [pc, #124]	; (10003494 <irq_add_tail_to_free_list+0x9c>)
10003416:	0005      	movs	r5, r0
10003418:	4a1f      	ldr	r2, [pc, #124]	; (10003498 <irq_add_tail_to_free_list+0xa0>)
1000341a:	1aed      	subs	r5, r5, r3
1000341c:	416d      	adcs	r5, r5
1000341e:	436a      	muls	r2, r5
10003420:	0d12      	lsrs	r2, r2, #20
10003422:	4d1e      	ldr	r5, [pc, #120]	; (1000349c <irq_add_tail_to_free_list+0xa4>)
10003424:	0089      	lsls	r1, r1, #2
10003426:	68ae      	ldr	r6, [r5, #8]
10003428:	b252      	sxtb	r2, r2
1000342a:	5876      	ldr	r6, [r6, r1]
1000342c:	42a6      	cmp	r6, r4
1000342e:	d01c      	beq.n	1000346a <irq_add_tail_to_free_list+0x72>
10003430:	2106      	movs	r1, #6
10003432:	5659      	ldrsb	r1, [r3, r1]
10003434:	4291      	cmp	r1, r2
10003436:	d01c      	beq.n	10003472 <irq_add_tail_to_free_list+0x7a>
10003438:	2112      	movs	r1, #18
1000343a:	5659      	ldrsb	r1, [r3, r1]
1000343c:	4291      	cmp	r1, r2
1000343e:	d022      	beq.n	10003486 <irq_add_tail_to_free_list+0x8e>
10003440:	211e      	movs	r1, #30
10003442:	5659      	ldrsb	r1, [r3, r1]
10003444:	4291      	cmp	r1, r2
10003446:	d020      	beq.n	1000348a <irq_add_tail_to_free_list+0x92>
10003448:	212a      	movs	r1, #42	; 0x2a
1000344a:	5659      	ldrsb	r1, [r3, r1]
1000344c:	2403      	movs	r4, #3
1000344e:	4291      	cmp	r1, r2
10003450:	d010      	beq.n	10003474 <irq_add_tail_to_free_list+0x7c>
10003452:	4b13      	ldr	r3, [pc, #76]	; (100034a0 <irq_add_tail_to_free_list+0xa8>)
10003454:	7819      	ldrb	r1, [r3, #0]
10003456:	701a      	strb	r2, [r3, #0]
10003458:	7181      	strb	r1, [r0, #6]
1000345a:	f3bf 8f5f 	dmb	sy
1000345e:	2200      	movs	r2, #0
10003460:	4b0b      	ldr	r3, [pc, #44]	; (10003490 <irq_add_tail_to_free_list+0x98>)
10003462:	601a      	str	r2, [r3, #0]
10003464:	f38c 8810 	msr	PRIMASK, ip
10003468:	bd70      	pop	{r4, r5, r6, pc}
1000346a:	68ab      	ldr	r3, [r5, #8]
1000346c:	4c0d      	ldr	r4, [pc, #52]	; (100034a4 <irq_add_tail_to_free_list+0xac>)
1000346e:	505c      	str	r4, [r3, r1]
10003470:	e7ef      	b.n	10003452 <irq_add_tail_to_free_list+0x5a>
10003472:	2400      	movs	r4, #0
10003474:	0061      	lsls	r1, r4, #1
10003476:	1909      	adds	r1, r1, r4
10003478:	0089      	lsls	r1, r1, #2
1000347a:	185b      	adds	r3, r3, r1
1000347c:	21ff      	movs	r1, #255	; 0xff
1000347e:	7199      	strb	r1, [r3, #6]
10003480:	4909      	ldr	r1, [pc, #36]	; (100034a8 <irq_add_tail_to_free_list+0xb0>)
10003482:	8099      	strh	r1, [r3, #4]
10003484:	e7e5      	b.n	10003452 <irq_add_tail_to_free_list+0x5a>
10003486:	2401      	movs	r4, #1
10003488:	e7f4      	b.n	10003474 <irq_add_tail_to_free_list+0x7c>
1000348a:	2402      	movs	r4, #2
1000348c:	e7f2      	b.n	10003474 <irq_add_tail_to_free_list+0x7c>
1000348e:	46c0      	nop			; (mov r8, r8)
10003490:	d0000124 	.word	0xd0000124
10003494:	20000f50 	.word	0x20000f50
10003498:	0000aaaa 	.word	0x0000aaaa
1000349c:	e000ed00 	.word	0xe000ed00
100034a0:	20002c44 	.word	0x20002c44
100034a4:	100001cd 	.word	0x100001cd
100034a8:	ffffbd01 	.word	0xffffbd01

100034ac <irq_init_priorities>:
100034ac:	4b05      	ldr	r3, [pc, #20]	; (100034c4 <irq_init_priorities+0x18>)
100034ae:	4a06      	ldr	r2, [pc, #24]	; (100034c8 <irq_init_priorities+0x1c>)
100034b0:	6013      	str	r3, [r2, #0]
100034b2:	4a06      	ldr	r2, [pc, #24]	; (100034cc <irq_init_priorities+0x20>)
100034b4:	6013      	str	r3, [r2, #0]
100034b6:	6053      	str	r3, [r2, #4]
100034b8:	6093      	str	r3, [r2, #8]
100034ba:	60d3      	str	r3, [r2, #12]
100034bc:	6113      	str	r3, [r2, #16]
100034be:	6153      	str	r3, [r2, #20]
100034c0:	6193      	str	r3, [r2, #24]
100034c2:	4770      	bx	lr
100034c4:	80808080 	.word	0x80808080
100034c8:	e000e400 	.word	0xe000e400
100034cc:	e000e404 	.word	0xe000e404

100034d0 <lock_init>:
100034d0:	4b02      	ldr	r3, [pc, #8]	; (100034dc <lock_init+0xc>)
100034d2:	469c      	mov	ip, r3
100034d4:	4461      	add	r1, ip
100034d6:	0089      	lsls	r1, r1, #2
100034d8:	6001      	str	r1, [r0, #0]
100034da:	4770      	bx	lr
100034dc:	34000040 	.word	0x34000040

100034e0 <mutex_init>:
100034e0:	b510      	push	{r4, lr}
100034e2:	0004      	movs	r4, r0
100034e4:	f7ff fd50 	bl	10002f88 <next_striped_spin_lock_num>
100034e8:	0001      	movs	r1, r0
100034ea:	0020      	movs	r0, r4
100034ec:	f7ff fff0 	bl	100034d0 <lock_init>
100034f0:	23ff      	movs	r3, #255	; 0xff
100034f2:	7123      	strb	r3, [r4, #4]
100034f4:	f3bf 8f5f 	dmb	sy
100034f8:	bd10      	pop	{r4, pc}
100034fa:	46c0      	nop			; (mov r8, r8)

100034fc <recursive_mutex_init>:
100034fc:	b510      	push	{r4, lr}
100034fe:	0004      	movs	r4, r0
10003500:	f7ff fd42 	bl	10002f88 <next_striped_spin_lock_num>
10003504:	0001      	movs	r1, r0
10003506:	0020      	movs	r0, r4
10003508:	f7ff ffe2 	bl	100034d0 <lock_init>
1000350c:	23ff      	movs	r3, #255	; 0xff
1000350e:	80a3      	strh	r3, [r4, #4]
10003510:	f3bf 8f5f 	dmb	sy
10003514:	bd10      	pop	{r4, pc}
10003516:	46c0      	nop			; (mov r8, r8)

10003518 <critical_section_init>:
10003518:	b510      	push	{r4, lr}
1000351a:	0004      	movs	r4, r0
1000351c:	2001      	movs	r0, #1
1000351e:	f7ff fd3f 	bl	10002fa0 <spin_lock_claim_unused>
10003522:	4b04      	ldr	r3, [pc, #16]	; (10003534 <critical_section_init+0x1c>)
10003524:	469c      	mov	ip, r3
10003526:	4460      	add	r0, ip
10003528:	0080      	lsls	r0, r0, #2
1000352a:	6020      	str	r0, [r4, #0]
1000352c:	f3bf 8f5f 	dmb	sy
10003530:	bd10      	pop	{r4, pc}
10003532:	46c0      	nop			; (mov r8, r8)
10003534:	34000040 	.word	0x34000040

10003538 <timer_pool_entry_comparator>:
10003538:	6883      	ldr	r3, [r0, #8]
1000353a:	480b      	ldr	r0, [pc, #44]	; (10003568 <timer_pool_entry_comparator+0x30>)
1000353c:	b510      	push	{r4, lr}
1000353e:	4684      	mov	ip, r0
10003540:	4461      	add	r1, ip
10003542:	4462      	add	r2, ip
10003544:	0109      	lsls	r1, r1, #4
10003546:	0112      	lsls	r2, r2, #4
10003548:	189a      	adds	r2, r3, r2
1000354a:	1859      	adds	r1, r3, r1
1000354c:	6854      	ldr	r4, [r2, #4]
1000354e:	684b      	ldr	r3, [r1, #4]
10003550:	2001      	movs	r0, #1
10003552:	429c      	cmp	r4, r3
10003554:	d801      	bhi.n	1000355a <timer_pool_entry_comparator+0x22>
10003556:	d002      	beq.n	1000355e <timer_pool_entry_comparator+0x26>
10003558:	2000      	movs	r0, #0
1000355a:	b2c0      	uxtb	r0, r0
1000355c:	bd10      	pop	{r4, pc}
1000355e:	6812      	ldr	r2, [r2, #0]
10003560:	680b      	ldr	r3, [r1, #0]
10003562:	429a      	cmp	r2, r3
10003564:	d8f9      	bhi.n	1000355a <timer_pool_entry_comparator+0x22>
10003566:	e7f7      	b.n	10003558 <timer_pool_entry_comparator+0x20>
10003568:	0fffffff 	.word	0x0fffffff

1000356c <sleep_until_callback>:
1000356c:	4b0a      	ldr	r3, [pc, #40]	; (10003598 <sleep_until_callback+0x2c>)
1000356e:	6819      	ldr	r1, [r3, #0]
10003570:	f3ef 8010 	mrs	r0, PRIMASK
10003574:	b672      	cpsid	i
10003576:	680a      	ldr	r2, [r1, #0]
10003578:	2a00      	cmp	r2, #0
1000357a:	d0fc      	beq.n	10003576 <sleep_until_callback+0xa>
1000357c:	f3bf 8f5f 	dmb	sy
10003580:	681b      	ldr	r3, [r3, #0]
10003582:	f3bf 8f5f 	dmb	sy
10003586:	2200      	movs	r2, #0
10003588:	601a      	str	r2, [r3, #0]
1000358a:	f380 8810 	msr	PRIMASK, r0
1000358e:	bf40      	sev
10003590:	2000      	movs	r0, #0
10003592:	2100      	movs	r1, #0
10003594:	4770      	bx	lr
10003596:	46c0      	nop			; (mov r8, r8)
10003598:	20002c28 	.word	0x20002c28

1000359c <add_alarm_under_lock.isra.0>:
1000359c:	b5f8      	push	{r3, r4, r5, r6, r7, lr}
1000359e:	4657      	mov	r7, sl
100035a0:	464e      	mov	r6, r9
100035a2:	4645      	mov	r5, r8
100035a4:	46de      	mov	lr, fp
100035a6:	b5e0      	push	{r5, r6, r7, lr}
100035a8:	4699      	mov	r9, r3
100035aa:	ab0c      	add	r3, sp, #48	; 0x30
100035ac:	781c      	ldrb	r4, [r3, #0]
100035ae:	ab0d      	add	r3, sp, #52	; 0x34
100035b0:	781b      	ldrb	r3, [r3, #0]
100035b2:	0006      	movs	r6, r0
100035b4:	4690      	mov	r8, r2
100035b6:	469a      	mov	sl, r3
100035b8:	6807      	ldr	r7, [r0, #0]
100035ba:	2c00      	cmp	r4, #0
100035bc:	d111      	bne.n	100035e2 <add_alarm_under_lock.isra.0+0x46>
100035be:	7bbc      	ldrb	r4, [r7, #14]
100035c0:	2c00      	cmp	r4, #0
100035c2:	d042      	beq.n	1000364a <add_alarm_under_lock.isra.0+0xae>
100035c4:	0065      	lsls	r5, r4, #1
100035c6:	683b      	ldr	r3, [r7, #0]
100035c8:	192d      	adds	r5, r5, r4
100035ca:	3d03      	subs	r5, #3
100035cc:	1959      	adds	r1, r3, r5
100035ce:	784b      	ldrb	r3, [r1, #1]
100035d0:	73bb      	strb	r3, [r7, #14]
100035d2:	2b00      	cmp	r3, #0
100035d4:	d100      	bne.n	100035d8 <add_alarm_under_lock.isra.0+0x3c>
100035d6:	73fb      	strb	r3, [r7, #15]
100035d8:	2300      	movs	r3, #0
100035da:	708b      	strb	r3, [r1, #2]
100035dc:	704b      	strb	r3, [r1, #1]
100035de:	700b      	strb	r3, [r1, #0]
100035e0:	e004      	b.n	100035ec <add_alarm_under_lock.isra.0+0x50>
100035e2:	0065      	lsls	r5, r4, #1
100035e4:	683b      	ldr	r3, [r7, #0]
100035e6:	192d      	adds	r5, r5, r4
100035e8:	3d03      	subs	r5, #3
100035ea:	1959      	adds	r1, r3, r5
100035ec:	68b2      	ldr	r2, [r6, #8]
100035ee:	4b2a      	ldr	r3, [pc, #168]	; (10003698 <add_alarm_under_lock.isra.0+0xfc>)
100035f0:	4694      	mov	ip, r2
100035f2:	4642      	mov	r2, r8
100035f4:	18e3      	adds	r3, r4, r3
100035f6:	011b      	lsls	r3, r3, #4
100035f8:	4463      	add	r3, ip
100035fa:	601a      	str	r2, [r3, #0]
100035fc:	464a      	mov	r2, r9
100035fe:	605a      	str	r2, [r3, #4]
10003600:	9a0a      	ldr	r2, [sp, #40]	; 0x28
10003602:	609a      	str	r2, [r3, #8]
10003604:	9a0b      	ldr	r2, [sp, #44]	; 0x2c
10003606:	60da      	str	r2, [r3, #12]
10003608:	2300      	movs	r3, #0
1000360a:	708b      	strb	r3, [r1, #2]
1000360c:	704b      	strb	r3, [r1, #1]
1000360e:	700b      	strb	r3, [r1, #0]
10003610:	7b7b      	ldrb	r3, [r7, #13]
10003612:	469b      	mov	fp, r3
10003614:	2b00      	cmp	r3, #0
10003616:	d02b      	beq.n	10003670 <add_alarm_under_lock.isra.0+0xd4>
10003618:	0022      	movs	r2, r4
1000361a:	4659      	mov	r1, fp
1000361c:	68b8      	ldr	r0, [r7, #8]
1000361e:	687b      	ldr	r3, [r7, #4]
10003620:	4798      	blx	r3
10003622:	683a      	ldr	r2, [r7, #0]
10003624:	2800      	cmp	r0, #0
10003626:	d016      	beq.n	10003656 <add_alarm_under_lock.isra.0+0xba>
10003628:	465b      	mov	r3, fp
1000362a:	4658      	mov	r0, fp
1000362c:	005b      	lsls	r3, r3, #1
1000362e:	445b      	add	r3, fp
10003630:	1955      	adds	r5, r2, r5
10003632:	3b03      	subs	r3, #3
10003634:	70a8      	strb	r0, [r5, #2]
10003636:	18d1      	adds	r1, r2, r3
10003638:	5cd3      	ldrb	r3, [r2, r3]
1000363a:	2b00      	cmp	r3, #0
1000363c:	d000      	beq.n	10003640 <add_alarm_under_lock.isra.0+0xa4>
1000363e:	706b      	strb	r3, [r5, #1]
10003640:	465b      	mov	r3, fp
10003642:	700c      	strb	r4, [r1, #0]
10003644:	737b      	strb	r3, [r7, #13]
10003646:	45a3      	cmp	fp, r4
10003648:	d013      	beq.n	10003672 <add_alarm_under_lock.isra.0+0xd6>
1000364a:	bcf0      	pop	{r4, r5, r6, r7}
1000364c:	46bb      	mov	fp, r7
1000364e:	46b2      	mov	sl, r6
10003650:	46a9      	mov	r9, r5
10003652:	46a0      	mov	r8, r4
10003654:	bdf8      	pop	{r3, r4, r5, r6, r7, pc}
10003656:	465b      	mov	r3, fp
10003658:	005b      	lsls	r3, r3, #1
1000365a:	445b      	add	r3, fp
1000365c:	3b03      	subs	r3, #3
1000365e:	18d3      	adds	r3, r2, r3
10003660:	709c      	strb	r4, [r3, #2]
10003662:	1951      	adds	r1, r2, r5
10003664:	5d52      	ldrb	r2, [r2, r5]
10003666:	2a00      	cmp	r2, #0
10003668:	d000      	beq.n	1000366c <add_alarm_under_lock.isra.0+0xd0>
1000366a:	705a      	strb	r2, [r3, #1]
1000366c:	465b      	mov	r3, fp
1000366e:	700b      	strb	r3, [r1, #0]
10003670:	737c      	strb	r4, [r7, #13]
10003672:	4642      	mov	r2, r8
10003674:	464b      	mov	r3, r9
10003676:	7d30      	ldrb	r0, [r6, #20]
10003678:	f000 fba2 	bl	10003dc0 <hardware_alarm_set_target>
1000367c:	1e05      	subs	r5, r0, #0
1000367e:	d006      	beq.n	1000368e <add_alarm_under_lock.isra.0+0xf2>
10003680:	4653      	mov	r3, sl
10003682:	2b00      	cmp	r3, #0
10003684:	d103      	bne.n	1000368e <add_alarm_under_lock.isra.0+0xf2>
10003686:	0021      	movs	r1, r4
10003688:	6830      	ldr	r0, [r6, #0]
1000368a:	f000 fdbd 	bl	10004208 <ph_remove_and_free_node>
1000368e:	9b0e      	ldr	r3, [sp, #56]	; 0x38
10003690:	2b00      	cmp	r3, #0
10003692:	d0da      	beq.n	1000364a <add_alarm_under_lock.isra.0+0xae>
10003694:	701d      	strb	r5, [r3, #0]
10003696:	e7d8      	b.n	1000364a <add_alarm_under_lock.isra.0+0xae>
10003698:	0fffffff 	.word	0x0fffffff

1000369c <alarm_pool_alarm_callback>:
1000369c:	b5f0      	push	{r4, r5, r6, r7, lr}
1000369e:	46de      	mov	lr, fp
100036a0:	4657      	mov	r7, sl
100036a2:	464e      	mov	r6, r9
100036a4:	4645      	mov	r5, r8
100036a6:	2300      	movs	r3, #0
100036a8:	b5e0      	push	{r5, r6, r7, lr}
100036aa:	b08b      	sub	sp, #44	; 0x2c
100036ac:	9308      	str	r3, [sp, #32]
100036ae:	4b67      	ldr	r3, [pc, #412]	; (1000384c <alarm_pool_alarm_callback+0x1b0>)
100036b0:	0082      	lsls	r2, r0, #2
100036b2:	58d4      	ldr	r4, [r2, r3]
100036b4:	2300      	movs	r3, #0
100036b6:	469b      	mov	fp, r3
100036b8:	9009      	str	r0, [sp, #36]	; 0x24
100036ba:	f000 fb21 	bl	10003d00 <time_us_64>
100036be:	6862      	ldr	r2, [r4, #4]
100036c0:	0006      	movs	r6, r0
100036c2:	000f      	movs	r7, r1
100036c4:	f3ef 8510 	mrs	r5, PRIMASK
100036c8:	b672      	cpsid	i
100036ca:	6813      	ldr	r3, [r2, #0]
100036cc:	2b00      	cmp	r3, #0
100036ce:	d0fc      	beq.n	100036ca <alarm_pool_alarm_callback+0x2e>
100036d0:	f3bf 8f5f 	dmb	sy
100036d4:	6823      	ldr	r3, [r4, #0]
100036d6:	469c      	mov	ip, r3
100036d8:	7b5b      	ldrb	r3, [r3, #13]
100036da:	4699      	mov	r9, r3
100036dc:	2b00      	cmp	r3, #0
100036de:	d100      	bne.n	100036e2 <alarm_pool_alarm_callback+0x46>
100036e0:	e069      	b.n	100037b6 <alarm_pool_alarm_callback+0x11a>
100036e2:	68a2      	ldr	r2, [r4, #8]
100036e4:	4b5a      	ldr	r3, [pc, #360]	; (10003850 <alarm_pool_alarm_callback+0x1b4>)
100036e6:	4690      	mov	r8, r2
100036e8:	444b      	add	r3, r9
100036ea:	011b      	lsls	r3, r3, #4
100036ec:	4498      	add	r8, r3
100036ee:	4643      	mov	r3, r8
100036f0:	681a      	ldr	r2, [r3, #0]
100036f2:	685b      	ldr	r3, [r3, #4]
100036f4:	0010      	movs	r0, r2
100036f6:	0019      	movs	r1, r3
100036f8:	1b80      	subs	r0, r0, r6
100036fa:	41b9      	sbcs	r1, r7
100036fc:	2900      	cmp	r1, #0
100036fe:	dc00      	bgt.n	10003702 <alarm_pool_alarm_callback+0x66>
10003700:	e063      	b.n	100037ca <alarm_pool_alarm_callback+0x12e>
10003702:	9809      	ldr	r0, [sp, #36]	; 0x24
10003704:	f000 fb5c 	bl	10003dc0 <hardware_alarm_set_target>
10003708:	2300      	movs	r3, #0
1000370a:	2200      	movs	r2, #0
1000370c:	4698      	mov	r8, r3
1000370e:	2300      	movs	r3, #0
10003710:	9206      	str	r2, [sp, #24]
10003712:	9307      	str	r3, [sp, #28]
10003714:	2300      	movs	r3, #0
10003716:	469a      	mov	sl, r3
10003718:	6863      	ldr	r3, [r4, #4]
1000371a:	f3bf 8f5f 	dmb	sy
1000371e:	465a      	mov	r2, fp
10003720:	601a      	str	r2, [r3, #0]
10003722:	f385 8810 	msr	PRIMASK, r5
10003726:	4653      	mov	r3, sl
10003728:	2b00      	cmp	r3, #0
1000372a:	d108      	bne.n	1000373e <alarm_pool_alarm_callback+0xa2>
1000372c:	2800      	cmp	r0, #0
1000372e:	d1c4      	bne.n	100036ba <alarm_pool_alarm_callback+0x1e>
10003730:	b00b      	add	sp, #44	; 0x2c
10003732:	bcf0      	pop	{r4, r5, r6, r7}
10003734:	46bb      	mov	fp, r7
10003736:	46b2      	mov	sl, r6
10003738:	46a9      	mov	r9, r5
1000373a:	46a0      	mov	r8, r4
1000373c:	bdf0      	pop	{r4, r5, r6, r7, pc}
1000373e:	9b08      	ldr	r3, [sp, #32]
10003740:	4641      	mov	r1, r8
10003742:	0218      	lsls	r0, r3, #8
10003744:	464b      	mov	r3, r9
10003746:	4318      	orrs	r0, r3
10003748:	47d0      	blx	sl
1000374a:	6862      	ldr	r2, [r4, #4]
1000374c:	0006      	movs	r6, r0
1000374e:	000f      	movs	r7, r1
10003750:	f3ef 8510 	mrs	r5, PRIMASK
10003754:	b672      	cpsid	i
10003756:	6813      	ldr	r3, [r2, #0]
10003758:	2b00      	cmp	r3, #0
1000375a:	d0fc      	beq.n	10003756 <alarm_pool_alarm_callback+0xba>
1000375c:	f3bf 8f5f 	dmb	sy
10003760:	2f00      	cmp	r7, #0
10003762:	db50      	blt.n	10003806 <alarm_pool_alarm_callback+0x16a>
10003764:	0033      	movs	r3, r6
10003766:	433b      	orrs	r3, r7
10003768:	d002      	beq.n	10003770 <alarm_pool_alarm_callback+0xd4>
1000376a:	6923      	ldr	r3, [r4, #16]
1000376c:	2b00      	cmp	r3, #0
1000376e:	d161      	bne.n	10003834 <alarm_pool_alarm_callback+0x198>
10003770:	6823      	ldr	r3, [r4, #0]
10003772:	7bd9      	ldrb	r1, [r3, #15]
10003774:	2900      	cmp	r1, #0
10003776:	d007      	beq.n	10003788 <alarm_pool_alarm_callback+0xec>
10003778:	004a      	lsls	r2, r1, #1
1000377a:	1852      	adds	r2, r2, r1
1000377c:	6819      	ldr	r1, [r3, #0]
1000377e:	468c      	mov	ip, r1
10003780:	4649      	mov	r1, r9
10003782:	4462      	add	r2, ip
10003784:	3a03      	subs	r2, #3
10003786:	7051      	strb	r1, [r2, #1]
10003788:	7b9a      	ldrb	r2, [r3, #14]
1000378a:	2a00      	cmp	r2, #0
1000378c:	d101      	bne.n	10003792 <alarm_pool_alarm_callback+0xf6>
1000378e:	464a      	mov	r2, r9
10003790:	739a      	strb	r2, [r3, #14]
10003792:	464a      	mov	r2, r9
10003794:	73da      	strb	r2, [r3, #15]
10003796:	464b      	mov	r3, r9
10003798:	68e1      	ldr	r1, [r4, #12]
1000379a:	3b01      	subs	r3, #1
1000379c:	5cca      	ldrb	r2, [r1, r3]
1000379e:	3201      	adds	r2, #1
100037a0:	54ca      	strb	r2, [r1, r3]
100037a2:	465b      	mov	r3, fp
100037a4:	6123      	str	r3, [r4, #16]
100037a6:	6863      	ldr	r3, [r4, #4]
100037a8:	f3bf 8f5f 	dmb	sy
100037ac:	465a      	mov	r2, fp
100037ae:	601a      	str	r2, [r3, #0]
100037b0:	f385 8810 	msr	PRIMASK, r5
100037b4:	e781      	b.n	100036ba <alarm_pool_alarm_callback+0x1e>
100037b6:	2300      	movs	r3, #0
100037b8:	2200      	movs	r2, #0
100037ba:	4698      	mov	r8, r3
100037bc:	2300      	movs	r3, #0
100037be:	9206      	str	r2, [sp, #24]
100037c0:	9307      	str	r3, [sp, #28]
100037c2:	2300      	movs	r3, #0
100037c4:	2000      	movs	r0, #0
100037c6:	469a      	mov	sl, r3
100037c8:	e7a6      	b.n	10003718 <alarm_pool_alarm_callback+0x7c>
100037ca:	2900      	cmp	r1, #0
100037cc:	d102      	bne.n	100037d4 <alarm_pool_alarm_callback+0x138>
100037ce:	2800      	cmp	r0, #0
100037d0:	d000      	beq.n	100037d4 <alarm_pool_alarm_callback+0x138>
100037d2:	e796      	b.n	10003702 <alarm_pool_alarm_callback+0x66>
100037d4:	2100      	movs	r1, #0
100037d6:	4660      	mov	r0, ip
100037d8:	f000 fc94 	bl	10004104 <ph_remove_head>
100037dc:	4643      	mov	r3, r8
100037de:	681a      	ldr	r2, [r3, #0]
100037e0:	685b      	ldr	r3, [r3, #4]
100037e2:	9206      	str	r2, [sp, #24]
100037e4:	9307      	str	r3, [sp, #28]
100037e6:	4643      	mov	r3, r8
100037e8:	689b      	ldr	r3, [r3, #8]
100037ea:	469a      	mov	sl, r3
100037ec:	4643      	mov	r3, r8
100037ee:	68db      	ldr	r3, [r3, #12]
100037f0:	4698      	mov	r8, r3
100037f2:	68e3      	ldr	r3, [r4, #12]
100037f4:	444b      	add	r3, r9
100037f6:	3b01      	subs	r3, #1
100037f8:	781b      	ldrb	r3, [r3, #0]
100037fa:	9308      	str	r3, [sp, #32]
100037fc:	021b      	lsls	r3, r3, #8
100037fe:	4303      	orrs	r3, r0
10003800:	6123      	str	r3, [r4, #16]
10003802:	2000      	movs	r0, #0
10003804:	e788      	b.n	10003718 <alarm_pool_alarm_callback+0x7c>
10003806:	6923      	ldr	r3, [r4, #16]
10003808:	2b00      	cmp	r3, #0
1000380a:	d0b1      	beq.n	10003770 <alarm_pool_alarm_callback+0xd4>
1000380c:	9a06      	ldr	r2, [sp, #24]
1000380e:	9b07      	ldr	r3, [sp, #28]
10003810:	1b92      	subs	r2, r2, r6
10003812:	41bb      	sbcs	r3, r7
10003814:	2b00      	cmp	r3, #0
10003816:	db15      	blt.n	10003844 <alarm_pool_alarm_callback+0x1a8>
10003818:	4659      	mov	r1, fp
1000381a:	9104      	str	r1, [sp, #16]
1000381c:	2101      	movs	r1, #1
1000381e:	9103      	str	r1, [sp, #12]
10003820:	4649      	mov	r1, r9
10003822:	9102      	str	r1, [sp, #8]
10003824:	4641      	mov	r1, r8
10003826:	9101      	str	r1, [sp, #4]
10003828:	4651      	mov	r1, sl
1000382a:	0020      	movs	r0, r4
1000382c:	9100      	str	r1, [sp, #0]
1000382e:	f7ff feb5 	bl	1000359c <add_alarm_under_lock.isra.0>
10003832:	e7b6      	b.n	100037a2 <alarm_pool_alarm_callback+0x106>
10003834:	f000 fa64 	bl	10003d00 <time_us_64>
10003838:	0032      	movs	r2, r6
1000383a:	003b      	movs	r3, r7
1000383c:	1812      	adds	r2, r2, r0
1000383e:	414b      	adcs	r3, r1
10003840:	2b00      	cmp	r3, #0
10003842:	dae9      	bge.n	10003818 <alarm_pool_alarm_callback+0x17c>
10003844:	2201      	movs	r2, #1
10003846:	4b03      	ldr	r3, [pc, #12]	; (10003854 <alarm_pool_alarm_callback+0x1b8>)
10003848:	4252      	negs	r2, r2
1000384a:	e7e5      	b.n	10003818 <alarm_pool_alarm_callback+0x17c>
1000384c:	20002c14 	.word	0x20002c14
10003850:	0fffffff 	.word	0x0fffffff
10003854:	7fffffff 	.word	0x7fffffff

10003858 <alarm_pool_init_default>:
10003858:	b510      	push	{r4, lr}
1000385a:	4c14      	ldr	r4, [pc, #80]	; (100038ac <alarm_pool_init_default+0x54>)
1000385c:	6863      	ldr	r3, [r4, #4]
1000385e:	2b00      	cmp	r3, #0
10003860:	d004      	beq.n	1000386c <alarm_pool_init_default+0x14>
10003862:	210a      	movs	r1, #10
10003864:	4812      	ldr	r0, [pc, #72]	; (100038b0 <alarm_pool_init_default+0x58>)
10003866:	f7ff fe33 	bl	100034d0 <lock_init>
1000386a:	bd10      	pop	{r4, pc}
1000386c:	0023      	movs	r3, r4
1000386e:	4a11      	ldr	r2, [pc, #68]	; (100038b4 <alarm_pool_init_default+0x5c>)
10003870:	2110      	movs	r1, #16
10003872:	6820      	ldr	r0, [r4, #0]
10003874:	f000 fb60 	bl	10003f38 <ph_post_alloc_init>
10003878:	2003      	movs	r0, #3
1000387a:	f000 fa35 	bl	10003ce8 <hardware_alarm_claim>
1000387e:	2003      	movs	r0, #3
10003880:	f000 fb08 	bl	10003e94 <hardware_alarm_cancel>
10003884:	2003      	movs	r0, #3
10003886:	490c      	ldr	r1, [pc, #48]	; (100038b8 <alarm_pool_init_default+0x60>)
10003888:	f000 fa54 	bl	10003d34 <hardware_alarm_set_callback>
1000388c:	f7ff fb7c 	bl	10002f88 <next_striped_spin_lock_num>
10003890:	4b0a      	ldr	r3, [pc, #40]	; (100038bc <alarm_pool_init_default+0x64>)
10003892:	469c      	mov	ip, r3
10003894:	2303      	movs	r3, #3
10003896:	7523      	strb	r3, [r4, #20]
10003898:	23d0      	movs	r3, #208	; 0xd0
1000389a:	061b      	lsls	r3, r3, #24
1000389c:	681b      	ldr	r3, [r3, #0]
1000389e:	4460      	add	r0, ip
100038a0:	7563      	strb	r3, [r4, #21]
100038a2:	4b07      	ldr	r3, [pc, #28]	; (100038c0 <alarm_pool_init_default+0x68>)
100038a4:	0080      	lsls	r0, r0, #2
100038a6:	6060      	str	r0, [r4, #4]
100038a8:	60dc      	str	r4, [r3, #12]
100038aa:	e7da      	b.n	10003862 <alarm_pool_init_default+0xa>
100038ac:	20000f98 	.word	0x20000f98
100038b0:	20002c28 	.word	0x20002c28
100038b4:	10003539 	.word	0x10003539
100038b8:	1000369d 	.word	0x1000369d
100038bc:	34000040 	.word	0x34000040
100038c0:	20002c14 	.word	0x20002c14

100038c4 <alarm_pool_add_alarm_at>:
100038c4:	b5f0      	push	{r4, r5, r6, r7, lr}
100038c6:	464e      	mov	r6, r9
100038c8:	4645      	mov	r5, r8
100038ca:	46de      	mov	lr, fp
100038cc:	4657      	mov	r7, sl
100038ce:	b5e0      	push	{r5, r6, r7, lr}
100038d0:	b085      	sub	sp, #20
100038d2:	9301      	str	r3, [sp, #4]
100038d4:	ab10      	add	r3, sp, #64	; 0x40
100038d6:	781b      	ldrb	r3, [r3, #0]
100038d8:	0006      	movs	r6, r0
100038da:	9303      	str	r3, [sp, #12]
100038dc:	2300      	movs	r3, #0
100038de:	4699      	mov	r9, r3
100038e0:	4698      	mov	r8, r3
100038e2:	9200      	str	r2, [sp, #0]
100038e4:	6872      	ldr	r2, [r6, #4]
100038e6:	f3ef 8b10 	mrs	fp, PRIMASK
100038ea:	b672      	cpsid	i
100038ec:	6813      	ldr	r3, [r2, #0]
100038ee:	2b00      	cmp	r3, #0
100038f0:	d0fc      	beq.n	100038ec <alarm_pool_add_alarm_at+0x28>
100038f2:	f3bf 8f5f 	dmb	sy
100038f6:	6835      	ldr	r5, [r6, #0]
100038f8:	7bac      	ldrb	r4, [r5, #14]
100038fa:	2c00      	cmp	r4, #0
100038fc:	d03d      	beq.n	1000397a <alarm_pool_add_alarm_at+0xb6>
100038fe:	0067      	lsls	r7, r4, #1
10003900:	682b      	ldr	r3, [r5, #0]
10003902:	193f      	adds	r7, r7, r4
10003904:	3f03      	subs	r7, #3
10003906:	19db      	adds	r3, r3, r7
10003908:	785a      	ldrb	r2, [r3, #1]
1000390a:	73aa      	strb	r2, [r5, #14]
1000390c:	2a00      	cmp	r2, #0
1000390e:	d100      	bne.n	10003912 <alarm_pool_add_alarm_at+0x4e>
10003910:	73ea      	strb	r2, [r5, #15]
10003912:	68b1      	ldr	r1, [r6, #8]
10003914:	4a47      	ldr	r2, [pc, #284]	; (10003a34 <alarm_pool_add_alarm_at+0x170>)
10003916:	468c      	mov	ip, r1
10003918:	9800      	ldr	r0, [sp, #0]
1000391a:	9901      	ldr	r1, [sp, #4]
1000391c:	18a2      	adds	r2, r4, r2
1000391e:	0112      	lsls	r2, r2, #4
10003920:	4462      	add	r2, ip
10003922:	6010      	str	r0, [r2, #0]
10003924:	6051      	str	r1, [r2, #4]
10003926:	990e      	ldr	r1, [sp, #56]	; 0x38
10003928:	6091      	str	r1, [r2, #8]
1000392a:	990f      	ldr	r1, [sp, #60]	; 0x3c
1000392c:	60d1      	str	r1, [r2, #12]
1000392e:	4642      	mov	r2, r8
10003930:	709a      	strb	r2, [r3, #2]
10003932:	705a      	strb	r2, [r3, #1]
10003934:	701a      	strb	r2, [r3, #0]
10003936:	7b6b      	ldrb	r3, [r5, #13]
10003938:	469a      	mov	sl, r3
1000393a:	2b00      	cmp	r3, #0
1000393c:	d067      	beq.n	10003a0e <alarm_pool_add_alarm_at+0x14a>
1000393e:	0022      	movs	r2, r4
10003940:	0019      	movs	r1, r3
10003942:	68a8      	ldr	r0, [r5, #8]
10003944:	686b      	ldr	r3, [r5, #4]
10003946:	4798      	blx	r3
10003948:	682a      	ldr	r2, [r5, #0]
1000394a:	2800      	cmp	r0, #0
1000394c:	d052      	beq.n	100039f4 <alarm_pool_add_alarm_at+0x130>
1000394e:	4653      	mov	r3, sl
10003950:	4650      	mov	r0, sl
10003952:	005b      	lsls	r3, r3, #1
10003954:	4453      	add	r3, sl
10003956:	19d7      	adds	r7, r2, r7
10003958:	3b03      	subs	r3, #3
1000395a:	70b8      	strb	r0, [r7, #2]
1000395c:	18d1      	adds	r1, r2, r3
1000395e:	5cd3      	ldrb	r3, [r2, r3]
10003960:	2b00      	cmp	r3, #0
10003962:	d000      	beq.n	10003966 <alarm_pool_add_alarm_at+0xa2>
10003964:	707b      	strb	r3, [r7, #1]
10003966:	4653      	mov	r3, sl
10003968:	700c      	strb	r4, [r1, #0]
1000396a:	736b      	strb	r3, [r5, #13]
1000396c:	4554      	cmp	r4, sl
1000396e:	d04f      	beq.n	10003a10 <alarm_pool_add_alarm_at+0x14c>
10003970:	68f3      	ldr	r3, [r6, #12]
10003972:	191b      	adds	r3, r3, r4
10003974:	3b01      	subs	r3, #1
10003976:	7818      	ldrb	r0, [r3, #0]
10003978:	e000      	b.n	1000397c <alarm_pool_add_alarm_at+0xb8>
1000397a:	2000      	movs	r0, #0
1000397c:	6873      	ldr	r3, [r6, #4]
1000397e:	f3bf 8f5f 	dmb	sy
10003982:	4642      	mov	r2, r8
10003984:	601a      	str	r2, [r3, #0]
10003986:	f38b 8810 	msr	PRIMASK, fp
1000398a:	2c00      	cmp	r4, #0
1000398c:	d04f      	beq.n	10003a2e <alarm_pool_add_alarm_at+0x16a>
1000398e:	464b      	mov	r3, r9
10003990:	2b00      	cmp	r3, #0
10003992:	d108      	bne.n	100039a6 <alarm_pool_add_alarm_at+0xe2>
10003994:	0200      	lsls	r0, r0, #8
10003996:	4320      	orrs	r0, r4
10003998:	b005      	add	sp, #20
1000399a:	bcf0      	pop	{r4, r5, r6, r7}
1000399c:	46bb      	mov	fp, r7
1000399e:	46b2      	mov	sl, r6
100039a0:	46a9      	mov	r9, r5
100039a2:	46a0      	mov	r8, r4
100039a4:	bdf0      	pop	{r4, r5, r6, r7, pc}
100039a6:	9b03      	ldr	r3, [sp, #12]
100039a8:	2b00      	cmp	r3, #0
100039aa:	d03e      	beq.n	10003a2a <alarm_pool_add_alarm_at+0x166>
100039ac:	9b0e      	ldr	r3, [sp, #56]	; 0x38
100039ae:	2000      	movs	r0, #0
100039b0:	990f      	ldr	r1, [sp, #60]	; 0x3c
100039b2:	4798      	blx	r3
100039b4:	0003      	movs	r3, r0
100039b6:	0004      	movs	r4, r0
100039b8:	000d      	movs	r5, r1
100039ba:	430b      	orrs	r3, r1
100039bc:	d035      	beq.n	10003a2a <alarm_pool_add_alarm_at+0x166>
100039be:	2900      	cmp	r1, #0
100039c0:	da0a      	bge.n	100039d8 <alarm_pool_add_alarm_at+0x114>
100039c2:	9a00      	ldr	r2, [sp, #0]
100039c4:	9b01      	ldr	r3, [sp, #4]
100039c6:	1b12      	subs	r2, r2, r4
100039c8:	41ab      	sbcs	r3, r5
100039ca:	9200      	str	r2, [sp, #0]
100039cc:	9301      	str	r3, [sp, #4]
100039ce:	2b00      	cmp	r3, #0
100039d0:	db0a      	blt.n	100039e8 <alarm_pool_add_alarm_at+0x124>
100039d2:	9b03      	ldr	r3, [sp, #12]
100039d4:	4699      	mov	r9, r3
100039d6:	e785      	b.n	100038e4 <alarm_pool_add_alarm_at+0x20>
100039d8:	f000 f992 	bl	10003d00 <time_us_64>
100039dc:	1824      	adds	r4, r4, r0
100039de:	414d      	adcs	r5, r1
100039e0:	9400      	str	r4, [sp, #0]
100039e2:	9501      	str	r5, [sp, #4]
100039e4:	2d00      	cmp	r5, #0
100039e6:	daf4      	bge.n	100039d2 <alarm_pool_add_alarm_at+0x10e>
100039e8:	2301      	movs	r3, #1
100039ea:	4c13      	ldr	r4, [pc, #76]	; (10003a38 <alarm_pool_add_alarm_at+0x174>)
100039ec:	425b      	negs	r3, r3
100039ee:	9300      	str	r3, [sp, #0]
100039f0:	9401      	str	r4, [sp, #4]
100039f2:	e7ee      	b.n	100039d2 <alarm_pool_add_alarm_at+0x10e>
100039f4:	4653      	mov	r3, sl
100039f6:	005b      	lsls	r3, r3, #1
100039f8:	4453      	add	r3, sl
100039fa:	3b03      	subs	r3, #3
100039fc:	18d3      	adds	r3, r2, r3
100039fe:	709c      	strb	r4, [r3, #2]
10003a00:	19d1      	adds	r1, r2, r7
10003a02:	5dd2      	ldrb	r2, [r2, r7]
10003a04:	2a00      	cmp	r2, #0
10003a06:	d000      	beq.n	10003a0a <alarm_pool_add_alarm_at+0x146>
10003a08:	705a      	strb	r2, [r3, #1]
10003a0a:	4653      	mov	r3, sl
10003a0c:	700b      	strb	r3, [r1, #0]
10003a0e:	736c      	strb	r4, [r5, #13]
10003a10:	7d30      	ldrb	r0, [r6, #20]
10003a12:	9a00      	ldr	r2, [sp, #0]
10003a14:	9b01      	ldr	r3, [sp, #4]
10003a16:	f000 f9d3 	bl	10003dc0 <hardware_alarm_set_target>
10003a1a:	4681      	mov	r9, r0
10003a1c:	2800      	cmp	r0, #0
10003a1e:	d0a7      	beq.n	10003970 <alarm_pool_add_alarm_at+0xac>
10003a20:	0021      	movs	r1, r4
10003a22:	6830      	ldr	r0, [r6, #0]
10003a24:	f000 fbf0 	bl	10004208 <ph_remove_and_free_node>
10003a28:	e7a2      	b.n	10003970 <alarm_pool_add_alarm_at+0xac>
10003a2a:	2000      	movs	r0, #0
10003a2c:	e7b4      	b.n	10003998 <alarm_pool_add_alarm_at+0xd4>
10003a2e:	2001      	movs	r0, #1
10003a30:	4240      	negs	r0, r0
10003a32:	e7b1      	b.n	10003998 <alarm_pool_add_alarm_at+0xd4>
10003a34:	0fffffff 	.word	0x0fffffff
10003a38:	7fffffff 	.word	0x7fffffff

10003a3c <sleep_until>:
10003a3c:	b5f0      	push	{r4, r5, r6, r7, lr}
10003a3e:	0004      	movs	r4, r0
10003a40:	000d      	movs	r5, r1
10003a42:	2606      	movs	r6, #6
10003a44:	4276      	negs	r6, r6
10003a46:	17f7      	asrs	r7, r6, #31
10003a48:	46c6      	mov	lr, r8
10003a4a:	1936      	adds	r6, r6, r4
10003a4c:	416f      	adcs	r7, r5
10003a4e:	b500      	push	{lr}
10003a50:	b084      	sub	sp, #16
10003a52:	428f      	cmp	r7, r1
10003a54:	d814      	bhi.n	10003a80 <sleep_until+0x44>
10003a56:	d011      	beq.n	10003a7c <sleep_until+0x40>
10003a58:	f000 f952 	bl	10003d00 <time_us_64>
10003a5c:	0032      	movs	r2, r6
10003a5e:	003b      	movs	r3, r7
10003a60:	1a12      	subs	r2, r2, r0
10003a62:	418b      	sbcs	r3, r1
10003a64:	2b00      	cmp	r3, #0
10003a66:	dc15      	bgt.n	10003a94 <sleep_until+0x58>
10003a68:	2b00      	cmp	r3, #0
10003a6a:	d03e      	beq.n	10003aea <sleep_until+0xae>
10003a6c:	0020      	movs	r0, r4
10003a6e:	0029      	movs	r1, r5
10003a70:	f000 f950 	bl	10003d14 <busy_wait_until>
10003a74:	b004      	add	sp, #16
10003a76:	bc80      	pop	{r7}
10003a78:	46b8      	mov	r8, r7
10003a7a:	bdf0      	pop	{r4, r5, r6, r7, pc}
10003a7c:	4286      	cmp	r6, r0
10003a7e:	d9eb      	bls.n	10003a58 <sleep_until+0x1c>
10003a80:	2600      	movs	r6, #0
10003a82:	2700      	movs	r7, #0
10003a84:	f000 f93c 	bl	10003d00 <time_us_64>
10003a88:	0032      	movs	r2, r6
10003a8a:	003b      	movs	r3, r7
10003a8c:	1a12      	subs	r2, r2, r0
10003a8e:	418b      	sbcs	r3, r1
10003a90:	2b00      	cmp	r3, #0
10003a92:	dde9      	ble.n	10003a68 <sleep_until+0x2c>
10003a94:	2300      	movs	r3, #0
10003a96:	9302      	str	r3, [sp, #8]
10003a98:	9301      	str	r3, [sp, #4]
10003a9a:	4b15      	ldr	r3, [pc, #84]	; (10003af0 <sleep_until+0xb4>)
10003a9c:	0032      	movs	r2, r6
10003a9e:	9300      	str	r3, [sp, #0]
10003aa0:	4814      	ldr	r0, [pc, #80]	; (10003af4 <sleep_until+0xb8>)
10003aa2:	003b      	movs	r3, r7
10003aa4:	f7ff ff0e 	bl	100038c4 <alarm_pool_add_alarm_at>
10003aa8:	2800      	cmp	r0, #0
10003aaa:	dbdf      	blt.n	10003a6c <sleep_until+0x30>
10003aac:	2300      	movs	r3, #0
10003aae:	4698      	mov	r8, r3
10003ab0:	46bc      	mov	ip, r7
10003ab2:	4a11      	ldr	r2, [pc, #68]	; (10003af8 <sleep_until+0xbc>)
10003ab4:	4f11      	ldr	r7, [pc, #68]	; (10003afc <sleep_until+0xc0>)
10003ab6:	6a7b      	ldr	r3, [r7, #36]	; 0x24
10003ab8:	459c      	cmp	ip, r3
10003aba:	d804      	bhi.n	10003ac6 <sleep_until+0x8a>
10003abc:	6ab9      	ldr	r1, [r7, #40]	; 0x28
10003abe:	428e      	cmp	r6, r1
10003ac0:	d9d4      	bls.n	10003a6c <sleep_until+0x30>
10003ac2:	459c      	cmp	ip, r3
10003ac4:	d1d2      	bne.n	10003a6c <sleep_until+0x30>
10003ac6:	6811      	ldr	r1, [r2, #0]
10003ac8:	f3ef 8010 	mrs	r0, PRIMASK
10003acc:	b672      	cpsid	i
10003ace:	680b      	ldr	r3, [r1, #0]
10003ad0:	2b00      	cmp	r3, #0
10003ad2:	d0fc      	beq.n	10003ace <sleep_until+0x92>
10003ad4:	f3bf 8f5f 	dmb	sy
10003ad8:	6813      	ldr	r3, [r2, #0]
10003ada:	f3bf 8f5f 	dmb	sy
10003ade:	4641      	mov	r1, r8
10003ae0:	6019      	str	r1, [r3, #0]
10003ae2:	f380 8810 	msr	PRIMASK, r0
10003ae6:	bf20      	wfe
10003ae8:	e7e5      	b.n	10003ab6 <sleep_until+0x7a>
10003aea:	2a00      	cmp	r2, #0
10003aec:	d0be      	beq.n	10003a6c <sleep_until+0x30>
10003aee:	e7d1      	b.n	10003a94 <sleep_until+0x58>
10003af0:	1000356d 	.word	0x1000356d
10003af4:	20000f98 	.word	0x20000f98
10003af8:	20002c28 	.word	0x20002c28
10003afc:	40054000 	.word	0x40054000

10003b00 <sleep_us>:
10003b00:	b570      	push	{r4, r5, r6, lr}
10003b02:	0004      	movs	r4, r0
10003b04:	000d      	movs	r5, r1
10003b06:	f000 f8fb 	bl	10003d00 <time_us_64>
10003b0a:	1900      	adds	r0, r0, r4
10003b0c:	4169      	adcs	r1, r5
10003b0e:	2900      	cmp	r1, #0
10003b10:	db02      	blt.n	10003b18 <sleep_us+0x18>
10003b12:	f7ff ff93 	bl	10003a3c <sleep_until>
10003b16:	bd70      	pop	{r4, r5, r6, pc}
10003b18:	2001      	movs	r0, #1
10003b1a:	4901      	ldr	r1, [pc, #4]	; (10003b20 <sleep_us+0x20>)
10003b1c:	4240      	negs	r0, r0
10003b1e:	e7f8      	b.n	10003b12 <sleep_us+0x12>
10003b20:	7fffffff 	.word	0x7fffffff

10003b24 <sleep_ms>:
10003b24:	b570      	push	{r4, r5, r6, lr}
10003b26:	0006      	movs	r6, r0
10003b28:	f000 f8ea 	bl	10003d00 <time_us_64>
10003b2c:	22fa      	movs	r2, #250	; 0xfa
10003b2e:	0004      	movs	r4, r0
10003b30:	000d      	movs	r5, r1
10003b32:	2300      	movs	r3, #0
10003b34:	0030      	movs	r0, r6
10003b36:	2100      	movs	r1, #0
10003b38:	0092      	lsls	r2, r2, #2
10003b3a:	f002 ffc7 	bl	10006acc <__wrap___aeabi_lmul>
10003b3e:	1900      	adds	r0, r0, r4
10003b40:	4169      	adcs	r1, r5
10003b42:	2900      	cmp	r1, #0
10003b44:	db02      	blt.n	10003b4c <sleep_ms+0x28>
10003b46:	f7ff ff79 	bl	10003a3c <sleep_until>
10003b4a:	bd70      	pop	{r4, r5, r6, pc}
10003b4c:	2001      	movs	r0, #1
10003b4e:	4901      	ldr	r1, [pc, #4]	; (10003b54 <sleep_ms+0x30>)
10003b50:	4240      	negs	r0, r0
10003b52:	e7f8      	b.n	10003b46 <sleep_ms+0x22>
10003b54:	7fffffff 	.word	0x7fffffff

10003b58 <best_effort_wfe_or_timeout>:
10003b58:	b5f0      	push	{r4, r5, r6, r7, lr}
10003b5a:	f3ef 8305 	mrs	r3, IPSR
10003b5e:	46ce      	mov	lr, r9
10003b60:	4647      	mov	r7, r8
10003b62:	b580      	push	{r7, lr}
10003b64:	0005      	movs	r5, r0
10003b66:	000c      	movs	r4, r1
10003b68:	b085      	sub	sp, #20
10003b6a:	2b00      	cmp	r3, #0
10003b6c:	d012      	beq.n	10003b94 <best_effort_wfe_or_timeout+0x3c>
10003b6e:	4a2c      	ldr	r2, [pc, #176]	; (10003c20 <best_effort_wfe_or_timeout+0xc8>)
10003b70:	2000      	movs	r0, #0
10003b72:	6a53      	ldr	r3, [r2, #36]	; 0x24
10003b74:	429c      	cmp	r4, r3
10003b76:	d803      	bhi.n	10003b80 <best_effort_wfe_or_timeout+0x28>
10003b78:	6a92      	ldr	r2, [r2, #40]	; 0x28
10003b7a:	3001      	adds	r0, #1
10003b7c:	42aa      	cmp	r2, r5
10003b7e:	d304      	bcc.n	10003b8a <best_effort_wfe_or_timeout+0x32>
10003b80:	b005      	add	sp, #20
10003b82:	bcc0      	pop	{r6, r7}
10003b84:	46b9      	mov	r9, r7
10003b86:	46b0      	mov	r8, r6
10003b88:	bdf0      	pop	{r4, r5, r6, r7, pc}
10003b8a:	1ae0      	subs	r0, r4, r3
10003b8c:	1e42      	subs	r2, r0, #1
10003b8e:	4190      	sbcs	r0, r2
10003b90:	b2c0      	uxtb	r0, r0
10003b92:	e7f5      	b.n	10003b80 <best_effort_wfe_or_timeout+0x28>
10003b94:	4e23      	ldr	r6, [pc, #140]	; (10003c24 <best_effort_wfe_or_timeout+0xcc>)
10003b96:	9302      	str	r3, [sp, #8]
10003b98:	9301      	str	r3, [sp, #4]
10003b9a:	4b23      	ldr	r3, [pc, #140]	; (10003c28 <best_effort_wfe_or_timeout+0xd0>)
10003b9c:	0002      	movs	r2, r0
10003b9e:	9300      	str	r3, [sp, #0]
10003ba0:	0030      	movs	r0, r6
10003ba2:	000b      	movs	r3, r1
10003ba4:	f7ff fe8e 	bl	100038c4 <alarm_pool_add_alarm_at>
10003ba8:	1e03      	subs	r3, r0, #0
10003baa:	dde0      	ble.n	10003b6e <best_effort_wfe_or_timeout+0x16>
10003bac:	bf20      	wfe
10003bae:	6871      	ldr	r1, [r6, #4]
10003bb0:	f3ef 8710 	mrs	r7, PRIMASK
10003bb4:	b672      	cpsid	i
10003bb6:	680a      	ldr	r2, [r1, #0]
10003bb8:	2a00      	cmp	r2, #0
10003bba:	d0fc      	beq.n	10003bb6 <best_effort_wfe_or_timeout+0x5e>
10003bbc:	f3bf 8f5f 	dmb	sy
10003bc0:	b2da      	uxtb	r2, r3
10003bc2:	4694      	mov	ip, r2
10003bc4:	6830      	ldr	r0, [r6, #0]
10003bc6:	7b42      	ldrb	r2, [r0, #13]
10003bc8:	4562      	cmp	r2, ip
10003bca:	d01d      	beq.n	10003c08 <best_effort_wfe_or_timeout+0xb0>
10003bcc:	22ff      	movs	r2, #255	; 0xff
10003bce:	401a      	ands	r2, r3
10003bd0:	0051      	lsls	r1, r2, #1
10003bd2:	4689      	mov	r9, r1
10003bd4:	6801      	ldr	r1, [r0, #0]
10003bd6:	4491      	add	r9, r2
10003bd8:	4688      	mov	r8, r1
10003bda:	4649      	mov	r1, r9
10003bdc:	4441      	add	r1, r8
10003bde:	3903      	subs	r1, #3
10003be0:	7889      	ldrb	r1, [r1, #2]
10003be2:	2900      	cmp	r1, #0
10003be4:	d013      	beq.n	10003c0e <best_effort_wfe_or_timeout+0xb6>
10003be6:	68f1      	ldr	r1, [r6, #12]
10003be8:	0a1b      	lsrs	r3, r3, #8
10003bea:	4688      	mov	r8, r1
10003bec:	4442      	add	r2, r8
10003bee:	3a01      	subs	r2, #1
10003bf0:	7812      	ldrb	r2, [r2, #0]
10003bf2:	b2db      	uxtb	r3, r3
10003bf4:	429a      	cmp	r2, r3
10003bf6:	d00f      	beq.n	10003c18 <best_effort_wfe_or_timeout+0xc0>
10003bf8:	6873      	ldr	r3, [r6, #4]
10003bfa:	f3bf 8f5f 	dmb	sy
10003bfe:	2200      	movs	r2, #0
10003c00:	601a      	str	r2, [r3, #0]
10003c02:	f387 8810 	msr	PRIMASK, r7
10003c06:	e7b2      	b.n	10003b6e <best_effort_wfe_or_timeout+0x16>
10003c08:	22ff      	movs	r2, #255	; 0xff
10003c0a:	401a      	ands	r2, r3
10003c0c:	e7eb      	b.n	10003be6 <best_effort_wfe_or_timeout+0x8e>
10003c0e:	6932      	ldr	r2, [r6, #16]
10003c10:	4293      	cmp	r3, r2
10003c12:	d1f1      	bne.n	10003bf8 <best_effort_wfe_or_timeout+0xa0>
10003c14:	6131      	str	r1, [r6, #16]
10003c16:	e7ef      	b.n	10003bf8 <best_effort_wfe_or_timeout+0xa0>
10003c18:	4661      	mov	r1, ip
10003c1a:	f000 faf5 	bl	10004208 <ph_remove_and_free_node>
10003c1e:	e7eb      	b.n	10003bf8 <best_effort_wfe_or_timeout+0xa0>
10003c20:	40054000 	.word	0x40054000
10003c24:	20000f98 	.word	0x20000f98
10003c28:	1000356d 	.word	0x1000356d

10003c2c <hardware_alarm_irq_handler>:
10003c2c:	b5f0      	push	{r4, r5, r6, r7, lr}
10003c2e:	f3ef 8205 	mrs	r2, IPSR
10003c32:	46d6      	mov	lr, sl
10003c34:	464f      	mov	r7, r9
10003c36:	4646      	mov	r6, r8
10003c38:	0010      	movs	r0, r2
10003c3a:	b5c0      	push	{r6, r7, lr}
10003c3c:	3810      	subs	r0, #16
10003c3e:	f3ef 8810 	mrs	r8, PRIMASK
10003c42:	b672      	cpsid	i
10003c44:	4c21      	ldr	r4, [pc, #132]	; (10003ccc <hardware_alarm_irq_handler+0xa0>)
10003c46:	6823      	ldr	r3, [r4, #0]
10003c48:	2b00      	cmp	r3, #0
10003c4a:	d0fc      	beq.n	10003c46 <hardware_alarm_irq_handler+0x1a>
10003c4c:	f3bf 8f5f 	dmb	sy
10003c50:	2301      	movs	r3, #1
10003c52:	0019      	movs	r1, r3
10003c54:	4081      	lsls	r1, r0
10003c56:	4d1e      	ldr	r5, [pc, #120]	; (10003cd0 <hardware_alarm_irq_handler+0xa4>)
10003c58:	001f      	movs	r7, r3
10003c5a:	6369      	str	r1, [r5, #52]	; 0x34
10003c5c:	46aa      	mov	sl, r5
10003c5e:	4d1d      	ldr	r5, [pc, #116]	; (10003cd4 <hardware_alarm_irq_handler+0xa8>)
10003c60:	6029      	str	r1, [r5, #0]
10003c62:	4d1d      	ldr	r5, [pc, #116]	; (10003cd8 <hardware_alarm_irq_handler+0xac>)
10003c64:	782e      	ldrb	r6, [r5, #0]
10003c66:	46ac      	mov	ip, r5
10003c68:	0035      	movs	r5, r6
10003c6a:	40c5      	lsrs	r5, r0
10003c6c:	402f      	ands	r7, r5
10003c6e:	422b      	tst	r3, r5
10003c70:	d109      	bne.n	10003c86 <hardware_alarm_irq_handler+0x5a>
10003c72:	f3bf 8f5f 	dmb	sy
10003c76:	6027      	str	r7, [r4, #0]
10003c78:	f388 8810 	msr	PRIMASK, r8
10003c7c:	bce0      	pop	{r5, r6, r7}
10003c7e:	46ba      	mov	sl, r7
10003c80:	46b1      	mov	r9, r6
10003c82:	46a8      	mov	r8, r5
10003c84:	bdf0      	pop	{r4, r5, r6, r7, pc}
10003c86:	4653      	mov	r3, sl
10003c88:	4d14      	ldr	r5, [pc, #80]	; (10003cdc <hardware_alarm_irq_handler+0xb0>)
10003c8a:	6a5f      	ldr	r7, [r3, #36]	; 0x24
10003c8c:	0083      	lsls	r3, r0, #2
10003c8e:	595d      	ldr	r5, [r3, r5]
10003c90:	42af      	cmp	r7, r5
10003c92:	d30e      	bcc.n	10003cb2 <hardware_alarm_irq_handler+0x86>
10003c94:	4a12      	ldr	r2, [pc, #72]	; (10003ce0 <hardware_alarm_irq_handler+0xb4>)
10003c96:	438e      	bics	r6, r1
10003c98:	589b      	ldr	r3, [r3, r2]
10003c9a:	4662      	mov	r2, ip
10003c9c:	7016      	strb	r6, [r2, #0]
10003c9e:	f3bf 8f5f 	dmb	sy
10003ca2:	2200      	movs	r2, #0
10003ca4:	6022      	str	r2, [r4, #0]
10003ca6:	f388 8810 	msr	PRIMASK, r8
10003caa:	2b00      	cmp	r3, #0
10003cac:	d0e6      	beq.n	10003c7c <hardware_alarm_irq_handler+0x50>
10003cae:	4798      	blx	r3
10003cb0:	e7e4      	b.n	10003c7c <hardware_alarm_irq_handler+0x50>
10003cb2:	4b0c      	ldr	r3, [pc, #48]	; (10003ce4 <hardware_alarm_irq_handler+0xb8>)
10003cb4:	0092      	lsls	r2, r2, #2
10003cb6:	469c      	mov	ip, r3
10003cb8:	4462      	add	r2, ip
10003cba:	6813      	ldr	r3, [r2, #0]
10003cbc:	6013      	str	r3, [r2, #0]
10003cbe:	f3bf 8f5f 	dmb	sy
10003cc2:	2300      	movs	r3, #0
10003cc4:	6023      	str	r3, [r4, #0]
10003cc6:	f388 8810 	msr	PRIMASK, r8
10003cca:	e7d7      	b.n	10003c7c <hardware_alarm_irq_handler+0x50>
10003ccc:	d0000128 	.word	0xd0000128
10003cd0:	40054000 	.word	0x40054000
10003cd4:	4005703c 	.word	0x4005703c
10003cd8:	20002c45 	.word	0x20002c45
10003cdc:	20002c2c 	.word	0x20002c2c
10003ce0:	20002680 	.word	0x20002680
10003ce4:	40053fd0 	.word	0x40053fd0

10003ce8 <hardware_alarm_claim>:
10003ce8:	b510      	push	{r4, lr}
10003cea:	0001      	movs	r1, r0
10003cec:	4a02      	ldr	r2, [pc, #8]	; (10003cf8 <hardware_alarm_claim+0x10>)
10003cee:	4803      	ldr	r0, [pc, #12]	; (10003cfc <hardware_alarm_claim+0x14>)
10003cf0:	f7ff f8cc 	bl	10002e8c <hw_claim_or_assert>
10003cf4:	bd10      	pop	{r4, pc}
10003cf6:	46c0      	nop			; (mov r8, r8)
10003cf8:	1000a2d0 	.word	0x1000a2d0
10003cfc:	20002c42 	.word	0x20002c42

10003d00 <time_us_64>:
10003d00:	4b03      	ldr	r3, [pc, #12]	; (10003d10 <time_us_64+0x10>)
10003d02:	6a59      	ldr	r1, [r3, #36]	; 0x24
10003d04:	000a      	movs	r2, r1
10003d06:	6a98      	ldr	r0, [r3, #40]	; 0x28
10003d08:	6a59      	ldr	r1, [r3, #36]	; 0x24
10003d0a:	428a      	cmp	r2, r1
10003d0c:	d1fa      	bne.n	10003d04 <time_us_64+0x4>
10003d0e:	4770      	bx	lr
10003d10:	40054000 	.word	0x40054000

10003d14 <busy_wait_until>:
10003d14:	4a06      	ldr	r2, [pc, #24]	; (10003d30 <busy_wait_until+0x1c>)
10003d16:	6a53      	ldr	r3, [r2, #36]	; 0x24
10003d18:	4299      	cmp	r1, r3
10003d1a:	d8fc      	bhi.n	10003d16 <busy_wait_until+0x2>
10003d1c:	d107      	bne.n	10003d2e <busy_wait_until+0x1a>
10003d1e:	4b04      	ldr	r3, [pc, #16]	; (10003d30 <busy_wait_until+0x1c>)
10003d20:	e002      	b.n	10003d28 <busy_wait_until+0x14>
10003d22:	6a5a      	ldr	r2, [r3, #36]	; 0x24
10003d24:	4291      	cmp	r1, r2
10003d26:	d102      	bne.n	10003d2e <busy_wait_until+0x1a>
10003d28:	6a9a      	ldr	r2, [r3, #40]	; 0x28
10003d2a:	4282      	cmp	r2, r0
10003d2c:	d3f9      	bcc.n	10003d22 <busy_wait_until+0xe>
10003d2e:	4770      	bx	lr
10003d30:	40054000 	.word	0x40054000

10003d34 <hardware_alarm_set_callback>:
10003d34:	b570      	push	{r4, r5, r6, lr}
10003d36:	0004      	movs	r4, r0
10003d38:	000d      	movs	r5, r1
10003d3a:	f3ef 8610 	mrs	r6, PRIMASK
10003d3e:	b672      	cpsid	i
10003d40:	4a1a      	ldr	r2, [pc, #104]	; (10003dac <hardware_alarm_set_callback+0x78>)
10003d42:	6813      	ldr	r3, [r2, #0]
10003d44:	2b00      	cmp	r3, #0
10003d46:	d0fc      	beq.n	10003d42 <hardware_alarm_set_callback+0xe>
10003d48:	f3bf 8f5f 	dmb	sy
10003d4c:	2d00      	cmp	r5, #0
10003d4e:	d01b      	beq.n	10003d88 <hardware_alarm_set_callback+0x54>
10003d50:	0020      	movs	r0, r4
10003d52:	f7ff f953 	bl	10002ffc <irq_get_vtable_handler>
10003d56:	4916      	ldr	r1, [pc, #88]	; (10003db0 <hardware_alarm_set_callback+0x7c>)
10003d58:	4281      	cmp	r1, r0
10003d5a:	d00a      	beq.n	10003d72 <hardware_alarm_set_callback+0x3e>
10003d5c:	0020      	movs	r0, r4
10003d5e:	f7ff f955 	bl	1000300c <irq_set_exclusive_handler>
10003d62:	2101      	movs	r1, #1
10003d64:	0020      	movs	r0, r4
10003d66:	f7ff f92b 	bl	10002fc0 <irq_set_enabled>
10003d6a:	2301      	movs	r3, #1
10003d6c:	40a3      	lsls	r3, r4
10003d6e:	4a11      	ldr	r2, [pc, #68]	; (10003db4 <hardware_alarm_set_callback+0x80>)
10003d70:	6013      	str	r3, [r2, #0]
10003d72:	4b11      	ldr	r3, [pc, #68]	; (10003db8 <hardware_alarm_set_callback+0x84>)
10003d74:	00a4      	lsls	r4, r4, #2
10003d76:	50e5      	str	r5, [r4, r3]
10003d78:	f3bf 8f5f 	dmb	sy
10003d7c:	2200      	movs	r2, #0
10003d7e:	4b0b      	ldr	r3, [pc, #44]	; (10003dac <hardware_alarm_set_callback+0x78>)
10003d80:	601a      	str	r2, [r3, #0]
10003d82:	f386 8810 	msr	PRIMASK, r6
10003d86:	bd70      	pop	{r4, r5, r6, pc}
10003d88:	4b0b      	ldr	r3, [pc, #44]	; (10003db8 <hardware_alarm_set_callback+0x84>)
10003d8a:	00a2      	lsls	r2, r4, #2
10003d8c:	50d5      	str	r5, [r2, r3]
10003d8e:	2201      	movs	r2, #1
10003d90:	40a2      	lsls	r2, r4
10003d92:	490a      	ldr	r1, [pc, #40]	; (10003dbc <hardware_alarm_set_callback+0x88>)
10003d94:	0020      	movs	r0, r4
10003d96:	780b      	ldrb	r3, [r1, #0]
10003d98:	4393      	bics	r3, r2
10003d9a:	700b      	strb	r3, [r1, #0]
10003d9c:	4904      	ldr	r1, [pc, #16]	; (10003db0 <hardware_alarm_set_callback+0x7c>)
10003d9e:	f7ff fa53 	bl	10003248 <irq_remove_handler>
10003da2:	2100      	movs	r1, #0
10003da4:	0020      	movs	r0, r4
10003da6:	f7ff f90b 	bl	10002fc0 <irq_set_enabled>
10003daa:	e7e5      	b.n	10003d78 <hardware_alarm_set_callback+0x44>
10003dac:	d0000128 	.word	0xd0000128
10003db0:	10003c2d 	.word	0x10003c2d
10003db4:	40056038 	.word	0x40056038
10003db8:	20002680 	.word	0x20002680
10003dbc:	20002c45 	.word	0x20002c45

10003dc0 <hardware_alarm_set_target>:
10003dc0:	b5f0      	push	{r4, r5, r6, r7, lr}
10003dc2:	464f      	mov	r7, r9
10003dc4:	46d6      	mov	lr, sl
10003dc6:	4646      	mov	r6, r8
10003dc8:	b5c0      	push	{r6, r7, lr}
10003dca:	0007      	movs	r7, r0
10003dcc:	4c2c      	ldr	r4, [pc, #176]	; (10003e80 <hardware_alarm_set_target+0xc0>)
10003dce:	6a61      	ldr	r1, [r4, #36]	; 0x24
10003dd0:	000d      	movs	r5, r1
10003dd2:	6aa6      	ldr	r6, [r4, #40]	; 0x28
10003dd4:	6a61      	ldr	r1, [r4, #36]	; 0x24
10003dd6:	42a9      	cmp	r1, r5
10003dd8:	d1fa      	bne.n	10003dd0 <hardware_alarm_set_target+0x10>
10003dda:	428b      	cmp	r3, r1
10003ddc:	d808      	bhi.n	10003df0 <hardware_alarm_set_target+0x30>
10003dde:	d005      	beq.n	10003dec <hardware_alarm_set_target+0x2c>
10003de0:	2001      	movs	r0, #1
10003de2:	bce0      	pop	{r5, r6, r7}
10003de4:	46ba      	mov	sl, r7
10003de6:	46b1      	mov	r9, r6
10003de8:	46a8      	mov	r8, r5
10003dea:	bdf0      	pop	{r4, r5, r6, r7, pc}
10003dec:	42b2      	cmp	r2, r6
10003dee:	d9f7      	bls.n	10003de0 <hardware_alarm_set_target+0x20>
10003df0:	f3ef 8a10 	mrs	sl, PRIMASK
10003df4:	b672      	cpsid	i
10003df6:	4823      	ldr	r0, [pc, #140]	; (10003e84 <hardware_alarm_set_target+0xc4>)
10003df8:	6801      	ldr	r1, [r0, #0]
10003dfa:	2900      	cmp	r1, #0
10003dfc:	d0fc      	beq.n	10003df8 <hardware_alarm_set_target+0x38>
10003dfe:	f3bf 8f5f 	dmb	sy
10003e02:	2501      	movs	r5, #1
10003e04:	40bd      	lsls	r5, r7
10003e06:	4920      	ldr	r1, [pc, #128]	; (10003e88 <hardware_alarm_set_target+0xc8>)
10003e08:	4c1d      	ldr	r4, [pc, #116]	; (10003e80 <hardware_alarm_set_target+0xc0>)
10003e0a:	4688      	mov	r8, r1
10003e0c:	7809      	ldrb	r1, [r1, #0]
10003e0e:	4689      	mov	r9, r1
10003e10:	4329      	orrs	r1, r5
10003e12:	b2c9      	uxtb	r1, r1
10003e14:	468c      	mov	ip, r1
10003e16:	4641      	mov	r1, r8
10003e18:	4660      	mov	r0, ip
10003e1a:	7008      	strb	r0, [r1, #0]
10003e1c:	1d39      	adds	r1, r7, #4
10003e1e:	481b      	ldr	r0, [pc, #108]	; (10003e8c <hardware_alarm_set_target+0xcc>)
10003e20:	0089      	lsls	r1, r1, #2
10003e22:	6365      	str	r5, [r4, #52]	; 0x34
10003e24:	510a      	str	r2, [r1, r4]
10003e26:	00b9      	lsls	r1, r7, #2
10003e28:	500b      	str	r3, [r1, r0]
10003e2a:	6a21      	ldr	r1, [r4, #32]
10003e2c:	2000      	movs	r0, #0
10003e2e:	4229      	tst	r1, r5
10003e30:	d019      	beq.n	10003e66 <hardware_alarm_set_target+0xa6>
10003e32:	6a61      	ldr	r1, [r4, #36]	; 0x24
10003e34:	0008      	movs	r0, r1
10003e36:	6aa6      	ldr	r6, [r4, #40]	; 0x28
10003e38:	6a61      	ldr	r1, [r4, #36]	; 0x24
10003e3a:	4281      	cmp	r1, r0
10003e3c:	d1fa      	bne.n	10003e34 <hardware_alarm_set_target+0x74>
10003e3e:	428b      	cmp	r3, r1
10003e40:	d819      	bhi.n	10003e76 <hardware_alarm_set_target+0xb6>
10003e42:	d101      	bne.n	10003e48 <hardware_alarm_set_target+0x88>
10003e44:	42b2      	cmp	r2, r6
10003e46:	d816      	bhi.n	10003e76 <hardware_alarm_set_target+0xb6>
10003e48:	45cc      	cmp	ip, r9
10003e4a:	d016      	beq.n	10003e7a <hardware_alarm_set_target+0xba>
10003e4c:	4b0c      	ldr	r3, [pc, #48]	; (10003e80 <hardware_alarm_set_target+0xc0>)
10003e4e:	201f      	movs	r0, #31
10003e50:	621d      	str	r5, [r3, #32]
10003e52:	635d      	str	r5, [r3, #52]	; 0x34
10003e54:	2301      	movs	r3, #1
10003e56:	4007      	ands	r7, r0
10003e58:	40bb      	lsls	r3, r7
10003e5a:	4a0d      	ldr	r2, [pc, #52]	; (10003e90 <hardware_alarm_set_target+0xd0>)
10003e5c:	381e      	subs	r0, #30
10003e5e:	6013      	str	r3, [r2, #0]
10003e60:	4643      	mov	r3, r8
10003e62:	464a      	mov	r2, r9
10003e64:	701a      	strb	r2, [r3, #0]
10003e66:	f3bf 8f5f 	dmb	sy
10003e6a:	2200      	movs	r2, #0
10003e6c:	4b05      	ldr	r3, [pc, #20]	; (10003e84 <hardware_alarm_set_target+0xc4>)
10003e6e:	601a      	str	r2, [r3, #0]
10003e70:	f38a 8810 	msr	PRIMASK, sl
10003e74:	e7b5      	b.n	10003de2 <hardware_alarm_set_target+0x22>
10003e76:	2000      	movs	r0, #0
10003e78:	e7f5      	b.n	10003e66 <hardware_alarm_set_target+0xa6>
10003e7a:	2001      	movs	r0, #1
10003e7c:	e7f3      	b.n	10003e66 <hardware_alarm_set_target+0xa6>
10003e7e:	46c0      	nop			; (mov r8, r8)
10003e80:	40054000 	.word	0x40054000
10003e84:	d0000128 	.word	0xd0000128
10003e88:	20002c45 	.word	0x20002c45
10003e8c:	20002c2c 	.word	0x20002c2c
10003e90:	e000e280 	.word	0xe000e280

10003e94 <hardware_alarm_cancel>:
10003e94:	f3ef 8c10 	mrs	ip, PRIMASK
10003e98:	b672      	cpsid	i
10003e9a:	490a      	ldr	r1, [pc, #40]	; (10003ec4 <hardware_alarm_cancel+0x30>)
10003e9c:	680b      	ldr	r3, [r1, #0]
10003e9e:	2b00      	cmp	r3, #0
10003ea0:	d0fc      	beq.n	10003e9c <hardware_alarm_cancel+0x8>
10003ea2:	f3bf 8f5f 	dmb	sy
10003ea6:	2301      	movs	r3, #1
10003ea8:	4083      	lsls	r3, r0
10003eaa:	4a07      	ldr	r2, [pc, #28]	; (10003ec8 <hardware_alarm_cancel+0x34>)
10003eac:	4807      	ldr	r0, [pc, #28]	; (10003ecc <hardware_alarm_cancel+0x38>)
10003eae:	6213      	str	r3, [r2, #32]
10003eb0:	7802      	ldrb	r2, [r0, #0]
10003eb2:	439a      	bics	r2, r3
10003eb4:	7002      	strb	r2, [r0, #0]
10003eb6:	f3bf 8f5f 	dmb	sy
10003eba:	2300      	movs	r3, #0
10003ebc:	600b      	str	r3, [r1, #0]
10003ebe:	f38c 8810 	msr	PRIMASK, ip
10003ec2:	4770      	bx	lr
10003ec4:	d0000128 	.word	0xd0000128
10003ec8:	40054000 	.word	0x40054000
10003ecc:	20002c45 	.word	0x20002c45

10003ed0 <ph_merge_nodes>:
10003ed0:	b570      	push	{r4, r5, r6, lr}
10003ed2:	0005      	movs	r5, r0
10003ed4:	0014      	movs	r4, r2
10003ed6:	0016      	movs	r6, r2
10003ed8:	2900      	cmp	r1, #0
10003eda:	d015      	beq.n	10003f08 <ph_merge_nodes+0x38>
10003edc:	000c      	movs	r4, r1
10003ede:	2a00      	cmp	r2, #0
10003ee0:	d012      	beq.n	10003f08 <ph_merge_nodes+0x38>
10003ee2:	6880      	ldr	r0, [r0, #8]
10003ee4:	686b      	ldr	r3, [r5, #4]
10003ee6:	4798      	blx	r3
10003ee8:	6829      	ldr	r1, [r5, #0]
10003eea:	2800      	cmp	r0, #0
10003eec:	d00e      	beq.n	10003f0c <ph_merge_nodes+0x3c>
10003eee:	0073      	lsls	r3, r6, #1
10003ef0:	199b      	adds	r3, r3, r6
10003ef2:	0062      	lsls	r2, r4, #1
10003ef4:	3b03      	subs	r3, #3
10003ef6:	1912      	adds	r2, r2, r4
10003ef8:	18cb      	adds	r3, r1, r3
10003efa:	3a03      	subs	r2, #3
10003efc:	709c      	strb	r4, [r3, #2]
10003efe:	1888      	adds	r0, r1, r2
10003f00:	5c8a      	ldrb	r2, [r1, r2]
10003f02:	2a00      	cmp	r2, #0
10003f04:	d115      	bne.n	10003f32 <ph_merge_nodes+0x62>
10003f06:	7006      	strb	r6, [r0, #0]
10003f08:	0020      	movs	r0, r4
10003f0a:	bd70      	pop	{r4, r5, r6, pc}
10003f0c:	0063      	lsls	r3, r4, #1
10003f0e:	191b      	adds	r3, r3, r4
10003f10:	0072      	lsls	r2, r6, #1
10003f12:	3b03      	subs	r3, #3
10003f14:	1992      	adds	r2, r2, r6
10003f16:	18cb      	adds	r3, r1, r3
10003f18:	3a03      	subs	r2, #3
10003f1a:	709e      	strb	r6, [r3, #2]
10003f1c:	1888      	adds	r0, r1, r2
10003f1e:	5c8a      	ldrb	r2, [r1, r2]
10003f20:	2a00      	cmp	r2, #0
10003f22:	d102      	bne.n	10003f2a <ph_merge_nodes+0x5a>
10003f24:	7004      	strb	r4, [r0, #0]
10003f26:	0034      	movs	r4, r6
10003f28:	e7ee      	b.n	10003f08 <ph_merge_nodes+0x38>
10003f2a:	705a      	strb	r2, [r3, #1]
10003f2c:	7004      	strb	r4, [r0, #0]
10003f2e:	0034      	movs	r4, r6
10003f30:	e7ea      	b.n	10003f08 <ph_merge_nodes+0x38>
10003f32:	705a      	strb	r2, [r3, #1]
10003f34:	7006      	strb	r6, [r0, #0]
10003f36:	e7e7      	b.n	10003f08 <ph_merge_nodes+0x38>

10003f38 <ph_post_alloc_init>:
10003f38:	b530      	push	{r4, r5, lr}
10003f3a:	6083      	str	r3, [r0, #8]
10003f3c:	2300      	movs	r3, #0
10003f3e:	b2cc      	uxtb	r4, r1
10003f40:	7343      	strb	r3, [r0, #13]
10003f42:	3301      	adds	r3, #1
10003f44:	7304      	strb	r4, [r0, #12]
10003f46:	6042      	str	r2, [r0, #4]
10003f48:	7383      	strb	r3, [r0, #14]
10003f4a:	73c4      	strb	r4, [r0, #15]
10003f4c:	000d      	movs	r5, r1
10003f4e:	6800      	ldr	r0, [r0, #0]
10003f50:	2c01      	cmp	r4, #1
10003f52:	d906      	bls.n	10003f62 <ph_post_alloc_init+0x2a>
10003f54:	1c42      	adds	r2, r0, #1
10003f56:	3301      	adds	r3, #1
10003f58:	b2db      	uxtb	r3, r3
10003f5a:	7013      	strb	r3, [r2, #0]
10003f5c:	3203      	adds	r2, #3
10003f5e:	429c      	cmp	r4, r3
10003f60:	d1f9      	bne.n	10003f56 <ph_post_alloc_init+0x1e>
10003f62:	21ff      	movs	r1, #255	; 0xff
10003f64:	4029      	ands	r1, r5
10003f66:	004b      	lsls	r3, r1, #1
10003f68:	1859      	adds	r1, r3, r1
10003f6a:	2300      	movs	r3, #0
10003f6c:	1840      	adds	r0, r0, r1
10003f6e:	3803      	subs	r0, #3
10003f70:	7043      	strb	r3, [r0, #1]
10003f72:	bd30      	pop	{r4, r5, pc}

10003f74 <ph_merge_two_pass>:
10003f74:	b5f8      	push	{r3, r4, r5, r6, r7, lr}
10003f76:	46ce      	mov	lr, r9
10003f78:	4647      	mov	r7, r8
10003f7a:	0006      	movs	r6, r0
10003f7c:	000c      	movs	r4, r1
10003f7e:	b580      	push	{r7, lr}
10003f80:	2900      	cmp	r1, #0
10003f82:	d007      	beq.n	10003f94 <ph_merge_two_pass+0x20>
10003f84:	004d      	lsls	r5, r1, #1
10003f86:	6803      	ldr	r3, [r0, #0]
10003f88:	186d      	adds	r5, r5, r1
10003f8a:	3d03      	subs	r5, #3
10003f8c:	195a      	adds	r2, r3, r5
10003f8e:	7857      	ldrb	r7, [r2, #1]
10003f90:	2f00      	cmp	r7, #0
10003f92:	d104      	bne.n	10003f9e <ph_merge_two_pass+0x2a>
10003f94:	0020      	movs	r0, r4
10003f96:	bcc0      	pop	{r6, r7}
10003f98:	46b9      	mov	r9, r7
10003f9a:	46b0      	mov	r8, r6
10003f9c:	bdf8      	pop	{r3, r4, r5, r6, r7, pc}
10003f9e:	0079      	lsls	r1, r7, #1
10003fa0:	19c9      	adds	r1, r1, r7
10003fa2:	3903      	subs	r1, #3
10003fa4:	4688      	mov	r8, r1
10003fa6:	4443      	add	r3, r8
10003fa8:	7859      	ldrb	r1, [r3, #1]
10003faa:	4689      	mov	r9, r1
10003fac:	2100      	movs	r1, #0
10003fae:	7059      	strb	r1, [r3, #1]
10003fb0:	7051      	strb	r1, [r2, #1]
10003fb2:	6873      	ldr	r3, [r6, #4]
10003fb4:	003a      	movs	r2, r7
10003fb6:	0021      	movs	r1, r4
10003fb8:	6880      	ldr	r0, [r0, #8]
10003fba:	4798      	blx	r3
10003fbc:	6833      	ldr	r3, [r6, #0]
10003fbe:	2800      	cmp	r0, #0
10003fc0:	d014      	beq.n	10003fec <ph_merge_two_pass+0x78>
10003fc2:	4642      	mov	r2, r8
10003fc4:	189a      	adds	r2, r3, r2
10003fc6:	7094      	strb	r4, [r2, #2]
10003fc8:	1959      	adds	r1, r3, r5
10003fca:	5d5b      	ldrb	r3, [r3, r5]
10003fcc:	2b00      	cmp	r3, #0
10003fce:	d000      	beq.n	10003fd2 <ph_merge_two_pass+0x5e>
10003fd0:	7053      	strb	r3, [r2, #1]
10003fd2:	700f      	strb	r7, [r1, #0]
10003fd4:	0027      	movs	r7, r4
10003fd6:	4649      	mov	r1, r9
10003fd8:	0030      	movs	r0, r6
10003fda:	f7ff ffcb 	bl	10003f74 <ph_merge_two_pass>
10003fde:	0039      	movs	r1, r7
10003fe0:	0002      	movs	r2, r0
10003fe2:	0030      	movs	r0, r6
10003fe4:	f7ff ff74 	bl	10003ed0 <ph_merge_nodes>
10003fe8:	0004      	movs	r4, r0
10003fea:	e7d3      	b.n	10003f94 <ph_merge_two_pass+0x20>
10003fec:	4642      	mov	r2, r8
10003fee:	4641      	mov	r1, r8
10003ff0:	195d      	adds	r5, r3, r5
10003ff2:	70af      	strb	r7, [r5, #2]
10003ff4:	189a      	adds	r2, r3, r2
10003ff6:	5c5b      	ldrb	r3, [r3, r1]
10003ff8:	2b00      	cmp	r3, #0
10003ffa:	d000      	beq.n	10003ffe <ph_merge_two_pass+0x8a>
10003ffc:	706b      	strb	r3, [r5, #1]
10003ffe:	7014      	strb	r4, [r2, #0]
10004000:	e7e9      	b.n	10003fd6 <ph_merge_two_pass+0x62>
10004002:	46c0      	nop			; (mov r8, r8)

10004004 <ph_remove_any_head>:
10004004:	b5f0      	push	{r4, r5, r6, r7, lr}
10004006:	4657      	mov	r7, sl
10004008:	4645      	mov	r5, r8
1000400a:	46de      	mov	lr, fp
1000400c:	464e      	mov	r6, r9
1000400e:	b5e0      	push	{r5, r6, r7, lr}
10004010:	000d      	movs	r5, r1
10004012:	006b      	lsls	r3, r5, #1
10004014:	6801      	ldr	r1, [r0, #0]
10004016:	195b      	adds	r3, r3, r5
10004018:	1edf      	subs	r7, r3, #3
1000401a:	0004      	movs	r4, r0
1000401c:	5dc8      	ldrb	r0, [r1, r7]
1000401e:	b083      	sub	sp, #12
10004020:	9201      	str	r2, [sp, #4]
10004022:	19ca      	adds	r2, r1, r7
10004024:	2800      	cmp	r0, #0
10004026:	d050      	beq.n	100040ca <ph_remove_any_head+0xc6>
10004028:	0043      	lsls	r3, r0, #1
1000402a:	181b      	adds	r3, r3, r0
1000402c:	3b03      	subs	r3, #3
1000402e:	18cb      	adds	r3, r1, r3
10004030:	785e      	ldrb	r6, [r3, #1]
10004032:	46b4      	mov	ip, r6
10004034:	2e00      	cmp	r6, #0
10004036:	d11a      	bne.n	1000406e <ph_remove_any_head+0x6a>
10004038:	9e01      	ldr	r6, [sp, #4]
1000403a:	2e00      	cmp	r6, #0
1000403c:	d042      	beq.n	100040c4 <ph_remove_any_head+0xc0>
1000403e:	7be6      	ldrb	r6, [r4, #15]
10004040:	2e00      	cmp	r6, #0
10004042:	d004      	beq.n	1000404e <ph_remove_any_head+0x4a>
10004044:	0073      	lsls	r3, r6, #1
10004046:	199b      	adds	r3, r3, r6
10004048:	18cb      	adds	r3, r1, r3
1000404a:	3b03      	subs	r3, #3
1000404c:	705d      	strb	r5, [r3, #1]
1000404e:	7ba3      	ldrb	r3, [r4, #14]
10004050:	2b00      	cmp	r3, #0
10004052:	d100      	bne.n	10004056 <ph_remove_any_head+0x52>
10004054:	73a5      	strb	r5, [r4, #14]
10004056:	73e5      	strb	r5, [r4, #15]
10004058:	2800      	cmp	r0, #0
1000405a:	d12f      	bne.n	100040bc <ph_remove_any_head+0xb8>
1000405c:	2300      	movs	r3, #0
1000405e:	7053      	strb	r3, [r2, #1]
10004060:	b003      	add	sp, #12
10004062:	bcf0      	pop	{r4, r5, r6, r7}
10004064:	46bb      	mov	fp, r7
10004066:	46b2      	mov	sl, r6
10004068:	46a9      	mov	r9, r5
1000406a:	46a0      	mov	r8, r4
1000406c:	bdf0      	pop	{r4, r5, r6, r7, pc}
1000406e:	0072      	lsls	r2, r6, #1
10004070:	4462      	add	r2, ip
10004072:	3a03      	subs	r2, #3
10004074:	1889      	adds	r1, r1, r2
10004076:	784a      	ldrb	r2, [r1, #1]
10004078:	4690      	mov	r8, r2
1000407a:	2200      	movs	r2, #0
1000407c:	704a      	strb	r2, [r1, #1]
1000407e:	4691      	mov	r9, r2
10004080:	705a      	strb	r2, [r3, #1]
10004082:	0001      	movs	r1, r0
10004084:	0032      	movs	r2, r6
10004086:	0020      	movs	r0, r4
10004088:	f7ff ff22 	bl	10003ed0 <ph_merge_nodes>
1000408c:	4643      	mov	r3, r8
1000408e:	4682      	mov	sl, r0
10004090:	2b00      	cmp	r3, #0
10004092:	d007      	beq.n	100040a4 <ph_remove_any_head+0xa0>
10004094:	005b      	lsls	r3, r3, #1
10004096:	6821      	ldr	r1, [r4, #0]
10004098:	4443      	add	r3, r8
1000409a:	3b03      	subs	r3, #3
1000409c:	18cb      	adds	r3, r1, r3
1000409e:	785a      	ldrb	r2, [r3, #1]
100040a0:	2a00      	cmp	r2, #0
100040a2:	d116      	bne.n	100040d2 <ph_remove_any_head+0xce>
100040a4:	4642      	mov	r2, r8
100040a6:	4651      	mov	r1, sl
100040a8:	0020      	movs	r0, r4
100040aa:	f7ff ff11 	bl	10003ed0 <ph_merge_nodes>
100040ae:	6821      	ldr	r1, [r4, #0]
100040b0:	9b01      	ldr	r3, [sp, #4]
100040b2:	19ca      	adds	r2, r1, r7
100040b4:	2b00      	cmp	r3, #0
100040b6:	d1c2      	bne.n	1000403e <ph_remove_any_head+0x3a>
100040b8:	2800      	cmp	r0, #0
100040ba:	d0cf      	beq.n	1000405c <ph_remove_any_head+0x58>
100040bc:	0043      	lsls	r3, r0, #1
100040be:	181b      	adds	r3, r3, r0
100040c0:	3b03      	subs	r3, #3
100040c2:	18cb      	adds	r3, r1, r3
100040c4:	2100      	movs	r1, #0
100040c6:	7099      	strb	r1, [r3, #2]
100040c8:	e7c8      	b.n	1000405c <ph_remove_any_head+0x58>
100040ca:	9b01      	ldr	r3, [sp, #4]
100040cc:	2b00      	cmp	r3, #0
100040ce:	d1b6      	bne.n	1000403e <ph_remove_any_head+0x3a>
100040d0:	e7c4      	b.n	1000405c <ph_remove_any_head+0x58>
100040d2:	0050      	lsls	r0, r2, #1
100040d4:	1880      	adds	r0, r0, r2
100040d6:	3803      	subs	r0, #3
100040d8:	1809      	adds	r1, r1, r0
100040da:	7848      	ldrb	r0, [r1, #1]
100040dc:	4683      	mov	fp, r0
100040de:	4648      	mov	r0, r9
100040e0:	7048      	strb	r0, [r1, #1]
100040e2:	7058      	strb	r0, [r3, #1]
100040e4:	4641      	mov	r1, r8
100040e6:	0020      	movs	r0, r4
100040e8:	f7ff fef2 	bl	10003ed0 <ph_merge_nodes>
100040ec:	4659      	mov	r1, fp
100040ee:	4680      	mov	r8, r0
100040f0:	0020      	movs	r0, r4
100040f2:	f7ff ff3f 	bl	10003f74 <ph_merge_two_pass>
100040f6:	4641      	mov	r1, r8
100040f8:	0002      	movs	r2, r0
100040fa:	0020      	movs	r0, r4
100040fc:	f7ff fee8 	bl	10003ed0 <ph_merge_nodes>
10004100:	4680      	mov	r8, r0
10004102:	e7cf      	b.n	100040a4 <ph_remove_any_head+0xa0>

10004104 <ph_remove_head>:
10004104:	b5f0      	push	{r4, r5, r6, r7, lr}
10004106:	4657      	mov	r7, sl
10004108:	4645      	mov	r5, r8
1000410a:	46de      	mov	lr, fp
1000410c:	464e      	mov	r6, r9
1000410e:	b5e0      	push	{r5, r6, r7, lr}
10004110:	b083      	sub	sp, #12
10004112:	9101      	str	r1, [sp, #4]
10004114:	7b45      	ldrb	r5, [r0, #13]
10004116:	0004      	movs	r4, r0
10004118:	006b      	lsls	r3, r5, #1
1000411a:	6800      	ldr	r0, [r0, #0]
1000411c:	195b      	adds	r3, r3, r5
1000411e:	1edf      	subs	r7, r3, #3
10004120:	5dc1      	ldrb	r1, [r0, r7]
10004122:	19c2      	adds	r2, r0, r7
10004124:	2900      	cmp	r1, #0
10004126:	d052      	beq.n	100041ce <ph_remove_head+0xca>
10004128:	004b      	lsls	r3, r1, #1
1000412a:	185b      	adds	r3, r3, r1
1000412c:	3b03      	subs	r3, #3
1000412e:	18c3      	adds	r3, r0, r3
10004130:	785e      	ldrb	r6, [r3, #1]
10004132:	46b4      	mov	ip, r6
10004134:	2e00      	cmp	r6, #0
10004136:	d11c      	bne.n	10004172 <ph_remove_head+0x6e>
10004138:	9e01      	ldr	r6, [sp, #4]
1000413a:	2e00      	cmp	r6, #0
1000413c:	d044      	beq.n	100041c8 <ph_remove_head+0xc4>
1000413e:	7be6      	ldrb	r6, [r4, #15]
10004140:	2e00      	cmp	r6, #0
10004142:	d004      	beq.n	1000414e <ph_remove_head+0x4a>
10004144:	0073      	lsls	r3, r6, #1
10004146:	199b      	adds	r3, r3, r6
10004148:	18c3      	adds	r3, r0, r3
1000414a:	3b03      	subs	r3, #3
1000414c:	705d      	strb	r5, [r3, #1]
1000414e:	7ba3      	ldrb	r3, [r4, #14]
10004150:	2b00      	cmp	r3, #0
10004152:	d100      	bne.n	10004156 <ph_remove_head+0x52>
10004154:	73a5      	strb	r5, [r4, #14]
10004156:	73e5      	strb	r5, [r4, #15]
10004158:	2900      	cmp	r1, #0
1000415a:	d131      	bne.n	100041c0 <ph_remove_head+0xbc>
1000415c:	2300      	movs	r3, #0
1000415e:	0028      	movs	r0, r5
10004160:	7053      	strb	r3, [r2, #1]
10004162:	7361      	strb	r1, [r4, #13]
10004164:	b003      	add	sp, #12
10004166:	bcf0      	pop	{r4, r5, r6, r7}
10004168:	46bb      	mov	fp, r7
1000416a:	46b2      	mov	sl, r6
1000416c:	46a9      	mov	r9, r5
1000416e:	46a0      	mov	r8, r4
10004170:	bdf0      	pop	{r4, r5, r6, r7, pc}
10004172:	0072      	lsls	r2, r6, #1
10004174:	4462      	add	r2, ip
10004176:	3a03      	subs	r2, #3
10004178:	1880      	adds	r0, r0, r2
1000417a:	7842      	ldrb	r2, [r0, #1]
1000417c:	4690      	mov	r8, r2
1000417e:	2200      	movs	r2, #0
10004180:	7042      	strb	r2, [r0, #1]
10004182:	4691      	mov	r9, r2
10004184:	705a      	strb	r2, [r3, #1]
10004186:	0020      	movs	r0, r4
10004188:	0032      	movs	r2, r6
1000418a:	f7ff fea1 	bl	10003ed0 <ph_merge_nodes>
1000418e:	4643      	mov	r3, r8
10004190:	4682      	mov	sl, r0
10004192:	2b00      	cmp	r3, #0
10004194:	d007      	beq.n	100041a6 <ph_remove_head+0xa2>
10004196:	005b      	lsls	r3, r3, #1
10004198:	6821      	ldr	r1, [r4, #0]
1000419a:	4443      	add	r3, r8
1000419c:	3b03      	subs	r3, #3
1000419e:	18cb      	adds	r3, r1, r3
100041a0:	785a      	ldrb	r2, [r3, #1]
100041a2:	2a00      	cmp	r2, #0
100041a4:	d117      	bne.n	100041d6 <ph_remove_head+0xd2>
100041a6:	4642      	mov	r2, r8
100041a8:	4651      	mov	r1, sl
100041aa:	0020      	movs	r0, r4
100041ac:	f7ff fe90 	bl	10003ed0 <ph_merge_nodes>
100041b0:	9b01      	ldr	r3, [sp, #4]
100041b2:	0001      	movs	r1, r0
100041b4:	6820      	ldr	r0, [r4, #0]
100041b6:	19c2      	adds	r2, r0, r7
100041b8:	2b00      	cmp	r3, #0
100041ba:	d1c0      	bne.n	1000413e <ph_remove_head+0x3a>
100041bc:	2900      	cmp	r1, #0
100041be:	d0cd      	beq.n	1000415c <ph_remove_head+0x58>
100041c0:	004b      	lsls	r3, r1, #1
100041c2:	185b      	adds	r3, r3, r1
100041c4:	3b03      	subs	r3, #3
100041c6:	18c3      	adds	r3, r0, r3
100041c8:	2000      	movs	r0, #0
100041ca:	7098      	strb	r0, [r3, #2]
100041cc:	e7c6      	b.n	1000415c <ph_remove_head+0x58>
100041ce:	9b01      	ldr	r3, [sp, #4]
100041d0:	2b00      	cmp	r3, #0
100041d2:	d1b4      	bne.n	1000413e <ph_remove_head+0x3a>
100041d4:	e7c2      	b.n	1000415c <ph_remove_head+0x58>
100041d6:	0050      	lsls	r0, r2, #1
100041d8:	1880      	adds	r0, r0, r2
100041da:	3803      	subs	r0, #3
100041dc:	1809      	adds	r1, r1, r0
100041de:	7848      	ldrb	r0, [r1, #1]
100041e0:	4683      	mov	fp, r0
100041e2:	4648      	mov	r0, r9
100041e4:	7048      	strb	r0, [r1, #1]
100041e6:	7058      	strb	r0, [r3, #1]
100041e8:	4641      	mov	r1, r8
100041ea:	0020      	movs	r0, r4
100041ec:	f7ff fe70 	bl	10003ed0 <ph_merge_nodes>
100041f0:	4659      	mov	r1, fp
100041f2:	4680      	mov	r8, r0
100041f4:	0020      	movs	r0, r4
100041f6:	f7ff febd 	bl	10003f74 <ph_merge_two_pass>
100041fa:	4641      	mov	r1, r8
100041fc:	0002      	movs	r2, r0
100041fe:	0020      	movs	r0, r4
10004200:	f7ff fe66 	bl	10003ed0 <ph_merge_nodes>
10004204:	4680      	mov	r8, r0
10004206:	e7ce      	b.n	100041a6 <ph_remove_head+0xa2>

10004208 <ph_remove_and_free_node>:
10004208:	b570      	push	{r4, r5, r6, lr}
1000420a:	0004      	movs	r4, r0
1000420c:	2900      	cmp	r1, #0
1000420e:	d02c      	beq.n	1000426a <ph_remove_and_free_node+0x62>
10004210:	7b43      	ldrb	r3, [r0, #13]
10004212:	428b      	cmp	r3, r1
10004214:	d02e      	beq.n	10004274 <ph_remove_and_free_node+0x6c>
10004216:	6805      	ldr	r5, [r0, #0]
10004218:	0048      	lsls	r0, r1, #1
1000421a:	1840      	adds	r0, r0, r1
1000421c:	3803      	subs	r0, #3
1000421e:	1828      	adds	r0, r5, r0
10004220:	7882      	ldrb	r2, [r0, #2]
10004222:	2a00      	cmp	r2, #0
10004224:	d021      	beq.n	1000426a <ph_remove_and_free_node+0x62>
10004226:	0053      	lsls	r3, r2, #1
10004228:	189b      	adds	r3, r3, r2
1000422a:	3b03      	subs	r3, #3
1000422c:	5cea      	ldrb	r2, [r5, r3]
1000422e:	18ee      	adds	r6, r5, r3
10004230:	428a      	cmp	r2, r1
10004232:	d102      	bne.n	1000423a <ph_remove_and_free_node+0x32>
10004234:	e01b      	b.n	1000426e <ph_remove_and_free_node+0x66>
10004236:	2a00      	cmp	r2, #0
10004238:	d008      	beq.n	1000424c <ph_remove_and_free_node+0x44>
1000423a:	0053      	lsls	r3, r2, #1
1000423c:	189b      	adds	r3, r3, r2
1000423e:	3b03      	subs	r3, #3
10004240:	18eb      	adds	r3, r5, r3
10004242:	785a      	ldrb	r2, [r3, #1]
10004244:	428a      	cmp	r2, r1
10004246:	d1f6      	bne.n	10004236 <ph_remove_and_free_node+0x2e>
10004248:	7842      	ldrb	r2, [r0, #1]
1000424a:	705a      	strb	r2, [r3, #1]
1000424c:	2300      	movs	r3, #0
1000424e:	2201      	movs	r2, #1
10004250:	7083      	strb	r3, [r0, #2]
10004252:	7043      	strb	r3, [r0, #1]
10004254:	0020      	movs	r0, r4
10004256:	f7ff fed5 	bl	10004004 <ph_remove_any_head>
1000425a:	7b61      	ldrb	r1, [r4, #13]
1000425c:	0002      	movs	r2, r0
1000425e:	0020      	movs	r0, r4
10004260:	f7ff fe36 	bl	10003ed0 <ph_merge_nodes>
10004264:	7360      	strb	r0, [r4, #13]
10004266:	2001      	movs	r0, #1
10004268:	e000      	b.n	1000426c <ph_remove_and_free_node+0x64>
1000426a:	2000      	movs	r0, #0
1000426c:	bd70      	pop	{r4, r5, r6, pc}
1000426e:	7843      	ldrb	r3, [r0, #1]
10004270:	7033      	strb	r3, [r6, #0]
10004272:	e7eb      	b.n	1000424c <ph_remove_and_free_node+0x44>
10004274:	2201      	movs	r2, #1
10004276:	0019      	movs	r1, r3
10004278:	f7ff fec4 	bl	10004004 <ph_remove_any_head>
1000427c:	7360      	strb	r0, [r4, #13]
1000427e:	2001      	movs	r0, #1
10004280:	e7f4      	b.n	1000426c <ph_remove_and_free_node+0x64>
10004282:	46c0      	nop			; (mov r8, r8)

10004284 <clocks_init>:
10004284:	b530      	push	{r4, r5, lr}
10004286:	200c      	movs	r0, #12
10004288:	b083      	sub	sp, #12
1000428a:	f000 f9b9 	bl	10004600 <watchdog_start_tick>
1000428e:	f7fe fddf 	bl	10002e50 <running_on_fpga>
10004292:	2800      	cmp	r0, #0
10004294:	d00e      	beq.n	100042b4 <clocks_init+0x30>
10004296:	4b99      	ldr	r3, [pc, #612]	; (100044fc <clocks_init+0x278>)
10004298:	4a99      	ldr	r2, [pc, #612]	; (10004500 <clocks_init+0x27c>)
1000429a:	601a      	str	r2, [r3, #0]
1000429c:	605a      	str	r2, [r3, #4]
1000429e:	609a      	str	r2, [r3, #8]
100042a0:	60da      	str	r2, [r3, #12]
100042a2:	611a      	str	r2, [r3, #16]
100042a4:	615a      	str	r2, [r3, #20]
100042a6:	619a      	str	r2, [r3, #24]
100042a8:	61da      	str	r2, [r3, #28]
100042aa:	621a      	str	r2, [r3, #32]
100042ac:	4a95      	ldr	r2, [pc, #596]	; (10004504 <clocks_init+0x280>)
100042ae:	625a      	str	r2, [r3, #36]	; 0x24
100042b0:	b003      	add	sp, #12
100042b2:	bd30      	pop	{r4, r5, pc}
100042b4:	4c94      	ldr	r4, [pc, #592]	; (10004508 <clocks_init+0x284>)
100042b6:	67a0      	str	r0, [r4, #120]	; 0x78
100042b8:	f000 f9f6 	bl	100046a8 <xosc_init>
100042bc:	2201      	movs	r2, #1
100042be:	4b93      	ldr	r3, [pc, #588]	; (1000450c <clocks_init+0x288>)
100042c0:	601a      	str	r2, [r3, #0]
100042c2:	6c63      	ldr	r3, [r4, #68]	; 0x44
100042c4:	2b01      	cmp	r3, #1
100042c6:	d1fc      	bne.n	100042c2 <clocks_init+0x3e>
100042c8:	2203      	movs	r2, #3
100042ca:	4b91      	ldr	r3, [pc, #580]	; (10004510 <clocks_init+0x28c>)
100042cc:	601a      	str	r2, [r3, #0]
100042ce:	4a8e      	ldr	r2, [pc, #568]	; (10004508 <clocks_init+0x284>)
100042d0:	6b93      	ldr	r3, [r2, #56]	; 0x38
100042d2:	2b01      	cmp	r3, #1
100042d4:	d1fc      	bne.n	100042d0 <clocks_init+0x4c>
100042d6:	3301      	adds	r3, #1
100042d8:	2101      	movs	r1, #1
100042da:	4a8e      	ldr	r2, [pc, #568]	; (10004514 <clocks_init+0x290>)
100042dc:	488e      	ldr	r0, [pc, #568]	; (10004518 <clocks_init+0x294>)
100042de:	9300      	str	r3, [sp, #0]
100042e0:	3304      	adds	r3, #4
100042e2:	f000 f93d 	bl	10004560 <pll_init>
100042e6:	2305      	movs	r3, #5
100042e8:	4a8c      	ldr	r2, [pc, #560]	; (1000451c <clocks_init+0x298>)
100042ea:	9300      	str	r3, [sp, #0]
100042ec:	2101      	movs	r1, #1
100042ee:	488c      	ldr	r0, [pc, #560]	; (10004520 <clocks_init+0x29c>)
100042f0:	f000 f936 	bl	10004560 <pll_init>
100042f4:	4b8b      	ldr	r3, [pc, #556]	; (10004524 <clocks_init+0x2a0>)
100042f6:	685a      	ldr	r2, [r3, #4]
100042f8:	2aff      	cmp	r2, #255	; 0xff
100042fa:	d802      	bhi.n	10004302 <clocks_init+0x7e>
100042fc:	2280      	movs	r2, #128	; 0x80
100042fe:	0052      	lsls	r2, r2, #1
10004300:	605a      	str	r2, [r3, #4]
10004302:	2280      	movs	r2, #128	; 0x80
10004304:	4c7d      	ldr	r4, [pc, #500]	; (100044fc <clocks_init+0x278>)
10004306:	4b82      	ldr	r3, [pc, #520]	; (10004510 <clocks_init+0x28c>)
10004308:	6921      	ldr	r1, [r4, #16]
1000430a:	0112      	lsls	r2, r2, #4
1000430c:	4d85      	ldr	r5, [pc, #532]	; (10004524 <clocks_init+0x2a0>)
1000430e:	601a      	str	r2, [r3, #0]
10004310:	2900      	cmp	r1, #0
10004312:	d007      	beq.n	10004324 <clocks_init+0xa0>
10004314:	6960      	ldr	r0, [r4, #20]
10004316:	f001 fdbb 	bl	10005e90 <__wrap___aeabi_uidiv>
1000431a:	1c43      	adds	r3, r0, #1
1000431c:	0058      	lsls	r0, r3, #1
1000431e:	18c0      	adds	r0, r0, r3
10004320:	3803      	subs	r0, #3
10004322:	d2fd      	bcs.n	10004320 <clocks_init+0x9c>
10004324:	21e0      	movs	r1, #224	; 0xe0
10004326:	4b7f      	ldr	r3, [pc, #508]	; (10004524 <clocks_init+0x2a0>)
10004328:	2002      	movs	r0, #2
1000432a:	681a      	ldr	r2, [r3, #0]
1000432c:	4011      	ands	r1, r2
1000432e:	2280      	movs	r2, #128	; 0x80
10004330:	0152      	lsls	r2, r2, #5
10004332:	432a      	orrs	r2, r5
10004334:	6011      	str	r1, [r2, #0]
10004336:	6819      	ldr	r1, [r3, #0]
10004338:	4048      	eors	r0, r1
1000433a:	2103      	movs	r1, #3
1000433c:	4001      	ands	r1, r0
1000433e:	6011      	str	r1, [r2, #0]
10004340:	2104      	movs	r1, #4
10004342:	689a      	ldr	r2, [r3, #8]
10004344:	4211      	tst	r1, r2
10004346:	d0fc      	beq.n	10004342 <clocks_init+0xbe>
10004348:	2280      	movs	r2, #128	; 0x80
1000434a:	2180      	movs	r1, #128	; 0x80
1000434c:	0192      	lsls	r2, r2, #6
1000434e:	432a      	orrs	r2, r5
10004350:	0109      	lsls	r1, r1, #4
10004352:	6011      	str	r1, [r2, #0]
10004354:	2280      	movs	r2, #128	; 0x80
10004356:	0052      	lsls	r2, r2, #1
10004358:	605a      	str	r2, [r3, #4]
1000435a:	4b73      	ldr	r3, [pc, #460]	; (10004528 <clocks_init+0x2a4>)
1000435c:	6123      	str	r3, [r4, #16]
1000435e:	4b73      	ldr	r3, [pc, #460]	; (1000452c <clocks_init+0x2a8>)
10004360:	6859      	ldr	r1, [r3, #4]
10004362:	29ff      	cmp	r1, #255	; 0xff
10004364:	d800      	bhi.n	10004368 <clocks_init+0xe4>
10004366:	605a      	str	r2, [r3, #4]
10004368:	2103      	movs	r1, #3
1000436a:	4a68      	ldr	r2, [pc, #416]	; (1000450c <clocks_init+0x288>)
1000436c:	4b6f      	ldr	r3, [pc, #444]	; (1000452c <clocks_init+0x2a8>)
1000436e:	6011      	str	r1, [r2, #0]
10004370:	3902      	subs	r1, #2
10004372:	689a      	ldr	r2, [r3, #8]
10004374:	4211      	tst	r1, r2
10004376:	d0fc      	beq.n	10004372 <clocks_init+0xee>
10004378:	20e0      	movs	r0, #224	; 0xe0
1000437a:	681a      	ldr	r2, [r3, #0]
1000437c:	4010      	ands	r0, r2
1000437e:	2280      	movs	r2, #128	; 0x80
10004380:	0152      	lsls	r2, r2, #5
10004382:	431a      	orrs	r2, r3
10004384:	6010      	str	r0, [r2, #0]
10004386:	6818      	ldr	r0, [r3, #0]
10004388:	4048      	eors	r0, r1
1000438a:	2103      	movs	r1, #3
1000438c:	4001      	ands	r1, r0
1000438e:	2002      	movs	r0, #2
10004390:	6011      	str	r1, [r2, #0]
10004392:	4966      	ldr	r1, [pc, #408]	; (1000452c <clocks_init+0x2a8>)
10004394:	688a      	ldr	r2, [r1, #8]
10004396:	4210      	tst	r0, r2
10004398:	d0fc      	beq.n	10004394 <clocks_init+0x110>
1000439a:	2280      	movs	r2, #128	; 0x80
1000439c:	0192      	lsls	r2, r2, #6
1000439e:	4313      	orrs	r3, r2
100043a0:	2280      	movs	r2, #128	; 0x80
100043a2:	0112      	lsls	r2, r2, #4
100043a4:	601a      	str	r2, [r3, #0]
100043a6:	2280      	movs	r2, #128	; 0x80
100043a8:	4b61      	ldr	r3, [pc, #388]	; (10004530 <clocks_init+0x2ac>)
100043aa:	0052      	lsls	r2, r2, #1
100043ac:	604a      	str	r2, [r1, #4]
100043ae:	6163      	str	r3, [r4, #20]
100043b0:	4b60      	ldr	r3, [pc, #384]	; (10004534 <clocks_init+0x2b0>)
100043b2:	6859      	ldr	r1, [r3, #4]
100043b4:	29ff      	cmp	r1, #255	; 0xff
100043b6:	d800      	bhi.n	100043ba <clocks_init+0x136>
100043b8:	605a      	str	r2, [r3, #4]
100043ba:	2280      	movs	r2, #128	; 0x80
100043bc:	4b5e      	ldr	r3, [pc, #376]	; (10004538 <clocks_init+0x2b4>)
100043be:	69e1      	ldr	r1, [r4, #28]
100043c0:	0112      	lsls	r2, r2, #4
100043c2:	4d5c      	ldr	r5, [pc, #368]	; (10004534 <clocks_init+0x2b0>)
100043c4:	601a      	str	r2, [r3, #0]
100043c6:	2900      	cmp	r1, #0
100043c8:	d007      	beq.n	100043da <clocks_init+0x156>
100043ca:	6960      	ldr	r0, [r4, #20]
100043cc:	f001 fd60 	bl	10005e90 <__wrap___aeabi_uidiv>
100043d0:	1c43      	adds	r3, r0, #1
100043d2:	0058      	lsls	r0, r3, #1
100043d4:	18c0      	adds	r0, r0, r3
100043d6:	3803      	subs	r0, #3
100043d8:	d2fd      	bcs.n	100043d6 <clocks_init+0x152>
100043da:	22e0      	movs	r2, #224	; 0xe0
100043dc:	4955      	ldr	r1, [pc, #340]	; (10004534 <clocks_init+0x2b0>)
100043de:	680b      	ldr	r3, [r1, #0]
100043e0:	401a      	ands	r2, r3
100043e2:	2380      	movs	r3, #128	; 0x80
100043e4:	015b      	lsls	r3, r3, #5
100043e6:	432b      	orrs	r3, r5
100043e8:	601a      	str	r2, [r3, #0]
100043ea:	2380      	movs	r3, #128	; 0x80
100043ec:	2280      	movs	r2, #128	; 0x80
100043ee:	019b      	lsls	r3, r3, #6
100043f0:	432b      	orrs	r3, r5
100043f2:	0112      	lsls	r2, r2, #4
100043f4:	601a      	str	r2, [r3, #0]
100043f6:	2280      	movs	r2, #128	; 0x80
100043f8:	4b41      	ldr	r3, [pc, #260]	; (10004500 <clocks_init+0x27c>)
100043fa:	0052      	lsls	r2, r2, #1
100043fc:	604a      	str	r2, [r1, #4]
100043fe:	61e3      	str	r3, [r4, #28]
10004400:	4b4e      	ldr	r3, [pc, #312]	; (1000453c <clocks_init+0x2b8>)
10004402:	6859      	ldr	r1, [r3, #4]
10004404:	29ff      	cmp	r1, #255	; 0xff
10004406:	d800      	bhi.n	1000440a <clocks_init+0x186>
10004408:	605a      	str	r2, [r3, #4]
1000440a:	2280      	movs	r2, #128	; 0x80
1000440c:	4b4c      	ldr	r3, [pc, #304]	; (10004540 <clocks_init+0x2bc>)
1000440e:	6a21      	ldr	r1, [r4, #32]
10004410:	0112      	lsls	r2, r2, #4
10004412:	4d4a      	ldr	r5, [pc, #296]	; (1000453c <clocks_init+0x2b8>)
10004414:	601a      	str	r2, [r3, #0]
10004416:	2900      	cmp	r1, #0
10004418:	d007      	beq.n	1000442a <clocks_init+0x1a6>
1000441a:	6960      	ldr	r0, [r4, #20]
1000441c:	f001 fd38 	bl	10005e90 <__wrap___aeabi_uidiv>
10004420:	1c43      	adds	r3, r0, #1
10004422:	0058      	lsls	r0, r3, #1
10004424:	18c0      	adds	r0, r0, r3
10004426:	3803      	subs	r0, #3
10004428:	d2fd      	bcs.n	10004426 <clocks_init+0x1a2>
1000442a:	22e0      	movs	r2, #224	; 0xe0
1000442c:	4943      	ldr	r1, [pc, #268]	; (1000453c <clocks_init+0x2b8>)
1000442e:	680b      	ldr	r3, [r1, #0]
10004430:	401a      	ands	r2, r3
10004432:	2380      	movs	r3, #128	; 0x80
10004434:	015b      	lsls	r3, r3, #5
10004436:	432b      	orrs	r3, r5
10004438:	601a      	str	r2, [r3, #0]
1000443a:	2380      	movs	r3, #128	; 0x80
1000443c:	2280      	movs	r2, #128	; 0x80
1000443e:	019b      	lsls	r3, r3, #6
10004440:	432b      	orrs	r3, r5
10004442:	0112      	lsls	r2, r2, #4
10004444:	601a      	str	r2, [r3, #0]
10004446:	2380      	movs	r3, #128	; 0x80
10004448:	2280      	movs	r2, #128	; 0x80
1000444a:	005b      	lsls	r3, r3, #1
1000444c:	604b      	str	r3, [r1, #4]
1000444e:	4b2c      	ldr	r3, [pc, #176]	; (10004500 <clocks_init+0x27c>)
10004450:	02d2      	lsls	r2, r2, #11
10004452:	6223      	str	r3, [r4, #32]
10004454:	4b3b      	ldr	r3, [pc, #236]	; (10004544 <clocks_init+0x2c0>)
10004456:	6859      	ldr	r1, [r3, #4]
10004458:	4291      	cmp	r1, r2
1000445a:	d200      	bcs.n	1000445e <clocks_init+0x1da>
1000445c:	605a      	str	r2, [r3, #4]
1000445e:	2280      	movs	r2, #128	; 0x80
10004460:	4b39      	ldr	r3, [pc, #228]	; (10004548 <clocks_init+0x2c4>)
10004462:	6a61      	ldr	r1, [r4, #36]	; 0x24
10004464:	0112      	lsls	r2, r2, #4
10004466:	4d37      	ldr	r5, [pc, #220]	; (10004544 <clocks_init+0x2c0>)
10004468:	601a      	str	r2, [r3, #0]
1000446a:	2900      	cmp	r1, #0
1000446c:	d007      	beq.n	1000447e <clocks_init+0x1fa>
1000446e:	6960      	ldr	r0, [r4, #20]
10004470:	f001 fd0e 	bl	10005e90 <__wrap___aeabi_uidiv>
10004474:	1c43      	adds	r3, r0, #1
10004476:	0058      	lsls	r0, r3, #1
10004478:	18c0      	adds	r0, r0, r3
1000447a:	3803      	subs	r0, #3
1000447c:	d2fd      	bcs.n	1000447a <clocks_init+0x1f6>
1000447e:	22e0      	movs	r2, #224	; 0xe0
10004480:	4930      	ldr	r1, [pc, #192]	; (10004544 <clocks_init+0x2c0>)
10004482:	680b      	ldr	r3, [r1, #0]
10004484:	401a      	ands	r2, r3
10004486:	2380      	movs	r3, #128	; 0x80
10004488:	015b      	lsls	r3, r3, #5
1000448a:	432b      	orrs	r3, r5
1000448c:	601a      	str	r2, [r3, #0]
1000448e:	2380      	movs	r3, #128	; 0x80
10004490:	2280      	movs	r2, #128	; 0x80
10004492:	019b      	lsls	r3, r3, #6
10004494:	432b      	orrs	r3, r5
10004496:	0112      	lsls	r2, r2, #4
10004498:	601a      	str	r2, [r3, #0]
1000449a:	2380      	movs	r3, #128	; 0x80
1000449c:	02db      	lsls	r3, r3, #11
1000449e:	604b      	str	r3, [r1, #4]
100044a0:	4b18      	ldr	r3, [pc, #96]	; (10004504 <clocks_init+0x280>)
100044a2:	6263      	str	r3, [r4, #36]	; 0x24
100044a4:	4b29      	ldr	r3, [pc, #164]	; (1000454c <clocks_init+0x2c8>)
100044a6:	685a      	ldr	r2, [r3, #4]
100044a8:	2aff      	cmp	r2, #255	; 0xff
100044aa:	d802      	bhi.n	100044b2 <clocks_init+0x22e>
100044ac:	2280      	movs	r2, #128	; 0x80
100044ae:	0052      	lsls	r2, r2, #1
100044b0:	605a      	str	r2, [r3, #4]
100044b2:	2280      	movs	r2, #128	; 0x80
100044b4:	4b26      	ldr	r3, [pc, #152]	; (10004550 <clocks_init+0x2cc>)
100044b6:	69a1      	ldr	r1, [r4, #24]
100044b8:	0112      	lsls	r2, r2, #4
100044ba:	4d24      	ldr	r5, [pc, #144]	; (1000454c <clocks_init+0x2c8>)
100044bc:	601a      	str	r2, [r3, #0]
100044be:	2900      	cmp	r1, #0
100044c0:	d007      	beq.n	100044d2 <clocks_init+0x24e>
100044c2:	6960      	ldr	r0, [r4, #20]
100044c4:	f001 fce4 	bl	10005e90 <__wrap___aeabi_uidiv>
100044c8:	1c43      	adds	r3, r0, #1
100044ca:	0058      	lsls	r0, r3, #1
100044cc:	18c0      	adds	r0, r0, r3
100044ce:	3803      	subs	r0, #3
100044d0:	d2fd      	bcs.n	100044ce <clocks_init+0x24a>
100044d2:	22e0      	movs	r2, #224	; 0xe0
100044d4:	491d      	ldr	r1, [pc, #116]	; (1000454c <clocks_init+0x2c8>)
100044d6:	680b      	ldr	r3, [r1, #0]
100044d8:	401a      	ands	r2, r3
100044da:	2380      	movs	r3, #128	; 0x80
100044dc:	015b      	lsls	r3, r3, #5
100044de:	432b      	orrs	r3, r5
100044e0:	601a      	str	r2, [r3, #0]
100044e2:	2380      	movs	r3, #128	; 0x80
100044e4:	2280      	movs	r2, #128	; 0x80
100044e6:	019b      	lsls	r3, r3, #6
100044e8:	432b      	orrs	r3, r5
100044ea:	0112      	lsls	r2, r2, #4
100044ec:	601a      	str	r2, [r3, #0]
100044ee:	2380      	movs	r3, #128	; 0x80
100044f0:	005b      	lsls	r3, r3, #1
100044f2:	604b      	str	r3, [r1, #4]
100044f4:	4b0e      	ldr	r3, [pc, #56]	; (10004530 <clocks_init+0x2ac>)
100044f6:	61a3      	str	r3, [r4, #24]
100044f8:	e6da      	b.n	100042b0 <clocks_init+0x2c>
100044fa:	46c0      	nop			; (mov r8, r8)
100044fc:	20002794 	.word	0x20002794
10004500:	02dc6c00 	.word	0x02dc6c00
10004504:	0000b71b 	.word	0x0000b71b
10004508:	40008000 	.word	0x40008000
1000450c:	4000b03c 	.word	0x4000b03c
10004510:	4000b030 	.word	0x4000b030
10004514:	59682f00 	.word	0x59682f00
10004518:	40028000 	.word	0x40028000
1000451c:	47868c00 	.word	0x47868c00
10004520:	4002c000 	.word	0x4002c000
10004524:	40008030 	.word	0x40008030
10004528:	00b71b00 	.word	0x00b71b00
1000452c:	4000803c 	.word	0x4000803c
10004530:	07735940 	.word	0x07735940
10004534:	40008054 	.word	0x40008054
10004538:	4000b054 	.word	0x4000b054
1000453c:	40008060 	.word	0x40008060
10004540:	4000b060 	.word	0x4000b060
10004544:	4000806c 	.word	0x4000806c
10004548:	4000b06c 	.word	0x4000b06c
1000454c:	40008048 	.word	0x40008048
10004550:	4000b048 	.word	0x4000b048

10004554 <clock_get_hz>:
10004554:	4b01      	ldr	r3, [pc, #4]	; (1000455c <clock_get_hz+0x8>)
10004556:	0080      	lsls	r0, r0, #2
10004558:	58c0      	ldr	r0, [r0, r3]
1000455a:	4770      	bx	lr
1000455c:	20002794 	.word	0x20002794

10004560 <pll_init>:
10004560:	b5f8      	push	{r3, r4, r5, r6, r7, lr}
10004562:	0004      	movs	r4, r0
10004564:	4821      	ldr	r0, [pc, #132]	; (100045ec <pll_init+0x8c>)
10004566:	001d      	movs	r5, r3
10004568:	0017      	movs	r7, r2
1000456a:	000e      	movs	r6, r1
1000456c:	f001 fc90 	bl	10005e90 <__wrap___aeabi_uidiv>
10004570:	0001      	movs	r1, r0
10004572:	0038      	movs	r0, r7
10004574:	f001 fc8c 	bl	10005e90 <__wrap___aeabi_uidiv>
10004578:	9b06      	ldr	r3, [sp, #24]
1000457a:	0429      	lsls	r1, r5, #16
1000457c:	031b      	lsls	r3, r3, #12
1000457e:	4319      	orrs	r1, r3
10004580:	6823      	ldr	r3, [r4, #0]
10004582:	2b00      	cmp	r3, #0
10004584:	db20      	blt.n	100045c8 <pll_init+0x68>
10004586:	4b1a      	ldr	r3, [pc, #104]	; (100045f0 <pll_init+0x90>)
10004588:	4d1a      	ldr	r5, [pc, #104]	; (100045f4 <pll_init+0x94>)
1000458a:	18e2      	adds	r2, r4, r3
1000458c:	4253      	negs	r3, r2
1000458e:	415a      	adcs	r2, r3
10004590:	2380      	movs	r3, #128	; 0x80
10004592:	015b      	lsls	r3, r3, #5
10004594:	469c      	mov	ip, r3
10004596:	0312      	lsls	r2, r2, #12
10004598:	4b17      	ldr	r3, [pc, #92]	; (100045f8 <pll_init+0x98>)
1000459a:	4462      	add	r2, ip
1000459c:	601a      	str	r2, [r3, #0]
1000459e:	4b17      	ldr	r3, [pc, #92]	; (100045fc <pll_init+0x9c>)
100045a0:	601a      	str	r2, [r3, #0]
100045a2:	0017      	movs	r7, r2
100045a4:	68ab      	ldr	r3, [r5, #8]
100045a6:	439f      	bics	r7, r3
100045a8:	d1fb      	bne.n	100045a2 <pll_init+0x42>
100045aa:	22c0      	movs	r2, #192	; 0xc0
100045ac:	1d23      	adds	r3, r4, #4
100045ae:	0192      	lsls	r2, r2, #6
100045b0:	431a      	orrs	r2, r3
100045b2:	2321      	movs	r3, #33	; 0x21
100045b4:	6026      	str	r6, [r4, #0]
100045b6:	60a0      	str	r0, [r4, #8]
100045b8:	6013      	str	r3, [r2, #0]
100045ba:	6823      	ldr	r3, [r4, #0]
100045bc:	2b00      	cmp	r3, #0
100045be:	dafc      	bge.n	100045ba <pll_init+0x5a>
100045c0:	2308      	movs	r3, #8
100045c2:	60e1      	str	r1, [r4, #12]
100045c4:	6013      	str	r3, [r2, #0]
100045c6:	bdf8      	pop	{r3, r4, r5, r6, r7, pc}
100045c8:	233f      	movs	r3, #63	; 0x3f
100045ca:	6822      	ldr	r2, [r4, #0]
100045cc:	4013      	ands	r3, r2
100045ce:	42b3      	cmp	r3, r6
100045d0:	d1d9      	bne.n	10004586 <pll_init+0x26>
100045d2:	68a3      	ldr	r3, [r4, #8]
100045d4:	051b      	lsls	r3, r3, #20
100045d6:	0d1b      	lsrs	r3, r3, #20
100045d8:	4283      	cmp	r3, r0
100045da:	d1d4      	bne.n	10004586 <pll_init+0x26>
100045dc:	22ee      	movs	r2, #238	; 0xee
100045de:	68e3      	ldr	r3, [r4, #12]
100045e0:	02d2      	lsls	r2, r2, #11
100045e2:	4013      	ands	r3, r2
100045e4:	428b      	cmp	r3, r1
100045e6:	d1ce      	bne.n	10004586 <pll_init+0x26>
100045e8:	e7ed      	b.n	100045c6 <pll_init+0x66>
100045ea:	46c0      	nop			; (mov r8, r8)
100045ec:	00b71b00 	.word	0x00b71b00
100045f0:	bffd4000 	.word	0xbffd4000
100045f4:	4000c000 	.word	0x4000c000
100045f8:	4000e000 	.word	0x4000e000
100045fc:	4000f000 	.word	0x4000f000

10004600 <watchdog_start_tick>:
10004600:	2380      	movs	r3, #128	; 0x80
10004602:	4a02      	ldr	r2, [pc, #8]	; (1000460c <watchdog_start_tick+0xc>)
10004604:	009b      	lsls	r3, r3, #2
10004606:	4303      	orrs	r3, r0
10004608:	62d3      	str	r3, [r2, #44]	; 0x2c
1000460a:	4770      	bx	lr
1000460c:	40058000 	.word	0x40058000

10004610 <watchdog_reboot>:
10004610:	b510      	push	{r4, lr}
10004612:	0014      	movs	r4, r2
10004614:	2280      	movs	r2, #128	; 0x80
10004616:	4b1b      	ldr	r3, [pc, #108]	; (10004684 <watchdog_reboot+0x74>)
10004618:	05d2      	lsls	r2, r2, #23
1000461a:	601a      	str	r2, [r3, #0]
1000461c:	2800      	cmp	r0, #0
1000461e:	d01a      	beq.n	10004656 <watchdog_reboot+0x46>
10004620:	2301      	movs	r3, #1
10004622:	4a19      	ldr	r2, [pc, #100]	; (10004688 <watchdog_reboot+0x78>)
10004624:	4318      	orrs	r0, r3
10004626:	4b19      	ldr	r3, [pc, #100]	; (1000468c <watchdog_reboot+0x7c>)
10004628:	61da      	str	r2, [r3, #28]
1000462a:	4a19      	ldr	r2, [pc, #100]	; (10004690 <watchdog_reboot+0x80>)
1000462c:	4042      	eors	r2, r0
1000462e:	621a      	str	r2, [r3, #32]
10004630:	6259      	str	r1, [r3, #36]	; 0x24
10004632:	6298      	str	r0, [r3, #40]	; 0x28
10004634:	2280      	movs	r2, #128	; 0x80
10004636:	4b13      	ldr	r3, [pc, #76]	; (10004684 <watchdog_reboot+0x74>)
10004638:	05d2      	lsls	r2, r2, #23
1000463a:	601a      	str	r2, [r3, #0]
1000463c:	4915      	ldr	r1, [pc, #84]	; (10004694 <watchdog_reboot+0x84>)
1000463e:	4a16      	ldr	r2, [pc, #88]	; (10004698 <watchdog_reboot+0x88>)
10004640:	6011      	str	r1, [r2, #0]
10004642:	22e0      	movs	r2, #224	; 0xe0
10004644:	04d2      	lsls	r2, r2, #19
10004646:	601a      	str	r2, [r3, #0]
10004648:	2c00      	cmp	r4, #0
1000464a:	d107      	bne.n	1000465c <watchdog_reboot+0x4c>
1000464c:	2280      	movs	r2, #128	; 0x80
1000464e:	4b13      	ldr	r3, [pc, #76]	; (1000469c <watchdog_reboot+0x8c>)
10004650:	0612      	lsls	r2, r2, #24
10004652:	601a      	str	r2, [r3, #0]
10004654:	bd10      	pop	{r4, pc}
10004656:	4b0d      	ldr	r3, [pc, #52]	; (1000468c <watchdog_reboot+0x7c>)
10004658:	61d8      	str	r0, [r3, #28]
1000465a:	e7eb      	b.n	10004634 <watchdog_reboot+0x24>
1000465c:	0163      	lsls	r3, r4, #5
1000465e:	1b1b      	subs	r3, r3, r4
10004660:	009a      	lsls	r2, r3, #2
10004662:	2380      	movs	r3, #128	; 0x80
10004664:	1912      	adds	r2, r2, r4
10004666:	0112      	lsls	r2, r2, #4
10004668:	045b      	lsls	r3, r3, #17
1000466a:	429a      	cmp	r2, r3
1000466c:	d300      	bcc.n	10004670 <watchdog_reboot+0x60>
1000466e:	4a0c      	ldr	r2, [pc, #48]	; (100046a0 <watchdog_reboot+0x90>)
10004670:	4b0c      	ldr	r3, [pc, #48]	; (100046a4 <watchdog_reboot+0x94>)
10004672:	601a      	str	r2, [r3, #0]
10004674:	4b05      	ldr	r3, [pc, #20]	; (1000468c <watchdog_reboot+0x7c>)
10004676:	605a      	str	r2, [r3, #4]
10004678:	2280      	movs	r2, #128	; 0x80
1000467a:	4b08      	ldr	r3, [pc, #32]	; (1000469c <watchdog_reboot+0x8c>)
1000467c:	05d2      	lsls	r2, r2, #23
1000467e:	601a      	str	r2, [r3, #0]
10004680:	e7e8      	b.n	10004654 <watchdog_reboot+0x44>
10004682:	46c0      	nop			; (mov r8, r8)
10004684:	4005b000 	.word	0x4005b000
10004688:	b007c0d3 	.word	0xb007c0d3
1000468c:	40058000 	.word	0x40058000
10004690:	4ff83f2d 	.word	0x4ff83f2d
10004694:	0001fffc 	.word	0x0001fffc
10004698:	40012008 	.word	0x40012008
1000469c:	4005a000 	.word	0x4005a000
100046a0:	00ffffff 	.word	0x00ffffff
100046a4:	20002c0c 	.word	0x20002c0c

100046a8 <xosc_init>:
100046a8:	23aa      	movs	r3, #170	; 0xaa
100046aa:	4a06      	ldr	r2, [pc, #24]	; (100046c4 <xosc_init+0x1c>)
100046ac:	011b      	lsls	r3, r3, #4
100046ae:	6013      	str	r3, [r2, #0]
100046b0:	232f      	movs	r3, #47	; 0x2f
100046b2:	4905      	ldr	r1, [pc, #20]	; (100046c8 <xosc_init+0x20>)
100046b4:	60d3      	str	r3, [r2, #12]
100046b6:	4b05      	ldr	r3, [pc, #20]	; (100046cc <xosc_init+0x24>)
100046b8:	6019      	str	r1, [r3, #0]
100046ba:	6853      	ldr	r3, [r2, #4]
100046bc:	2b00      	cmp	r3, #0
100046be:	dafc      	bge.n	100046ba <xosc_init+0x12>
100046c0:	4770      	bx	lr
100046c2:	46c0      	nop			; (mov r8, r8)
100046c4:	40024000 	.word	0x40024000
100046c8:	00fab000 	.word	0x00fab000
100046cc:	40026000 	.word	0x40026000

100046d0 <runtime_init>:
100046d0:	4b2c      	ldr	r3, [pc, #176]	; (10004784 <runtime_init+0xb4>)
100046d2:	4a2d      	ldr	r2, [pc, #180]	; (10004788 <runtime_init+0xb8>)
100046d4:	b570      	push	{r4, r5, r6, lr}
100046d6:	601a      	str	r2, [r3, #0]
100046d8:	4a2c      	ldr	r2, [pc, #176]	; (1000478c <runtime_init+0xbc>)
100046da:	4b2d      	ldr	r3, [pc, #180]	; (10004790 <runtime_init+0xc0>)
100046dc:	492d      	ldr	r1, [pc, #180]	; (10004794 <runtime_init+0xc4>)
100046de:	601a      	str	r2, [r3, #0]
100046e0:	0014      	movs	r4, r2
100046e2:	688b      	ldr	r3, [r1, #8]
100046e4:	439c      	bics	r4, r3
100046e6:	d1fb      	bne.n	100046e0 <runtime_init+0x10>
100046e8:	4d2b      	ldr	r5, [pc, #172]	; (10004798 <runtime_init+0xc8>)
100046ea:	4e2c      	ldr	r6, [pc, #176]	; (1000479c <runtime_init+0xcc>)
100046ec:	42b5      	cmp	r5, r6
100046ee:	d208      	bcs.n	10004702 <runtime_init+0x32>
100046f0:	3e01      	subs	r6, #1
100046f2:	1b76      	subs	r6, r6, r5
100046f4:	08b6      	lsrs	r6, r6, #2
100046f6:	cd08      	ldmia	r5!, {r3}
100046f8:	4798      	blx	r3
100046fa:	0023      	movs	r3, r4
100046fc:	3401      	adds	r4, #1
100046fe:	42b3      	cmp	r3, r6
10004700:	d1f9      	bne.n	100046f6 <runtime_init+0x26>
10004702:	f7ff fdbf 	bl	10004284 <clocks_init>
10004706:	4a26      	ldr	r2, [pc, #152]	; (100047a0 <runtime_init+0xd0>)
10004708:	4b21      	ldr	r3, [pc, #132]	; (10004790 <runtime_init+0xc0>)
1000470a:	601a      	str	r2, [r3, #0]
1000470c:	4a21      	ldr	r2, [pc, #132]	; (10004794 <runtime_init+0xc4>)
1000470e:	6893      	ldr	r3, [r2, #8]
10004710:	43db      	mvns	r3, r3
10004712:	01db      	lsls	r3, r3, #7
10004714:	09dd      	lsrs	r5, r3, #7
10004716:	2b00      	cmp	r3, #0
10004718:	d1f9      	bne.n	1000470e <runtime_init+0x3e>
1000471a:	2240      	movs	r2, #64	; 0x40
1000471c:	4b21      	ldr	r3, [pc, #132]	; (100047a4 <runtime_init+0xd4>)
1000471e:	4c22      	ldr	r4, [pc, #136]	; (100047a8 <runtime_init+0xd8>)
10004720:	4e22      	ldr	r6, [pc, #136]	; (100047ac <runtime_init+0xdc>)
10004722:	679a      	str	r2, [r3, #120]	; 0x78
10004724:	675a      	str	r2, [r3, #116]	; 0x74
10004726:	671a      	str	r2, [r3, #112]	; 0x70
10004728:	66da      	str	r2, [r3, #108]	; 0x6c
1000472a:	42b4      	cmp	r4, r6
1000472c:	d208      	bcs.n	10004740 <runtime_init+0x70>
1000472e:	6823      	ldr	r3, [r4, #0]
10004730:	0020      	movs	r0, r4
10004732:	2b00      	cmp	r3, #0
10004734:	d020      	beq.n	10004778 <runtime_init+0xa8>
10004736:	3408      	adds	r4, #8
10004738:	f7fe fee0 	bl	100034fc <recursive_mutex_init>
1000473c:	42b4      	cmp	r4, r6
1000473e:	d3f6      	bcc.n	1000472e <runtime_init+0x5e>
10004740:	4e1b      	ldr	r6, [pc, #108]	; (100047b0 <runtime_init+0xe0>)
10004742:	4c1c      	ldr	r4, [pc, #112]	; (100047b4 <runtime_init+0xe4>)
10004744:	22c0      	movs	r2, #192	; 0xc0
10004746:	68a1      	ldr	r1, [r4, #8]
10004748:	0030      	movs	r0, r6
1000474a:	f002 fbdf 	bl	10006f0c <__wrap___aeabi_memcpy>
1000474e:	60a6      	str	r6, [r4, #8]
10004750:	f7fe fc0c 	bl	10002f6c <spin_locks_reset>
10004754:	f7fe feaa 	bl	100034ac <irq_init_priorities>
10004758:	f7ff f87e 	bl	10003858 <alarm_pool_init_default>
1000475c:	4c16      	ldr	r4, [pc, #88]	; (100047b8 <runtime_init+0xe8>)
1000475e:	4e17      	ldr	r6, [pc, #92]	; (100047bc <runtime_init+0xec>)
10004760:	42b4      	cmp	r4, r6
10004762:	d208      	bcs.n	10004776 <runtime_init+0xa6>
10004764:	3e01      	subs	r6, #1
10004766:	1b36      	subs	r6, r6, r4
10004768:	08b6      	lsrs	r6, r6, #2
1000476a:	cc08      	ldmia	r4!, {r3}
1000476c:	4798      	blx	r3
1000476e:	002b      	movs	r3, r5
10004770:	3501      	adds	r5, #1
10004772:	429e      	cmp	r6, r3
10004774:	d1f9      	bne.n	1000476a <runtime_init+0x9a>
10004776:	bd70      	pop	{r4, r5, r6, pc}
10004778:	3408      	adds	r4, #8
1000477a:	f7fe feb1 	bl	100034e0 <mutex_init>
1000477e:	42b4      	cmp	r4, r6
10004780:	d3d5      	bcc.n	1000472e <runtime_init+0x5e>
10004782:	e7dd      	b.n	10004740 <runtime_init+0x70>
10004784:	4000e000 	.word	0x4000e000
10004788:	fefbcdbf 	.word	0xfefbcdbf
1000478c:	003c7ffe 	.word	0x003c7ffe
10004790:	4000f000 	.word	0x4000f000
10004794:	4000c000 	.word	0x4000c000
10004798:	20001448 	.word	0x20001448
1000479c:	20001458 	.word	0x20001458
100047a0:	01ffffff 	.word	0x01ffffff
100047a4:	4001f000 	.word	0x4001f000
100047a8:	20001438 	.word	0x20001438
100047ac:	20001448 	.word	0x20001448
100047b0:	20000000 	.word	0x20000000
100047b4:	e000ed00 	.word	0xe000ed00
100047b8:	20001458 	.word	0x20001458
100047bc:	2000145c 	.word	0x2000145c

100047c0 <_exit>:
100047c0:	be00      	bkpt	0x0000
100047c2:	e7fd      	b.n	100047c0 <_exit>

100047c4 <exit>:
100047c4:	b510      	push	{r4, lr}
100047c6:	f7ff fffb 	bl	100047c0 <_exit>
100047ca:	46c0      	nop			; (mov r8, r8)

100047cc <panic>:
100047cc:	b40f      	push	{r0, r1, r2, r3}
100047ce:	b500      	push	{lr}
100047d0:	4808      	ldr	r0, [pc, #32]	; (100047f4 <panic+0x28>)
100047d2:	b083      	sub	sp, #12
100047d4:	f002 fccc 	bl	10007170 <__wrap_puts>
100047d8:	9b04      	ldr	r3, [sp, #16]
100047da:	2b00      	cmp	r3, #0
100047dc:	d007      	beq.n	100047ee <panic+0x22>
100047de:	a905      	add	r1, sp, #20
100047e0:	0018      	movs	r0, r3
100047e2:	9101      	str	r1, [sp, #4]
100047e4:	f001 fada 	bl	10005d9c <weak_raw_vprintf>
100047e8:	4803      	ldr	r0, [pc, #12]	; (100047f8 <panic+0x2c>)
100047ea:	f002 fcc1 	bl	10007170 <__wrap_puts>
100047ee:	2001      	movs	r0, #1
100047f0:	f7ff ffe6 	bl	100047c0 <_exit>
100047f4:	1000a2f4 	.word	0x1000a2f4
100047f8:	1000a164 	.word	0x1000a164

100047fc <hard_assertion_failure>:
100047fc:	b510      	push	{r4, lr}
100047fe:	4801      	ldr	r0, [pc, #4]	; (10004804 <hard_assertion_failure+0x8>)
10004800:	f7ff ffe4 	bl	100047cc <panic>
10004804:	1000a304 	.word	0x1000a304

10004808 <_out_buffer>:
10004808:	429a      	cmp	r2, r3
1000480a:	d200      	bcs.n	1000480e <_out_buffer+0x6>
1000480c:	5488      	strb	r0, [r1, r2]
1000480e:	4770      	bx	lr

10004810 <_out_null>:
10004810:	4770      	bx	lr
10004812:	46c0      	nop			; (mov r8, r8)

10004814 <_out_rev>:
10004814:	b5f8      	push	{r3, r4, r5, r6, r7, lr}
10004816:	4657      	mov	r7, sl
10004818:	464e      	mov	r6, r9
1000481a:	4645      	mov	r5, r8
1000481c:	46de      	mov	lr, fp
1000481e:	b5e0      	push	{r5, r6, r7, lr}
10004820:	4699      	mov	r9, r3
10004822:	9b0a      	ldr	r3, [sp, #40]	; 0x28
10004824:	0007      	movs	r7, r0
10004826:	469a      	mov	sl, r3
10004828:	9b0d      	ldr	r3, [sp, #52]	; 0x34
1000482a:	4688      	mov	r8, r1
1000482c:	4693      	mov	fp, r2
1000482e:	0015      	movs	r5, r2
10004830:	9e0b      	ldr	r6, [sp, #44]	; 0x2c
10004832:	079b      	lsls	r3, r3, #30
10004834:	d110      	bne.n	10004858 <_out_rev+0x44>
10004836:	9b0c      	ldr	r3, [sp, #48]	; 0x30
10004838:	429e      	cmp	r6, r3
1000483a:	d20d      	bcs.n	10004858 <_out_rev+0x44>
1000483c:	1b9d      	subs	r5, r3, r6
1000483e:	0014      	movs	r4, r2
10004840:	000e      	movs	r6, r1
10004842:	445d      	add	r5, fp
10004844:	0022      	movs	r2, r4
10004846:	464b      	mov	r3, r9
10004848:	3401      	adds	r4, #1
1000484a:	0031      	movs	r1, r6
1000484c:	2020      	movs	r0, #32
1000484e:	47b8      	blx	r7
10004850:	42a5      	cmp	r5, r4
10004852:	d1f7      	bne.n	10004844 <_out_rev+0x30>
10004854:	46b0      	mov	r8, r6
10004856:	9e0b      	ldr	r6, [sp, #44]	; 0x2c
10004858:	2e00      	cmp	r6, #0
1000485a:	d027      	beq.n	100048ac <_out_rev+0x98>
1000485c:	4644      	mov	r4, r8
1000485e:	1975      	adds	r5, r6, r5
10004860:	4653      	mov	r3, sl
10004862:	1baa      	subs	r2, r5, r6
10004864:	3e01      	subs	r6, #1
10004866:	5d98      	ldrb	r0, [r3, r6]
10004868:	0021      	movs	r1, r4
1000486a:	464b      	mov	r3, r9
1000486c:	47b8      	blx	r7
1000486e:	2e00      	cmp	r6, #0
10004870:	d1f6      	bne.n	10004860 <_out_rev+0x4c>
10004872:	0023      	movs	r3, r4
10004874:	002c      	movs	r4, r5
10004876:	4698      	mov	r8, r3
10004878:	9b0d      	ldr	r3, [sp, #52]	; 0x34
1000487a:	079b      	lsls	r3, r3, #30
1000487c:	d50f      	bpl.n	1000489e <_out_rev+0x8a>
1000487e:	465b      	mov	r3, fp
10004880:	1ae5      	subs	r5, r4, r3
10004882:	9b0c      	ldr	r3, [sp, #48]	; 0x30
10004884:	42ab      	cmp	r3, r5
10004886:	d90a      	bls.n	1000489e <_out_rev+0x8a>
10004888:	4646      	mov	r6, r8
1000488a:	4698      	mov	r8, r3
1000488c:	0022      	movs	r2, r4
1000488e:	464b      	mov	r3, r9
10004890:	0031      	movs	r1, r6
10004892:	2020      	movs	r0, #32
10004894:	3501      	adds	r5, #1
10004896:	47b8      	blx	r7
10004898:	3401      	adds	r4, #1
1000489a:	45a8      	cmp	r8, r5
1000489c:	d8f6      	bhi.n	1000488c <_out_rev+0x78>
1000489e:	0020      	movs	r0, r4
100048a0:	bcf0      	pop	{r4, r5, r6, r7}
100048a2:	46bb      	mov	fp, r7
100048a4:	46b2      	mov	sl, r6
100048a6:	46a9      	mov	r9, r5
100048a8:	46a0      	mov	r8, r4
100048aa:	bdf8      	pop	{r3, r4, r5, r6, r7, pc}
100048ac:	002c      	movs	r4, r5
100048ae:	e7e3      	b.n	10004878 <_out_rev+0x64>

100048b0 <_ntoa_format>:
100048b0:	b5f0      	push	{r4, r5, r6, r7, lr}
100048b2:	464f      	mov	r7, r9
100048b4:	4646      	mov	r6, r8
100048b6:	46d6      	mov	lr, sl
100048b8:	b5c0      	push	{r6, r7, lr}
100048ba:	b084      	sub	sp, #16
100048bc:	4698      	mov	r8, r3
100048be:	ab0e      	add	r3, sp, #56	; 0x38
100048c0:	781b      	ldrb	r3, [r3, #0]
100048c2:	9f12      	ldr	r7, [sp, #72]	; 0x48
100048c4:	4699      	mov	r9, r3
100048c6:	4694      	mov	ip, r2
100048c8:	9c0d      	ldr	r4, [sp, #52]	; 0x34
100048ca:	9b10      	ldr	r3, [sp, #64]	; 0x40
100048cc:	9e11      	ldr	r6, [sp, #68]	; 0x44
100048ce:	07ba      	lsls	r2, r7, #30
100048d0:	d425      	bmi.n	1000491e <_ntoa_format+0x6e>
100048d2:	2e00      	cmp	r6, #0
100048d4:	d14b      	bne.n	1000496e <_ntoa_format+0xbe>
100048d6:	429c      	cmp	r4, r3
100048d8:	d300      	bcc.n	100048dc <_ntoa_format+0x2c>
100048da:	e0bf      	b.n	10004a5c <_ntoa_format+0x1ac>
100048dc:	2201      	movs	r2, #1
100048de:	403a      	ands	r2, r7
100048e0:	4692      	mov	sl, r2
100048e2:	2c1f      	cmp	r4, #31
100048e4:	d900      	bls.n	100048e8 <_ntoa_format+0x38>
100048e6:	e0b8      	b.n	10004a5a <_ntoa_format+0x1aa>
100048e8:	9a0c      	ldr	r2, [sp, #48]	; 0x30
100048ea:	1e55      	subs	r5, r2, #1
100048ec:	2230      	movs	r2, #48	; 0x30
100048ee:	e001      	b.n	100048f4 <_ntoa_format+0x44>
100048f0:	2c20      	cmp	r4, #32
100048f2:	d003      	beq.n	100048fc <_ntoa_format+0x4c>
100048f4:	3401      	adds	r4, #1
100048f6:	552a      	strb	r2, [r5, r4]
100048f8:	42a3      	cmp	r3, r4
100048fa:	d8f9      	bhi.n	100048f0 <_ntoa_format+0x40>
100048fc:	4652      	mov	r2, sl
100048fe:	2a00      	cmp	r2, #0
10004900:	d00d      	beq.n	1000491e <_ntoa_format+0x6e>
10004902:	42a6      	cmp	r6, r4
10004904:	d90b      	bls.n	1000491e <_ntoa_format+0x6e>
10004906:	2c20      	cmp	r4, #32
10004908:	d044      	beq.n	10004994 <_ntoa_format+0xe4>
1000490a:	9a0c      	ldr	r2, [sp, #48]	; 0x30
1000490c:	1e55      	subs	r5, r2, #1
1000490e:	2230      	movs	r2, #48	; 0x30
10004910:	e001      	b.n	10004916 <_ntoa_format+0x66>
10004912:	2c20      	cmp	r4, #32
10004914:	d03e      	beq.n	10004994 <_ntoa_format+0xe4>
10004916:	3401      	adds	r4, #1
10004918:	552a      	strb	r2, [r5, r4]
1000491a:	42b4      	cmp	r4, r6
1000491c:	d1f9      	bne.n	10004912 <_ntoa_format+0x62>
1000491e:	06fa      	lsls	r2, r7, #27
10004920:	d54d      	bpl.n	100049be <_ntoa_format+0x10e>
10004922:	057a      	lsls	r2, r7, #21
10004924:	d43f      	bmi.n	100049a6 <_ntoa_format+0xf6>
10004926:	2c00      	cmp	r4, #0
10004928:	d139      	bne.n	1000499e <_ntoa_format+0xee>
1000492a:	9b0f      	ldr	r3, [sp, #60]	; 0x3c
1000492c:	2b10      	cmp	r3, #16
1000492e:	d100      	bne.n	10004932 <_ntoa_format+0x82>
10004930:	e079      	b.n	10004a26 <_ntoa_format+0x176>
10004932:	9b0f      	ldr	r3, [sp, #60]	; 0x3c
10004934:	2b02      	cmp	r3, #2
10004936:	d100      	bne.n	1000493a <_ntoa_format+0x8a>
10004938:	e08a      	b.n	10004a50 <_ntoa_format+0x1a0>
1000493a:	2330      	movs	r3, #48	; 0x30
1000493c:	9a0c      	ldr	r2, [sp, #48]	; 0x30
1000493e:	2401      	movs	r4, #1
10004940:	7013      	strb	r3, [r2, #0]
10004942:	464b      	mov	r3, r9
10004944:	2b00      	cmp	r3, #0
10004946:	d03f      	beq.n	100049c8 <_ntoa_format+0x118>
10004948:	232d      	movs	r3, #45	; 0x2d
1000494a:	9a0c      	ldr	r2, [sp, #48]	; 0x30
1000494c:	5513      	strb	r3, [r2, r4]
1000494e:	3401      	adds	r4, #1
10004950:	9b0c      	ldr	r3, [sp, #48]	; 0x30
10004952:	4662      	mov	r2, ip
10004954:	9300      	str	r3, [sp, #0]
10004956:	9703      	str	r7, [sp, #12]
10004958:	4643      	mov	r3, r8
1000495a:	9602      	str	r6, [sp, #8]
1000495c:	9401      	str	r4, [sp, #4]
1000495e:	f7ff ff59 	bl	10004814 <_out_rev>
10004962:	b004      	add	sp, #16
10004964:	bce0      	pop	{r5, r6, r7}
10004966:	46ba      	mov	sl, r7
10004968:	46b1      	mov	r9, r6
1000496a:	46a8      	mov	r8, r5
1000496c:	bdf0      	pop	{r4, r5, r6, r7, pc}
1000496e:	2201      	movs	r2, #1
10004970:	0015      	movs	r5, r2
10004972:	403d      	ands	r5, r7
10004974:	46aa      	mov	sl, r5
10004976:	423a      	tst	r2, r7
10004978:	d02f      	beq.n	100049da <_ntoa_format+0x12a>
1000497a:	464a      	mov	r2, r9
1000497c:	2a00      	cmp	r2, #0
1000497e:	d102      	bne.n	10004986 <_ntoa_format+0xd6>
10004980:	320c      	adds	r2, #12
10004982:	423a      	tst	r2, r7
10004984:	d000      	beq.n	10004988 <_ntoa_format+0xd8>
10004986:	3e01      	subs	r6, #1
10004988:	429c      	cmp	r4, r3
1000498a:	d2ba      	bcs.n	10004902 <_ntoa_format+0x52>
1000498c:	2c1f      	cmp	r4, #31
1000498e:	d9ab      	bls.n	100048e8 <_ntoa_format+0x38>
10004990:	2e20      	cmp	r6, #32
10004992:	d927      	bls.n	100049e4 <_ntoa_format+0x134>
10004994:	2420      	movs	r4, #32
10004996:	06fa      	lsls	r2, r7, #27
10004998:	d5da      	bpl.n	10004950 <_ntoa_format+0xa0>
1000499a:	057a      	lsls	r2, r7, #21
1000499c:	d403      	bmi.n	100049a6 <_ntoa_format+0xf6>
1000499e:	42a3      	cmp	r3, r4
100049a0:	d02d      	beq.n	100049fe <_ntoa_format+0x14e>
100049a2:	42a6      	cmp	r6, r4
100049a4:	d02b      	beq.n	100049fe <_ntoa_format+0x14e>
100049a6:	9b0f      	ldr	r3, [sp, #60]	; 0x3c
100049a8:	2b10      	cmp	r3, #16
100049aa:	d032      	beq.n	10004a12 <_ntoa_format+0x162>
100049ac:	2b02      	cmp	r3, #2
100049ae:	d020      	beq.n	100049f2 <_ntoa_format+0x142>
100049b0:	2c20      	cmp	r4, #32
100049b2:	d0cd      	beq.n	10004950 <_ntoa_format+0xa0>
100049b4:	2230      	movs	r2, #48	; 0x30
100049b6:	9b0c      	ldr	r3, [sp, #48]	; 0x30
100049b8:	191b      	adds	r3, r3, r4
100049ba:	701a      	strb	r2, [r3, #0]
100049bc:	3401      	adds	r4, #1
100049be:	2c20      	cmp	r4, #32
100049c0:	d0c6      	beq.n	10004950 <_ntoa_format+0xa0>
100049c2:	464b      	mov	r3, r9
100049c4:	2b00      	cmp	r3, #0
100049c6:	d1bf      	bne.n	10004948 <_ntoa_format+0x98>
100049c8:	077b      	lsls	r3, r7, #29
100049ca:	d40d      	bmi.n	100049e8 <_ntoa_format+0x138>
100049cc:	073b      	lsls	r3, r7, #28
100049ce:	d5bf      	bpl.n	10004950 <_ntoa_format+0xa0>
100049d0:	2320      	movs	r3, #32
100049d2:	9a0c      	ldr	r2, [sp, #48]	; 0x30
100049d4:	5513      	strb	r3, [r2, r4]
100049d6:	3401      	adds	r4, #1
100049d8:	e7ba      	b.n	10004950 <_ntoa_format+0xa0>
100049da:	429c      	cmp	r4, r3
100049dc:	d29f      	bcs.n	1000491e <_ntoa_format+0x6e>
100049de:	2c1f      	cmp	r4, #31
100049e0:	d800      	bhi.n	100049e4 <_ntoa_format+0x134>
100049e2:	e781      	b.n	100048e8 <_ntoa_format+0x38>
100049e4:	2420      	movs	r4, #32
100049e6:	e79a      	b.n	1000491e <_ntoa_format+0x6e>
100049e8:	232b      	movs	r3, #43	; 0x2b
100049ea:	9a0c      	ldr	r2, [sp, #48]	; 0x30
100049ec:	5513      	strb	r3, [r2, r4]
100049ee:	3401      	adds	r4, #1
100049f0:	e7ae      	b.n	10004950 <_ntoa_format+0xa0>
100049f2:	2c20      	cmp	r4, #32
100049f4:	d0ac      	beq.n	10004950 <_ntoa_format+0xa0>
100049f6:	9b0c      	ldr	r3, [sp, #48]	; 0x30
100049f8:	191b      	adds	r3, r3, r4
100049fa:	3401      	adds	r4, #1
100049fc:	e03a      	b.n	10004a74 <_ntoa_format+0x1c4>
100049fe:	1e63      	subs	r3, r4, #1
10004a00:	2c01      	cmp	r4, #1
10004a02:	d092      	beq.n	1000492a <_ntoa_format+0x7a>
10004a04:	9a0f      	ldr	r2, [sp, #60]	; 0x3c
10004a06:	2a10      	cmp	r2, #16
10004a08:	d02a      	beq.n	10004a60 <_ntoa_format+0x1b0>
10004a0a:	2a02      	cmp	r2, #2
10004a0c:	d02f      	beq.n	10004a6e <_ntoa_format+0x1be>
10004a0e:	001c      	movs	r4, r3
10004a10:	e7d0      	b.n	100049b4 <_ntoa_format+0x104>
10004a12:	06bb      	lsls	r3, r7, #26
10004a14:	d40e      	bmi.n	10004a34 <_ntoa_format+0x184>
10004a16:	2c20      	cmp	r4, #32
10004a18:	d09a      	beq.n	10004950 <_ntoa_format+0xa0>
10004a1a:	9b0c      	ldr	r3, [sp, #48]	; 0x30
10004a1c:	191a      	adds	r2, r3, r4
10004a1e:	3401      	adds	r4, #1
10004a20:	2378      	movs	r3, #120	; 0x78
10004a22:	7013      	strb	r3, [r2, #0]
10004a24:	e7c4      	b.n	100049b0 <_ntoa_format+0x100>
10004a26:	06bb      	lsls	r3, r7, #26
10004a28:	d40d      	bmi.n	10004a46 <_ntoa_format+0x196>
10004a2a:	2378      	movs	r3, #120	; 0x78
10004a2c:	9a0c      	ldr	r2, [sp, #48]	; 0x30
10004a2e:	2401      	movs	r4, #1
10004a30:	7013      	strb	r3, [r2, #0]
10004a32:	e7bf      	b.n	100049b4 <_ntoa_format+0x104>
10004a34:	2c20      	cmp	r4, #32
10004a36:	d100      	bne.n	10004a3a <_ntoa_format+0x18a>
10004a38:	e78a      	b.n	10004950 <_ntoa_format+0xa0>
10004a3a:	2258      	movs	r2, #88	; 0x58
10004a3c:	9b0c      	ldr	r3, [sp, #48]	; 0x30
10004a3e:	191b      	adds	r3, r3, r4
10004a40:	701a      	strb	r2, [r3, #0]
10004a42:	3401      	adds	r4, #1
10004a44:	e7b4      	b.n	100049b0 <_ntoa_format+0x100>
10004a46:	2358      	movs	r3, #88	; 0x58
10004a48:	9a0c      	ldr	r2, [sp, #48]	; 0x30
10004a4a:	2401      	movs	r4, #1
10004a4c:	7013      	strb	r3, [r2, #0]
10004a4e:	e7b1      	b.n	100049b4 <_ntoa_format+0x104>
10004a50:	9a0c      	ldr	r2, [sp, #48]	; 0x30
10004a52:	3360      	adds	r3, #96	; 0x60
10004a54:	2401      	movs	r4, #1
10004a56:	7013      	strb	r3, [r2, #0]
10004a58:	e7ac      	b.n	100049b4 <_ntoa_format+0x104>
10004a5a:	2420      	movs	r4, #32
10004a5c:	2600      	movs	r6, #0
10004a5e:	e75e      	b.n	1000491e <_ntoa_format+0x6e>
10004a60:	3c02      	subs	r4, #2
10004a62:	06ba      	lsls	r2, r7, #26
10004a64:	d4e9      	bmi.n	10004a3a <_ntoa_format+0x18a>
10004a66:	9a0c      	ldr	r2, [sp, #48]	; 0x30
10004a68:	1912      	adds	r2, r2, r4
10004a6a:	001c      	movs	r4, r3
10004a6c:	e7d8      	b.n	10004a20 <_ntoa_format+0x170>
10004a6e:	9a0c      	ldr	r2, [sp, #48]	; 0x30
10004a70:	4692      	mov	sl, r2
10004a72:	4453      	add	r3, sl
10004a74:	2262      	movs	r2, #98	; 0x62
10004a76:	701a      	strb	r2, [r3, #0]
10004a78:	e79a      	b.n	100049b0 <_ntoa_format+0x100>
10004a7a:	46c0      	nop			; (mov r8, r8)

10004a7c <_out_char>:
10004a7c:	b510      	push	{r4, lr}
10004a7e:	2800      	cmp	r0, #0
10004a80:	d100      	bne.n	10004a84 <_out_char+0x8>
10004a82:	bd10      	pop	{r4, pc}
10004a84:	f002 fb28 	bl	100070d8 <__wrap_putchar>
10004a88:	e7fb      	b.n	10004a82 <_out_char+0x6>
10004a8a:	46c0      	nop			; (mov r8, r8)

10004a8c <_etoa>:
10004a8c:	b5f0      	push	{r4, r5, r6, r7, lr}
10004a8e:	46de      	mov	lr, fp
10004a90:	4657      	mov	r7, sl
10004a92:	464e      	mov	r6, r9
10004a94:	4645      	mov	r5, r8
10004a96:	b5e0      	push	{r5, r6, r7, lr}
10004a98:	b09b      	sub	sp, #108	; 0x6c
10004a9a:	469b      	mov	fp, r3
10004a9c:	9b24      	ldr	r3, [sp, #144]	; 0x90
10004a9e:	4689      	mov	r9, r1
10004aa0:	4698      	mov	r8, r3
10004aa2:	9b25      	ldr	r3, [sp, #148]	; 0x94
10004aa4:	900b      	str	r0, [sp, #44]	; 0x2c
10004aa6:	920c      	str	r2, [sp, #48]	; 0x30
10004aa8:	4640      	mov	r0, r8
10004aaa:	4642      	mov	r2, r8
10004aac:	0019      	movs	r1, r3
10004aae:	469a      	mov	sl, r3
10004ab0:	f001 fcb7 	bl	10006422 <__wrap___aeabi_dcmpun>
10004ab4:	2800      	cmp	r0, #0
10004ab6:	d000      	beq.n	10004aba <_etoa+0x2e>
10004ab8:	e0d8      	b.n	10004c6c <_etoa+0x1e0>
10004aba:	2201      	movs	r2, #1
10004abc:	4640      	mov	r0, r8
10004abe:	4651      	mov	r1, sl
10004ac0:	4b77      	ldr	r3, [pc, #476]	; (10004ca0 <_etoa+0x214>)
10004ac2:	4252      	negs	r2, r2
10004ac4:	f001 fca8 	bl	10006418 <__wrap___aeabi_dcmpgt>
10004ac8:	2800      	cmp	r0, #0
10004aca:	d000      	beq.n	10004ace <_etoa+0x42>
10004acc:	e0ce      	b.n	10004c6c <_etoa+0x1e0>
10004ace:	2201      	movs	r2, #1
10004ad0:	4640      	mov	r0, r8
10004ad2:	4651      	mov	r1, sl
10004ad4:	4b73      	ldr	r3, [pc, #460]	; (10004ca4 <_etoa+0x218>)
10004ad6:	4252      	negs	r2, r2
10004ad8:	f001 fc88 	bl	100063ec <__wrap___aeabi_dcmplt>
10004adc:	2800      	cmp	r0, #0
10004ade:	d000      	beq.n	10004ae2 <_etoa+0x56>
10004ae0:	e0c4      	b.n	10004c6c <_etoa+0x1e0>
10004ae2:	2200      	movs	r2, #0
10004ae4:	2300      	movs	r3, #0
10004ae6:	4640      	mov	r0, r8
10004ae8:	4651      	mov	r1, sl
10004aea:	f001 fc7f 	bl	100063ec <__wrap___aeabi_dcmplt>
10004aee:	2800      	cmp	r0, #0
10004af0:	d000      	beq.n	10004af4 <_etoa+0x68>
10004af2:	e1b9      	b.n	10004e68 <_etoa+0x3dc>
10004af4:	4642      	mov	r2, r8
10004af6:	4653      	mov	r3, sl
10004af8:	920a      	str	r2, [sp, #40]	; 0x28
10004afa:	9309      	str	r3, [sp, #36]	; 0x24
10004afc:	2380      	movs	r3, #128	; 0x80
10004afe:	9a28      	ldr	r2, [sp, #160]	; 0xa0
10004b00:	00db      	lsls	r3, r3, #3
10004b02:	401a      	ands	r2, r3
10004b04:	920e      	str	r2, [sp, #56]	; 0x38
10004b06:	9a28      	ldr	r2, [sp, #160]	; 0xa0
10004b08:	421a      	tst	r2, r3
10004b0a:	d101      	bne.n	10004b10 <_etoa+0x84>
10004b0c:	2306      	movs	r3, #6
10004b0e:	9326      	str	r3, [sp, #152]	; 0x98
10004b10:	9a0a      	ldr	r2, [sp, #40]	; 0x28
10004b12:	9b09      	ldr	r3, [sp, #36]	; 0x24
10004b14:	0016      	movs	r6, r2
10004b16:	4313      	orrs	r3, r2
10004b18:	d000      	beq.n	10004b1c <_etoa+0x90>
10004b1a:	e0c7      	b.n	10004cac <_etoa+0x220>
10004b1c:	9b28      	ldr	r3, [sp, #160]	; 0xa0
10004b1e:	2500      	movs	r5, #0
10004b20:	2600      	movs	r6, #0
10004b22:	051b      	lsls	r3, r3, #20
10004b24:	d400      	bmi.n	10004b28 <_etoa+0x9c>
10004b26:	e19b      	b.n	10004e60 <_etoa+0x3d4>
10004b28:	2300      	movs	r3, #0
10004b2a:	930d      	str	r3, [sp, #52]	; 0x34
10004b2c:	9a26      	ldr	r2, [sp, #152]	; 0x98
10004b2e:	9b0d      	ldr	r3, [sp, #52]	; 0x34
10004b30:	429a      	cmp	r2, r3
10004b32:	dc00      	bgt.n	10004b36 <_etoa+0xaa>
10004b34:	e19f      	b.n	10004e76 <_etoa+0x3ea>
10004b36:	1ad0      	subs	r0, r2, r3
10004b38:	1e43      	subs	r3, r0, #1
10004b3a:	9326      	str	r3, [sp, #152]	; 0x98
10004b3c:	2380      	movs	r3, #128	; 0x80
10004b3e:	9a28      	ldr	r2, [sp, #160]	; 0xa0
10004b40:	00db      	lsls	r3, r3, #3
10004b42:	431a      	orrs	r2, r3
10004b44:	2300      	movs	r3, #0
10004b46:	2700      	movs	r7, #0
10004b48:	9228      	str	r2, [sp, #160]	; 0xa0
10004b4a:	930d      	str	r3, [sp, #52]	; 0x34
10004b4c:	9b27      	ldr	r3, [sp, #156]	; 0x9c
10004b4e:	2400      	movs	r4, #0
10004b50:	42bb      	cmp	r3, r7
10004b52:	d900      	bls.n	10004b56 <_etoa+0xca>
10004b54:	1bdc      	subs	r4, r3, r7
10004b56:	2302      	movs	r3, #2
10004b58:	9a28      	ldr	r2, [sp, #160]	; 0xa0
10004b5a:	401a      	ands	r2, r3
10004b5c:	920e      	str	r2, [sp, #56]	; 0x38
10004b5e:	9a28      	ldr	r2, [sp, #160]	; 0xa0
10004b60:	4213      	tst	r3, r2
10004b62:	d003      	beq.n	10004b6c <_etoa+0xe0>
10004b64:	427b      	negs	r3, r7
10004b66:	417b      	adcs	r3, r7
10004b68:	425b      	negs	r3, r3
10004b6a:	401c      	ands	r4, r3
10004b6c:	9b0d      	ldr	r3, [sp, #52]	; 0x34
10004b6e:	2b00      	cmp	r3, #0
10004b70:	d007      	beq.n	10004b82 <_etoa+0xf6>
10004b72:	980a      	ldr	r0, [sp, #40]	; 0x28
10004b74:	9909      	ldr	r1, [sp, #36]	; 0x24
10004b76:	002a      	movs	r2, r5
10004b78:	0033      	movs	r3, r6
10004b7a:	f001 fbd6 	bl	1000632a <__wrap___aeabi_ddiv>
10004b7e:	900a      	str	r0, [sp, #40]	; 0x28
10004b80:	9109      	str	r1, [sp, #36]	; 0x24
10004b82:	2200      	movs	r2, #0
10004b84:	2300      	movs	r3, #0
10004b86:	4640      	mov	r0, r8
10004b88:	4651      	mov	r1, sl
10004b8a:	f001 fc2f 	bl	100063ec <__wrap___aeabi_dcmplt>
10004b8e:	2800      	cmp	r0, #0
10004b90:	d005      	beq.n	10004b9e <_etoa+0x112>
10004b92:	2080      	movs	r0, #128	; 0x80
10004b94:	0600      	lsls	r0, r0, #24
10004b96:	4684      	mov	ip, r0
10004b98:	9909      	ldr	r1, [sp, #36]	; 0x24
10004b9a:	4461      	add	r1, ip
10004b9c:	9109      	str	r1, [sp, #36]	; 0x24
10004b9e:	9a28      	ldr	r2, [sp, #160]	; 0xa0
10004ba0:	4b41      	ldr	r3, [pc, #260]	; (10004ca8 <_etoa+0x21c>)
10004ba2:	9d0b      	ldr	r5, [sp, #44]	; 0x2c
10004ba4:	4013      	ands	r3, r2
10004ba6:	9304      	str	r3, [sp, #16]
10004ba8:	9b26      	ldr	r3, [sp, #152]	; 0x98
10004baa:	9a0a      	ldr	r2, [sp, #40]	; 0x28
10004bac:	9302      	str	r3, [sp, #8]
10004bae:	9b09      	ldr	r3, [sp, #36]	; 0x24
10004bb0:	9403      	str	r4, [sp, #12]
10004bb2:	9200      	str	r2, [sp, #0]
10004bb4:	9301      	str	r3, [sp, #4]
10004bb6:	4649      	mov	r1, r9
10004bb8:	465b      	mov	r3, fp
10004bba:	0028      	movs	r0, r5
10004bbc:	9a0c      	ldr	r2, [sp, #48]	; 0x30
10004bbe:	f000 f98b 	bl	10004ed8 <_ftoa>
10004bc2:	0004      	movs	r4, r0
10004bc4:	2f00      	cmp	r7, #0
10004bc6:	d062      	beq.n	10004c8e <_etoa+0x202>
10004bc8:	9b28      	ldr	r3, [sp, #160]	; 0xa0
10004bca:	0022      	movs	r2, r4
10004bcc:	0698      	lsls	r0, r3, #26
10004bce:	231f      	movs	r3, #31
10004bd0:	17c0      	asrs	r0, r0, #31
10004bd2:	4398      	bics	r0, r3
10004bd4:	1c63      	adds	r3, r4, #1
10004bd6:	4698      	mov	r8, r3
10004bd8:	4649      	mov	r1, r9
10004bda:	465b      	mov	r3, fp
10004bdc:	3065      	adds	r0, #101	; 0x65
10004bde:	47a8      	blx	r5
10004be0:	9b0d      	ldr	r3, [sp, #52]	; 0x34
10004be2:	2500      	movs	r5, #0
10004be4:	17da      	asrs	r2, r3, #31
10004be6:	189c      	adds	r4, r3, r2
10004be8:	0fdb      	lsrs	r3, r3, #31
10004bea:	469a      	mov	sl, r3
10004bec:	4054      	eors	r4, r2
10004bee:	3f01      	subs	r7, #1
10004bf0:	e001      	b.n	10004bf6 <_etoa+0x16a>
10004bf2:	2d20      	cmp	r5, #32
10004bf4:	d013      	beq.n	10004c1e <_etoa+0x192>
10004bf6:	aa0a      	add	r2, sp, #40	; 0x28
10004bf8:	4694      	mov	ip, r2
10004bfa:	231f      	movs	r3, #31
10004bfc:	0020      	movs	r0, r4
10004bfe:	4463      	add	r3, ip
10004c00:	210a      	movs	r1, #10
10004c02:	3501      	adds	r5, #1
10004c04:	195e      	adds	r6, r3, r5
10004c06:	f001 f943 	bl	10005e90 <__wrap___aeabi_uidiv>
10004c0a:	3130      	adds	r1, #48	; 0x30
10004c0c:	7031      	strb	r1, [r6, #0]
10004c0e:	0020      	movs	r0, r4
10004c10:	210a      	movs	r1, #10
10004c12:	f001 f93d 	bl	10005e90 <__wrap___aeabi_uidiv>
10004c16:	0026      	movs	r6, r4
10004c18:	0004      	movs	r4, r0
10004c1a:	2e09      	cmp	r6, #9
10004c1c:	d8e9      	bhi.n	10004bf2 <_etoa+0x166>
10004c1e:	2305      	movs	r3, #5
10004c20:	9306      	str	r3, [sp, #24]
10004c22:	2300      	movs	r3, #0
10004c24:	9304      	str	r3, [sp, #16]
10004c26:	330a      	adds	r3, #10
10004c28:	9303      	str	r3, [sp, #12]
10004c2a:	4653      	mov	r3, sl
10004c2c:	9705      	str	r7, [sp, #20]
10004c2e:	9f0b      	ldr	r7, [sp, #44]	; 0x2c
10004c30:	9302      	str	r3, [sp, #8]
10004c32:	ab12      	add	r3, sp, #72	; 0x48
10004c34:	9300      	str	r3, [sp, #0]
10004c36:	4642      	mov	r2, r8
10004c38:	465b      	mov	r3, fp
10004c3a:	4649      	mov	r1, r9
10004c3c:	0038      	movs	r0, r7
10004c3e:	9501      	str	r5, [sp, #4]
10004c40:	f7ff fe36 	bl	100048b0 <_ntoa_format>
10004c44:	9b0e      	ldr	r3, [sp, #56]	; 0x38
10004c46:	0004      	movs	r4, r0
10004c48:	2b00      	cmp	r3, #0
10004c4a:	d020      	beq.n	10004c8e <_etoa+0x202>
10004c4c:	9b0c      	ldr	r3, [sp, #48]	; 0x30
10004c4e:	1ac5      	subs	r5, r0, r3
10004c50:	9b27      	ldr	r3, [sp, #156]	; 0x9c
10004c52:	42ab      	cmp	r3, r5
10004c54:	d91b      	bls.n	10004c8e <_etoa+0x202>
10004c56:	001e      	movs	r6, r3
10004c58:	0022      	movs	r2, r4
10004c5a:	465b      	mov	r3, fp
10004c5c:	4649      	mov	r1, r9
10004c5e:	2020      	movs	r0, #32
10004c60:	3501      	adds	r5, #1
10004c62:	47b8      	blx	r7
10004c64:	3401      	adds	r4, #1
10004c66:	42ae      	cmp	r6, r5
10004c68:	d8f6      	bhi.n	10004c58 <_etoa+0x1cc>
10004c6a:	e010      	b.n	10004c8e <_etoa+0x202>
10004c6c:	9b28      	ldr	r3, [sp, #160]	; 0xa0
10004c6e:	4642      	mov	r2, r8
10004c70:	9304      	str	r3, [sp, #16]
10004c72:	9b27      	ldr	r3, [sp, #156]	; 0x9c
10004c74:	4649      	mov	r1, r9
10004c76:	9303      	str	r3, [sp, #12]
10004c78:	9b26      	ldr	r3, [sp, #152]	; 0x98
10004c7a:	980b      	ldr	r0, [sp, #44]	; 0x2c
10004c7c:	9302      	str	r3, [sp, #8]
10004c7e:	4653      	mov	r3, sl
10004c80:	9200      	str	r2, [sp, #0]
10004c82:	9301      	str	r3, [sp, #4]
10004c84:	465b      	mov	r3, fp
10004c86:	9a0c      	ldr	r2, [sp, #48]	; 0x30
10004c88:	f000 f926 	bl	10004ed8 <_ftoa>
10004c8c:	0004      	movs	r4, r0
10004c8e:	0020      	movs	r0, r4
10004c90:	b01b      	add	sp, #108	; 0x6c
10004c92:	bcf0      	pop	{r4, r5, r6, r7}
10004c94:	46bb      	mov	fp, r7
10004c96:	46b2      	mov	sl, r6
10004c98:	46a9      	mov	r9, r5
10004c9a:	46a0      	mov	r8, r4
10004c9c:	bdf0      	pop	{r4, r5, r6, r7, pc}
10004c9e:	46c0      	nop			; (mov r8, r8)
10004ca0:	7fefffff 	.word	0x7fefffff
10004ca4:	ffefffff 	.word	0xffefffff
10004ca8:	fffff7ff 	.word	0xfffff7ff
10004cac:	4b73      	ldr	r3, [pc, #460]	; (10004e7c <_etoa+0x3f0>)
10004cae:	9f09      	ldr	r7, [sp, #36]	; 0x24
10004cb0:	469c      	mov	ip, r3
10004cb2:	0078      	lsls	r0, r7, #1
10004cb4:	0d40      	lsrs	r0, r0, #21
10004cb6:	4460      	add	r0, ip
10004cb8:	f001 fbc6 	bl	10006448 <__wrap___aeabi_i2d>
10004cbc:	4a70      	ldr	r2, [pc, #448]	; (10004e80 <_etoa+0x3f4>)
10004cbe:	4b71      	ldr	r3, [pc, #452]	; (10004e84 <_etoa+0x3f8>)
10004cc0:	f001 fb51 	bl	10006366 <__wrap___aeabi_dmul>
10004cc4:	4a70      	ldr	r2, [pc, #448]	; (10004e88 <_etoa+0x3fc>)
10004cc6:	4b71      	ldr	r3, [pc, #452]	; (10004e8c <_etoa+0x400>)
10004cc8:	f001 fb26 	bl	10006318 <__wrap___aeabi_dadd>
10004ccc:	033b      	lsls	r3, r7, #12
10004cce:	4a70      	ldr	r2, [pc, #448]	; (10004e90 <_etoa+0x404>)
10004cd0:	0b1b      	lsrs	r3, r3, #12
10004cd2:	431a      	orrs	r2, r3
10004cd4:	0004      	movs	r4, r0
10004cd6:	000d      	movs	r5, r1
10004cd8:	0030      	movs	r0, r6
10004cda:	0011      	movs	r1, r2
10004cdc:	4b6d      	ldr	r3, [pc, #436]	; (10004e94 <_etoa+0x408>)
10004cde:	2200      	movs	r2, #0
10004ce0:	f001 fb11 	bl	10006306 <__wrap___aeabi_dsub>
10004ce4:	4a6c      	ldr	r2, [pc, #432]	; (10004e98 <_etoa+0x40c>)
10004ce6:	4b6d      	ldr	r3, [pc, #436]	; (10004e9c <_etoa+0x410>)
10004ce8:	f001 fb3d 	bl	10006366 <__wrap___aeabi_dmul>
10004cec:	0002      	movs	r2, r0
10004cee:	000b      	movs	r3, r1
10004cf0:	0020      	movs	r0, r4
10004cf2:	0029      	movs	r1, r5
10004cf4:	f001 fb10 	bl	10006318 <__wrap___aeabi_dadd>
10004cf8:	f001 fbbe 	bl	10006478 <__wrap___aeabi_d2iz>
10004cfc:	900d      	str	r0, [sp, #52]	; 0x34
10004cfe:	f001 fba3 	bl	10006448 <__wrap___aeabi_i2d>
10004d02:	4a67      	ldr	r2, [pc, #412]	; (10004ea0 <_etoa+0x414>)
10004d04:	4b67      	ldr	r3, [pc, #412]	; (10004ea4 <_etoa+0x418>)
10004d06:	0004      	movs	r4, r0
10004d08:	000d      	movs	r5, r1
10004d0a:	f001 fb2c 	bl	10006366 <__wrap___aeabi_dmul>
10004d0e:	2200      	movs	r2, #0
10004d10:	4b65      	ldr	r3, [pc, #404]	; (10004ea8 <_etoa+0x41c>)
10004d12:	f001 fb01 	bl	10006318 <__wrap___aeabi_dadd>
10004d16:	f001 fbaf 	bl	10006478 <__wrap___aeabi_d2iz>
10004d1a:	4a64      	ldr	r2, [pc, #400]	; (10004eac <_etoa+0x420>)
10004d1c:	0006      	movs	r6, r0
10004d1e:	4b64      	ldr	r3, [pc, #400]	; (10004eb0 <_etoa+0x424>)
10004d20:	0020      	movs	r0, r4
10004d22:	0029      	movs	r1, r5
10004d24:	f001 fb1f 	bl	10006366 <__wrap___aeabi_dmul>
10004d28:	0004      	movs	r4, r0
10004d2a:	0030      	movs	r0, r6
10004d2c:	000d      	movs	r5, r1
10004d2e:	960f      	str	r6, [sp, #60]	; 0x3c
10004d30:	f001 fb8a 	bl	10006448 <__wrap___aeabi_i2d>
10004d34:	4a5f      	ldr	r2, [pc, #380]	; (10004eb4 <_etoa+0x428>)
10004d36:	4b60      	ldr	r3, [pc, #384]	; (10004eb8 <_etoa+0x42c>)
10004d38:	f001 fb15 	bl	10006366 <__wrap___aeabi_dmul>
10004d3c:	0002      	movs	r2, r0
10004d3e:	000b      	movs	r3, r1
10004d40:	0020      	movs	r0, r4
10004d42:	0029      	movs	r1, r5
10004d44:	f001 fadf 	bl	10006306 <__wrap___aeabi_dsub>
10004d48:	0002      	movs	r2, r0
10004d4a:	000b      	movs	r3, r1
10004d4c:	0006      	movs	r6, r0
10004d4e:	000f      	movs	r7, r1
10004d50:	f001 fb09 	bl	10006366 <__wrap___aeabi_dmul>
10004d54:	0032      	movs	r2, r6
10004d56:	0004      	movs	r4, r0
10004d58:	000d      	movs	r5, r1
10004d5a:	003b      	movs	r3, r7
10004d5c:	0030      	movs	r0, r6
10004d5e:	0039      	movs	r1, r7
10004d60:	f001 fada 	bl	10006318 <__wrap___aeabi_dadd>
10004d64:	2200      	movs	r2, #0
10004d66:	9010      	str	r0, [sp, #64]	; 0x40
10004d68:	9111      	str	r1, [sp, #68]	; 0x44
10004d6a:	4b54      	ldr	r3, [pc, #336]	; (10004ebc <_etoa+0x430>)
10004d6c:	0020      	movs	r0, r4
10004d6e:	0029      	movs	r1, r5
10004d70:	f001 fadb 	bl	1000632a <__wrap___aeabi_ddiv>
10004d74:	2200      	movs	r2, #0
10004d76:	4b52      	ldr	r3, [pc, #328]	; (10004ec0 <_etoa+0x434>)
10004d78:	f001 face 	bl	10006318 <__wrap___aeabi_dadd>
10004d7c:	0002      	movs	r2, r0
10004d7e:	000b      	movs	r3, r1
10004d80:	0020      	movs	r0, r4
10004d82:	0029      	movs	r1, r5
10004d84:	f001 fad1 	bl	1000632a <__wrap___aeabi_ddiv>
10004d88:	2200      	movs	r2, #0
10004d8a:	4b4e      	ldr	r3, [pc, #312]	; (10004ec4 <_etoa+0x438>)
10004d8c:	f001 fac4 	bl	10006318 <__wrap___aeabi_dadd>
10004d90:	0002      	movs	r2, r0
10004d92:	000b      	movs	r3, r1
10004d94:	0020      	movs	r0, r4
10004d96:	0029      	movs	r1, r5
10004d98:	f001 fac7 	bl	1000632a <__wrap___aeabi_ddiv>
10004d9c:	000d      	movs	r5, r1
10004d9e:	2180      	movs	r1, #128	; 0x80
10004da0:	0004      	movs	r4, r0
10004da2:	0032      	movs	r2, r6
10004da4:	003b      	movs	r3, r7
10004da6:	2000      	movs	r0, #0
10004da8:	05c9      	lsls	r1, r1, #23
10004daa:	f001 faac 	bl	10006306 <__wrap___aeabi_dsub>
10004dae:	0002      	movs	r2, r0
10004db0:	000b      	movs	r3, r1
10004db2:	0020      	movs	r0, r4
10004db4:	0029      	movs	r1, r5
10004db6:	f001 faaf 	bl	10006318 <__wrap___aeabi_dadd>
10004dba:	0002      	movs	r2, r0
10004dbc:	000b      	movs	r3, r1
10004dbe:	9810      	ldr	r0, [sp, #64]	; 0x40
10004dc0:	9911      	ldr	r1, [sp, #68]	; 0x44
10004dc2:	f001 fab2 	bl	1000632a <__wrap___aeabi_ddiv>
10004dc6:	2200      	movs	r2, #0
10004dc8:	4b31      	ldr	r3, [pc, #196]	; (10004e90 <_etoa+0x404>)
10004dca:	f001 faa5 	bl	10006318 <__wrap___aeabi_dadd>
10004dce:	4b3e      	ldr	r3, [pc, #248]	; (10004ec8 <_etoa+0x43c>)
10004dd0:	9c0f      	ldr	r4, [sp, #60]	; 0x3c
10004dd2:	469c      	mov	ip, r3
10004dd4:	4464      	add	r4, ip
10004dd6:	2200      	movs	r2, #0
10004dd8:	0523      	lsls	r3, r4, #20
10004dda:	f001 fac4 	bl	10006366 <__wrap___aeabi_dmul>
10004dde:	0005      	movs	r5, r0
10004de0:	000e      	movs	r6, r1
10004de2:	0002      	movs	r2, r0
10004de4:	000b      	movs	r3, r1
10004de6:	980a      	ldr	r0, [sp, #40]	; 0x28
10004de8:	9909      	ldr	r1, [sp, #36]	; 0x24
10004dea:	f001 faff 	bl	100063ec <__wrap___aeabi_dcmplt>
10004dee:	2800      	cmp	r0, #0
10004df0:	d00a      	beq.n	10004e08 <_etoa+0x37c>
10004df2:	9b0d      	ldr	r3, [sp, #52]	; 0x34
10004df4:	0028      	movs	r0, r5
10004df6:	3b01      	subs	r3, #1
10004df8:	0031      	movs	r1, r6
10004dfa:	930d      	str	r3, [sp, #52]	; 0x34
10004dfc:	2200      	movs	r2, #0
10004dfe:	4b30      	ldr	r3, [pc, #192]	; (10004ec0 <_etoa+0x434>)
10004e00:	f001 fa93 	bl	1000632a <__wrap___aeabi_ddiv>
10004e04:	0005      	movs	r5, r0
10004e06:	000e      	movs	r6, r1
10004e08:	27c6      	movs	r7, #198	; 0xc6
10004e0a:	990d      	ldr	r1, [sp, #52]	; 0x34
10004e0c:	002b      	movs	r3, r5
10004e0e:	3163      	adds	r1, #99	; 0x63
10004e10:	428f      	cmp	r7, r1
10004e12:	41bf      	sbcs	r7, r7
10004e14:	9928      	ldr	r1, [sp, #160]	; 0xa0
10004e16:	427f      	negs	r7, r7
10004e18:	3704      	adds	r7, #4
10004e1a:	0509      	lsls	r1, r1, #20
10004e1c:	d400      	bmi.n	10004e20 <_etoa+0x394>
10004e1e:	e695      	b.n	10004b4c <_etoa+0xc0>
10004e20:	4333      	orrs	r3, r6
10004e22:	d100      	bne.n	10004e26 <_etoa+0x39a>
10004e24:	e682      	b.n	10004b2c <_etoa+0xa0>
10004e26:	9c09      	ldr	r4, [sp, #36]	; 0x24
10004e28:	4a28      	ldr	r2, [pc, #160]	; (10004ecc <_etoa+0x440>)
10004e2a:	0021      	movs	r1, r4
10004e2c:	4b28      	ldr	r3, [pc, #160]	; (10004ed0 <_etoa+0x444>)
10004e2e:	980a      	ldr	r0, [sp, #40]	; 0x28
10004e30:	f001 faea 	bl	10006408 <__wrap___aeabi_dcmpge>
10004e34:	2800      	cmp	r0, #0
10004e36:	d008      	beq.n	10004e4a <_etoa+0x3be>
10004e38:	2200      	movs	r2, #0
10004e3a:	0021      	movs	r1, r4
10004e3c:	4b25      	ldr	r3, [pc, #148]	; (10004ed4 <_etoa+0x448>)
10004e3e:	980a      	ldr	r0, [sp, #40]	; 0x28
10004e40:	f001 fad4 	bl	100063ec <__wrap___aeabi_dcmplt>
10004e44:	2800      	cmp	r0, #0
10004e46:	d000      	beq.n	10004e4a <_etoa+0x3be>
10004e48:	e670      	b.n	10004b2c <_etoa+0xa0>
10004e4a:	9b26      	ldr	r3, [sp, #152]	; 0x98
10004e4c:	2b00      	cmp	r3, #0
10004e4e:	d100      	bne.n	10004e52 <_etoa+0x3c6>
10004e50:	e67c      	b.n	10004b4c <_etoa+0xc0>
10004e52:	9b0e      	ldr	r3, [sp, #56]	; 0x38
10004e54:	1e5a      	subs	r2, r3, #1
10004e56:	4193      	sbcs	r3, r2
10004e58:	9a26      	ldr	r2, [sp, #152]	; 0x98
10004e5a:	1ad3      	subs	r3, r2, r3
10004e5c:	9326      	str	r3, [sp, #152]	; 0x98
10004e5e:	e675      	b.n	10004b4c <_etoa+0xc0>
10004e60:	2300      	movs	r3, #0
10004e62:	2704      	movs	r7, #4
10004e64:	930d      	str	r3, [sp, #52]	; 0x34
10004e66:	e671      	b.n	10004b4c <_etoa+0xc0>
10004e68:	4643      	mov	r3, r8
10004e6a:	930a      	str	r3, [sp, #40]	; 0x28
10004e6c:	2380      	movs	r3, #128	; 0x80
10004e6e:	061b      	lsls	r3, r3, #24
10004e70:	4453      	add	r3, sl
10004e72:	9309      	str	r3, [sp, #36]	; 0x24
10004e74:	e642      	b.n	10004afc <_etoa+0x70>
10004e76:	2300      	movs	r3, #0
10004e78:	9326      	str	r3, [sp, #152]	; 0x98
10004e7a:	e65f      	b.n	10004b3c <_etoa+0xb0>
10004e7c:	fffffc01 	.word	0xfffffc01
10004e80:	509f79fb 	.word	0x509f79fb
10004e84:	3fd34413 	.word	0x3fd34413
10004e88:	8b60c8b3 	.word	0x8b60c8b3
10004e8c:	3fc68a28 	.word	0x3fc68a28
10004e90:	3ff00000 	.word	0x3ff00000
10004e94:	3ff80000 	.word	0x3ff80000
10004e98:	636f4361 	.word	0x636f4361
10004e9c:	3fd287a7 	.word	0x3fd287a7
10004ea0:	0979a371 	.word	0x0979a371
10004ea4:	400a934f 	.word	0x400a934f
10004ea8:	3fe00000 	.word	0x3fe00000
10004eac:	bbb55516 	.word	0xbbb55516
10004eb0:	40026bb1 	.word	0x40026bb1
10004eb4:	fefa39ef 	.word	0xfefa39ef
10004eb8:	3fe62e42 	.word	0x3fe62e42
10004ebc:	402c0000 	.word	0x402c0000
10004ec0:	40240000 	.word	0x40240000
10004ec4:	40180000 	.word	0x40180000
10004ec8:	000003ff 	.word	0x000003ff
10004ecc:	eb1c432d 	.word	0xeb1c432d
10004ed0:	3f1a36e2 	.word	0x3f1a36e2
10004ed4:	412e8480 	.word	0x412e8480

10004ed8 <_ftoa>:
10004ed8:	b5f0      	push	{r4, r5, r6, r7, lr}
10004eda:	464e      	mov	r6, r9
10004edc:	46de      	mov	lr, fp
10004ede:	4657      	mov	r7, sl
10004ee0:	4645      	mov	r5, r8
10004ee2:	b5e0      	push	{r5, r6, r7, lr}
10004ee4:	b097      	sub	sp, #92	; 0x5c
10004ee6:	4699      	mov	r9, r3
10004ee8:	9e20      	ldr	r6, [sp, #128]	; 0x80
10004eea:	9f21      	ldr	r7, [sp, #132]	; 0x84
10004eec:	9b22      	ldr	r3, [sp, #136]	; 0x88
10004eee:	4683      	mov	fp, r0
10004ef0:	4698      	mov	r8, r3
10004ef2:	9107      	str	r1, [sp, #28]
10004ef4:	920c      	str	r2, [sp, #48]	; 0x30
10004ef6:	003b      	movs	r3, r7
10004ef8:	0032      	movs	r2, r6
10004efa:	0030      	movs	r0, r6
10004efc:	0039      	movs	r1, r7
10004efe:	f001 fa90 	bl	10006422 <__wrap___aeabi_dcmpun>
10004f02:	2800      	cmp	r0, #0
10004f04:	d000      	beq.n	10004f08 <_ftoa+0x30>
10004f06:	e1a9      	b.n	1000525c <_ftoa+0x384>
10004f08:	2201      	movs	r2, #1
10004f0a:	0030      	movs	r0, r6
10004f0c:	0039      	movs	r1, r7
10004f0e:	4bca      	ldr	r3, [pc, #808]	; (10005238 <_ftoa+0x360>)
10004f10:	4252      	negs	r2, r2
10004f12:	f001 fa6b 	bl	100063ec <__wrap___aeabi_dcmplt>
10004f16:	2800      	cmp	r0, #0
10004f18:	d000      	beq.n	10004f1c <_ftoa+0x44>
10004f1a:	e0e1      	b.n	100050e0 <_ftoa+0x208>
10004f1c:	2201      	movs	r2, #1
10004f1e:	0030      	movs	r0, r6
10004f20:	0039      	movs	r1, r7
10004f22:	4bc6      	ldr	r3, [pc, #792]	; (1000523c <_ftoa+0x364>)
10004f24:	4252      	negs	r2, r2
10004f26:	f001 fa77 	bl	10006418 <__wrap___aeabi_dcmpgt>
10004f2a:	2800      	cmp	r0, #0
10004f2c:	d000      	beq.n	10004f30 <_ftoa+0x58>
10004f2e:	e0b7      	b.n	100050a0 <_ftoa+0x1c8>
10004f30:	2200      	movs	r2, #0
10004f32:	0030      	movs	r0, r6
10004f34:	0039      	movs	r1, r7
10004f36:	4bc2      	ldr	r3, [pc, #776]	; (10005240 <_ftoa+0x368>)
10004f38:	f001 fa6e 	bl	10006418 <__wrap___aeabi_dcmpgt>
10004f3c:	2800      	cmp	r0, #0
10004f3e:	d000      	beq.n	10004f42 <_ftoa+0x6a>
10004f40:	e099      	b.n	10005076 <_ftoa+0x19e>
10004f42:	2200      	movs	r2, #0
10004f44:	0030      	movs	r0, r6
10004f46:	0039      	movs	r1, r7
10004f48:	4bbe      	ldr	r3, [pc, #760]	; (10005244 <_ftoa+0x36c>)
10004f4a:	f001 fa4f 	bl	100063ec <__wrap___aeabi_dcmplt>
10004f4e:	2800      	cmp	r0, #0
10004f50:	d000      	beq.n	10004f54 <_ftoa+0x7c>
10004f52:	e090      	b.n	10005076 <_ftoa+0x19e>
10004f54:	2200      	movs	r2, #0
10004f56:	2300      	movs	r3, #0
10004f58:	0030      	movs	r0, r6
10004f5a:	0039      	movs	r1, r7
10004f5c:	f001 fa46 	bl	100063ec <__wrap___aeabi_dcmplt>
10004f60:	2800      	cmp	r0, #0
10004f62:	d000      	beq.n	10004f66 <_ftoa+0x8e>
10004f64:	e0b1      	b.n	100050ca <_ftoa+0x1f2>
10004f66:	2300      	movs	r3, #0
10004f68:	930d      	str	r3, [sp, #52]	; 0x34
10004f6a:	9b24      	ldr	r3, [sp, #144]	; 0x90
10004f6c:	055b      	lsls	r3, r3, #21
10004f6e:	d401      	bmi.n	10004f74 <_ftoa+0x9c>
10004f70:	2306      	movs	r3, #6
10004f72:	4698      	mov	r8, r3
10004f74:	ab08      	add	r3, sp, #32
10004f76:	469c      	mov	ip, r3
10004f78:	2217      	movs	r2, #23
10004f7a:	2400      	movs	r4, #0
10004f7c:	2330      	movs	r3, #48	; 0x30
10004f7e:	4641      	mov	r1, r8
10004f80:	4462      	add	r2, ip
10004f82:	e004      	b.n	10004f8e <_ftoa+0xb6>
10004f84:	3401      	adds	r4, #1
10004f86:	5513      	strb	r3, [r2, r4]
10004f88:	3901      	subs	r1, #1
10004f8a:	2c20      	cmp	r4, #32
10004f8c:	d001      	beq.n	10004f92 <_ftoa+0xba>
10004f8e:	2909      	cmp	r1, #9
10004f90:	d8f8      	bhi.n	10004f84 <_ftoa+0xac>
10004f92:	4688      	mov	r8, r1
10004f94:	0030      	movs	r0, r6
10004f96:	0039      	movs	r1, r7
10004f98:	f001 fa6e 	bl	10006478 <__wrap___aeabi_d2iz>
10004f9c:	4643      	mov	r3, r8
10004f9e:	00da      	lsls	r2, r3, #3
10004fa0:	4ba9      	ldr	r3, [pc, #676]	; (10005248 <_ftoa+0x370>)
10004fa2:	0005      	movs	r5, r0
10004fa4:	189b      	adds	r3, r3, r2
10004fa6:	681a      	ldr	r2, [r3, #0]
10004fa8:	685b      	ldr	r3, [r3, #4]
10004faa:	9208      	str	r2, [sp, #32]
10004fac:	9309      	str	r3, [sp, #36]	; 0x24
10004fae:	f001 fa4b 	bl	10006448 <__wrap___aeabi_i2d>
10004fb2:	0002      	movs	r2, r0
10004fb4:	000b      	movs	r3, r1
10004fb6:	0030      	movs	r0, r6
10004fb8:	0039      	movs	r1, r7
10004fba:	f001 f9a4 	bl	10006306 <__wrap___aeabi_dsub>
10004fbe:	9a08      	ldr	r2, [sp, #32]
10004fc0:	9b09      	ldr	r3, [sp, #36]	; 0x24
10004fc2:	f001 f9d0 	bl	10006366 <__wrap___aeabi_dmul>
10004fc6:	900a      	str	r0, [sp, #40]	; 0x28
10004fc8:	910b      	str	r1, [sp, #44]	; 0x2c
10004fca:	f001 fa79 	bl	100064c0 <__wrap___aeabi_d2uiz>
10004fce:	4682      	mov	sl, r0
10004fd0:	f001 fa36 	bl	10006440 <__wrap___aeabi_ui2d>
10004fd4:	0002      	movs	r2, r0
10004fd6:	000b      	movs	r3, r1
10004fd8:	980a      	ldr	r0, [sp, #40]	; 0x28
10004fda:	990b      	ldr	r1, [sp, #44]	; 0x2c
10004fdc:	f001 f993 	bl	10006306 <__wrap___aeabi_dsub>
10004fe0:	2200      	movs	r2, #0
10004fe2:	4b9a      	ldr	r3, [pc, #616]	; (1000524c <_ftoa+0x374>)
10004fe4:	900a      	str	r0, [sp, #40]	; 0x28
10004fe6:	910b      	str	r1, [sp, #44]	; 0x2c
10004fe8:	f001 fa16 	bl	10006418 <__wrap___aeabi_dcmpgt>
10004fec:	2800      	cmp	r0, #0
10004fee:	d100      	bne.n	10004ff2 <_ftoa+0x11a>
10004ff0:	e0c0      	b.n	10005174 <_ftoa+0x29c>
10004ff2:	2301      	movs	r3, #1
10004ff4:	469c      	mov	ip, r3
10004ff6:	44e2      	add	sl, ip
10004ff8:	4650      	mov	r0, sl
10004ffa:	f001 fa21 	bl	10006440 <__wrap___aeabi_ui2d>
10004ffe:	0002      	movs	r2, r0
10005000:	000b      	movs	r3, r1
10005002:	9808      	ldr	r0, [sp, #32]
10005004:	9909      	ldr	r1, [sp, #36]	; 0x24
10005006:	f001 f9f7 	bl	100063f8 <__wrap___aeabi_dcmple>
1000500a:	2800      	cmp	r0, #0
1000500c:	d002      	beq.n	10005014 <_ftoa+0x13c>
1000500e:	2300      	movs	r3, #0
10005010:	469a      	mov	sl, r3
10005012:	3501      	adds	r5, #1
10005014:	4643      	mov	r3, r8
10005016:	2b00      	cmp	r3, #0
10005018:	d06a      	beq.n	100050f0 <_ftoa+0x218>
1000501a:	ab08      	add	r3, sp, #32
1000501c:	2617      	movs	r6, #23
1000501e:	469c      	mov	ip, r3
10005020:	9508      	str	r5, [sp, #32]
10005022:	4466      	add	r6, ip
10005024:	4655      	mov	r5, sl
10005026:	e014      	b.n	10005052 <_ftoa+0x17a>
10005028:	2301      	movs	r3, #1
1000502a:	425b      	negs	r3, r3
1000502c:	4443      	add	r3, r8
1000502e:	210a      	movs	r1, #10
10005030:	0028      	movs	r0, r5
10005032:	469a      	mov	sl, r3
10005034:	f000 ff2c 	bl	10005e90 <__wrap___aeabi_uidiv>
10005038:	3401      	adds	r4, #1
1000503a:	3130      	adds	r1, #48	; 0x30
1000503c:	1937      	adds	r7, r6, r4
1000503e:	7039      	strb	r1, [r7, #0]
10005040:	0028      	movs	r0, r5
10005042:	210a      	movs	r1, #10
10005044:	f000 ff24 	bl	10005e90 <__wrap___aeabi_uidiv>
10005048:	2d09      	cmp	r5, #9
1000504a:	d800      	bhi.n	1000504e <_ftoa+0x176>
1000504c:	e0d0      	b.n	100051f0 <_ftoa+0x318>
1000504e:	46d0      	mov	r8, sl
10005050:	0005      	movs	r5, r0
10005052:	2c20      	cmp	r4, #32
10005054:	d1e8      	bne.n	10005028 <_ftoa+0x150>
10005056:	ab0e      	add	r3, sp, #56	; 0x38
10005058:	4698      	mov	r8, r3
1000505a:	2303      	movs	r3, #3
1000505c:	9a24      	ldr	r2, [sp, #144]	; 0x90
1000505e:	4013      	ands	r3, r2
10005060:	2b01      	cmp	r3, #1
10005062:	d100      	bne.n	10005066 <_ftoa+0x18e>
10005064:	e096      	b.n	10005194 <_ftoa+0x2bc>
10005066:	2320      	movs	r3, #32
10005068:	9a24      	ldr	r2, [sp, #144]	; 0x90
1000506a:	9301      	str	r3, [sp, #4]
1000506c:	9203      	str	r2, [sp, #12]
1000506e:	9a23      	ldr	r2, [sp, #140]	; 0x8c
10005070:	4643      	mov	r3, r8
10005072:	9202      	str	r2, [sp, #8]
10005074:	e01e      	b.n	100050b4 <_ftoa+0x1dc>
10005076:	9b24      	ldr	r3, [sp, #144]	; 0x90
10005078:	4658      	mov	r0, fp
1000507a:	9304      	str	r3, [sp, #16]
1000507c:	9b23      	ldr	r3, [sp, #140]	; 0x8c
1000507e:	9600      	str	r6, [sp, #0]
10005080:	9701      	str	r7, [sp, #4]
10005082:	9303      	str	r3, [sp, #12]
10005084:	4643      	mov	r3, r8
10005086:	9a0c      	ldr	r2, [sp, #48]	; 0x30
10005088:	9302      	str	r3, [sp, #8]
1000508a:	9907      	ldr	r1, [sp, #28]
1000508c:	464b      	mov	r3, r9
1000508e:	f7ff fcfd 	bl	10004a8c <_etoa>
10005092:	b017      	add	sp, #92	; 0x5c
10005094:	bcf0      	pop	{r4, r5, r6, r7}
10005096:	46bb      	mov	fp, r7
10005098:	46b2      	mov	sl, r6
1000509a:	46a9      	mov	r9, r5
1000509c:	46a0      	mov	r8, r4
1000509e:	bdf0      	pop	{r4, r5, r6, r7, pc}
100050a0:	9b24      	ldr	r3, [sp, #144]	; 0x90
100050a2:	075b      	lsls	r3, r3, #29
100050a4:	d40e      	bmi.n	100050c4 <_ftoa+0x1ec>
100050a6:	2203      	movs	r2, #3
100050a8:	4b69      	ldr	r3, [pc, #420]	; (10005250 <_ftoa+0x378>)
100050aa:	9924      	ldr	r1, [sp, #144]	; 0x90
100050ac:	9201      	str	r2, [sp, #4]
100050ae:	9103      	str	r1, [sp, #12]
100050b0:	9923      	ldr	r1, [sp, #140]	; 0x8c
100050b2:	9102      	str	r1, [sp, #8]
100050b4:	9300      	str	r3, [sp, #0]
100050b6:	4658      	mov	r0, fp
100050b8:	464b      	mov	r3, r9
100050ba:	9a0c      	ldr	r2, [sp, #48]	; 0x30
100050bc:	9907      	ldr	r1, [sp, #28]
100050be:	f7ff fba9 	bl	10004814 <_out_rev>
100050c2:	e7e6      	b.n	10005092 <_ftoa+0x1ba>
100050c4:	2204      	movs	r2, #4
100050c6:	4b63      	ldr	r3, [pc, #396]	; (10005254 <_ftoa+0x37c>)
100050c8:	e7ef      	b.n	100050aa <_ftoa+0x1d2>
100050ca:	003b      	movs	r3, r7
100050cc:	0032      	movs	r2, r6
100050ce:	2000      	movs	r0, #0
100050d0:	2100      	movs	r1, #0
100050d2:	f001 f918 	bl	10006306 <__wrap___aeabi_dsub>
100050d6:	2301      	movs	r3, #1
100050d8:	0006      	movs	r6, r0
100050da:	000f      	movs	r7, r1
100050dc:	930d      	str	r3, [sp, #52]	; 0x34
100050de:	e744      	b.n	10004f6a <_ftoa+0x92>
100050e0:	9b24      	ldr	r3, [sp, #144]	; 0x90
100050e2:	9303      	str	r3, [sp, #12]
100050e4:	9b23      	ldr	r3, [sp, #140]	; 0x8c
100050e6:	9302      	str	r3, [sp, #8]
100050e8:	2304      	movs	r3, #4
100050ea:	9301      	str	r3, [sp, #4]
100050ec:	4b5a      	ldr	r3, [pc, #360]	; (10005258 <_ftoa+0x380>)
100050ee:	e7e1      	b.n	100050b4 <_ftoa+0x1dc>
100050f0:	0028      	movs	r0, r5
100050f2:	f001 f9a9 	bl	10006448 <__wrap___aeabi_i2d>
100050f6:	0002      	movs	r2, r0
100050f8:	000b      	movs	r3, r1
100050fa:	0030      	movs	r0, r6
100050fc:	0039      	movs	r1, r7
100050fe:	f001 f902 	bl	10006306 <__wrap___aeabi_dsub>
10005102:	4b52      	ldr	r3, [pc, #328]	; (1000524c <_ftoa+0x374>)
10005104:	2200      	movs	r2, #0
10005106:	0006      	movs	r6, r0
10005108:	000f      	movs	r7, r1
1000510a:	f001 f96f 	bl	100063ec <__wrap___aeabi_dcmplt>
1000510e:	ab0e      	add	r3, sp, #56	; 0x38
10005110:	4698      	mov	r8, r3
10005112:	2800      	cmp	r0, #0
10005114:	d10a      	bne.n	1000512c <_ftoa+0x254>
10005116:	2200      	movs	r2, #0
10005118:	0030      	movs	r0, r6
1000511a:	0039      	movs	r1, r7
1000511c:	4b4b      	ldr	r3, [pc, #300]	; (1000524c <_ftoa+0x374>)
1000511e:	f001 f97b 	bl	10006418 <__wrap___aeabi_dcmpgt>
10005122:	2800      	cmp	r0, #0
10005124:	d102      	bne.n	1000512c <_ftoa+0x254>
10005126:	07eb      	lsls	r3, r5, #31
10005128:	d500      	bpl.n	1000512c <_ftoa+0x254>
1000512a:	3501      	adds	r5, #1
1000512c:	2c20      	cmp	r4, #32
1000512e:	d094      	beq.n	1000505a <_ftoa+0x182>
10005130:	aa08      	add	r2, sp, #32
10005132:	4694      	mov	ip, r2
10005134:	2317      	movs	r3, #23
10005136:	0028      	movs	r0, r5
10005138:	4463      	add	r3, ip
1000513a:	210a      	movs	r1, #10
1000513c:	3401      	adds	r4, #1
1000513e:	191e      	adds	r6, r3, r4
10005140:	f000 fe7e 	bl	10005e40 <__wrap___aeabi_idiv>
10005144:	3130      	adds	r1, #48	; 0x30
10005146:	0028      	movs	r0, r5
10005148:	7031      	strb	r1, [r6, #0]
1000514a:	210a      	movs	r1, #10
1000514c:	f000 fe78 	bl	10005e40 <__wrap___aeabi_idiv>
10005150:	1e05      	subs	r5, r0, #0
10005152:	d1eb      	bne.n	1000512c <_ftoa+0x254>
10005154:	2303      	movs	r3, #3
10005156:	9a24      	ldr	r2, [sp, #144]	; 0x90
10005158:	4013      	ands	r3, r2
1000515a:	2b01      	cmp	r3, #1
1000515c:	d01b      	beq.n	10005196 <_ftoa+0x2be>
1000515e:	2c20      	cmp	r4, #32
10005160:	d100      	bne.n	10005164 <_ftoa+0x28c>
10005162:	e780      	b.n	10005066 <_ftoa+0x18e>
10005164:	9b0d      	ldr	r3, [sp, #52]	; 0x34
10005166:	2b00      	cmp	r3, #0
10005168:	d035      	beq.n	100051d6 <_ftoa+0x2fe>
1000516a:	222d      	movs	r2, #45	; 0x2d
1000516c:	4641      	mov	r1, r8
1000516e:	1c63      	adds	r3, r4, #1
10005170:	550a      	strb	r2, [r1, r4]
10005172:	e779      	b.n	10005068 <_ftoa+0x190>
10005174:	2200      	movs	r2, #0
10005176:	980a      	ldr	r0, [sp, #40]	; 0x28
10005178:	990b      	ldr	r1, [sp, #44]	; 0x2c
1000517a:	4b34      	ldr	r3, [pc, #208]	; (1000524c <_ftoa+0x374>)
1000517c:	f001 f936 	bl	100063ec <__wrap___aeabi_dcmplt>
10005180:	2800      	cmp	r0, #0
10005182:	d000      	beq.n	10005186 <_ftoa+0x2ae>
10005184:	e746      	b.n	10005014 <_ftoa+0x13c>
10005186:	4653      	mov	r3, sl
10005188:	2b00      	cmp	r3, #0
1000518a:	d151      	bne.n	10005230 <_ftoa+0x358>
1000518c:	2301      	movs	r3, #1
1000518e:	469c      	mov	ip, r3
10005190:	44e2      	add	sl, ip
10005192:	e73f      	b.n	10005014 <_ftoa+0x13c>
10005194:	2420      	movs	r4, #32
10005196:	9b23      	ldr	r3, [sp, #140]	; 0x8c
10005198:	2b00      	cmp	r3, #0
1000519a:	d0e0      	beq.n	1000515e <_ftoa+0x286>
1000519c:	9b0d      	ldr	r3, [sp, #52]	; 0x34
1000519e:	2b00      	cmp	r3, #0
100051a0:	d103      	bne.n	100051aa <_ftoa+0x2d2>
100051a2:	9a24      	ldr	r2, [sp, #144]	; 0x90
100051a4:	330c      	adds	r3, #12
100051a6:	4213      	tst	r3, r2
100051a8:	d002      	beq.n	100051b0 <_ftoa+0x2d8>
100051aa:	9b23      	ldr	r3, [sp, #140]	; 0x8c
100051ac:	3b01      	subs	r3, #1
100051ae:	9323      	str	r3, [sp, #140]	; 0x8c
100051b0:	9b23      	ldr	r3, [sp, #140]	; 0x8c
100051b2:	42a3      	cmp	r3, r4
100051b4:	d9d3      	bls.n	1000515e <_ftoa+0x286>
100051b6:	ab08      	add	r3, sp, #32
100051b8:	469c      	mov	ip, r3
100051ba:	2217      	movs	r2, #23
100051bc:	2330      	movs	r3, #48	; 0x30
100051be:	4462      	add	r2, ip
100051c0:	2c20      	cmp	r4, #32
100051c2:	d100      	bne.n	100051c6 <_ftoa+0x2ee>
100051c4:	e74f      	b.n	10005066 <_ftoa+0x18e>
100051c6:	9923      	ldr	r1, [sp, #140]	; 0x8c
100051c8:	3401      	adds	r4, #1
100051ca:	5513      	strb	r3, [r2, r4]
100051cc:	428c      	cmp	r4, r1
100051ce:	d0c6      	beq.n	1000515e <_ftoa+0x286>
100051d0:	2c20      	cmp	r4, #32
100051d2:	d1f8      	bne.n	100051c6 <_ftoa+0x2ee>
100051d4:	e747      	b.n	10005066 <_ftoa+0x18e>
100051d6:	9b24      	ldr	r3, [sp, #144]	; 0x90
100051d8:	075b      	lsls	r3, r3, #29
100051da:	d424      	bmi.n	10005226 <_ftoa+0x34e>
100051dc:	9a24      	ldr	r2, [sp, #144]	; 0x90
100051de:	0023      	movs	r3, r4
100051e0:	0712      	lsls	r2, r2, #28
100051e2:	d400      	bmi.n	100051e6 <_ftoa+0x30e>
100051e4:	e740      	b.n	10005068 <_ftoa+0x190>
100051e6:	2220      	movs	r2, #32
100051e8:	4641      	mov	r1, r8
100051ea:	3301      	adds	r3, #1
100051ec:	550a      	strb	r2, [r1, r4]
100051ee:	e73b      	b.n	10005068 <_ftoa+0x190>
100051f0:	4657      	mov	r7, sl
100051f2:	9d08      	ldr	r5, [sp, #32]
100051f4:	2c20      	cmp	r4, #32
100051f6:	d100      	bne.n	100051fa <_ftoa+0x322>
100051f8:	e72d      	b.n	10005056 <_ftoa+0x17e>
100051fa:	0022      	movs	r2, r4
100051fc:	2130      	movs	r1, #48	; 0x30
100051fe:	4640      	mov	r0, r8
10005200:	2f00      	cmp	r7, #0
10005202:	d009      	beq.n	10005218 <_ftoa+0x340>
10005204:	3201      	adds	r2, #1
10005206:	54b1      	strb	r1, [r6, r2]
10005208:	2a20      	cmp	r2, #32
1000520a:	d100      	bne.n	1000520e <_ftoa+0x336>
1000520c:	e723      	b.n	10005056 <_ftoa+0x17e>
1000520e:	43d3      	mvns	r3, r2
10005210:	191b      	adds	r3, r3, r4
10005212:	181b      	adds	r3, r3, r0
10005214:	2b00      	cmp	r3, #0
10005216:	d1f5      	bne.n	10005204 <_ftoa+0x32c>
10005218:	ab0e      	add	r3, sp, #56	; 0x38
1000521a:	4698      	mov	r8, r3
1000521c:	232e      	movs	r3, #46	; 0x2e
1000521e:	4641      	mov	r1, r8
10005220:	1c54      	adds	r4, r2, #1
10005222:	548b      	strb	r3, [r1, r2]
10005224:	e782      	b.n	1000512c <_ftoa+0x254>
10005226:	222b      	movs	r2, #43	; 0x2b
10005228:	4641      	mov	r1, r8
1000522a:	1c63      	adds	r3, r4, #1
1000522c:	550a      	strb	r2, [r1, r4]
1000522e:	e71b      	b.n	10005068 <_ftoa+0x190>
10005230:	07db      	lsls	r3, r3, #31
10005232:	d400      	bmi.n	10005236 <_ftoa+0x35e>
10005234:	e6ee      	b.n	10005014 <_ftoa+0x13c>
10005236:	e7a9      	b.n	1000518c <_ftoa+0x2b4>
10005238:	ffefffff 	.word	0xffefffff
1000523c:	7fefffff 	.word	0x7fefffff
10005240:	41cdcd65 	.word	0x41cdcd65
10005244:	c1cdcd65 	.word	0xc1cdcd65
10005248:	1000a508 	.word	0x1000a508
1000524c:	3fe00000 	.word	0x3fe00000
10005250:	1000a310 	.word	0x1000a310
10005254:	1000a314 	.word	0x1000a314
10005258:	1000a320 	.word	0x1000a320
1000525c:	9b24      	ldr	r3, [sp, #144]	; 0x90
1000525e:	9303      	str	r3, [sp, #12]
10005260:	9b23      	ldr	r3, [sp, #140]	; 0x8c
10005262:	9302      	str	r3, [sp, #8]
10005264:	2303      	movs	r3, #3
10005266:	9301      	str	r3, [sp, #4]
10005268:	4b00      	ldr	r3, [pc, #0]	; (1000526c <_ftoa+0x394>)
1000526a:	e723      	b.n	100050b4 <_ftoa+0x1dc>
1000526c:	1000a31c 	.word	0x1000a31c

10005270 <_vsnprintf>:
10005270:	b5f0      	push	{r4, r5, r6, r7, lr}
10005272:	46de      	mov	lr, fp
10005274:	464e      	mov	r6, r9
10005276:	4657      	mov	r7, sl
10005278:	4645      	mov	r5, r8
1000527a:	b5e0      	push	{r5, r6, r7, lr}
1000527c:	b09f      	sub	sp, #124	; 0x7c
1000527e:	001c      	movs	r4, r3
10005280:	9b28      	ldr	r3, [sp, #160]	; 0xa0
10005282:	4691      	mov	r9, r2
10005284:	9309      	str	r3, [sp, #36]	; 0x24
10005286:	4ac9      	ldr	r2, [pc, #804]	; (100055ac <_vsnprintf+0x33c>)
10005288:	4bc9      	ldr	r3, [pc, #804]	; (100055b0 <_vsnprintf+0x340>)
1000528a:	468b      	mov	fp, r1
1000528c:	9008      	str	r0, [sp, #32]
1000528e:	601a      	str	r2, [r3, #0]
10005290:	2900      	cmp	r1, #0
10005292:	d100      	bne.n	10005296 <_vsnprintf+0x26>
10005294:	e218      	b.n	100056c8 <_vsnprintf+0x458>
10005296:	2300      	movs	r3, #0
10005298:	7820      	ldrb	r0, [r4, #0]
1000529a:	469a      	mov	sl, r3
1000529c:	2800      	cmp	r0, #0
1000529e:	d100      	bne.n	100052a2 <_vsnprintf+0x32>
100052a0:	e21a      	b.n	100056d8 <_vsnprintf+0x468>
100052a2:	0026      	movs	r6, r4
100052a4:	001d      	movs	r5, r3
100052a6:	465c      	mov	r4, fp
100052a8:	e00a      	b.n	100052c0 <_vsnprintf+0x50>
100052aa:	002a      	movs	r2, r5
100052ac:	1c6f      	adds	r7, r5, #1
100052ae:	464b      	mov	r3, r9
100052b0:	9d08      	ldr	r5, [sp, #32]
100052b2:	0021      	movs	r1, r4
100052b4:	47a8      	blx	r5
100052b6:	003d      	movs	r5, r7
100052b8:	3601      	adds	r6, #1
100052ba:	7830      	ldrb	r0, [r6, #0]
100052bc:	2800      	cmp	r0, #0
100052be:	d070      	beq.n	100053a2 <_vsnprintf+0x132>
100052c0:	2825      	cmp	r0, #37	; 0x25
100052c2:	d1f2      	bne.n	100052aa <_vsnprintf+0x3a>
100052c4:	2310      	movs	r3, #16
100052c6:	469b      	mov	fp, r3
100052c8:	3b08      	subs	r3, #8
100052ca:	469a      	mov	sl, r3
100052cc:	3b04      	subs	r3, #4
100052ce:	4698      	mov	r8, r3
100052d0:	3b02      	subs	r3, #2
100052d2:	2100      	movs	r1, #0
100052d4:	469c      	mov	ip, r3
100052d6:	1c72      	adds	r2, r6, #1
100052d8:	7810      	ldrb	r0, [r2, #0]
100052da:	0016      	movs	r6, r2
100052dc:	0003      	movs	r3, r0
100052de:	3b20      	subs	r3, #32
100052e0:	b2db      	uxtb	r3, r3
100052e2:	2b10      	cmp	r3, #16
100052e4:	d803      	bhi.n	100052ee <_vsnprintf+0x7e>
100052e6:	4fb3      	ldr	r7, [pc, #716]	; (100055b4 <_vsnprintf+0x344>)
100052e8:	009b      	lsls	r3, r3, #2
100052ea:	58fb      	ldr	r3, [r7, r3]
100052ec:	469f      	mov	pc, r3
100052ee:	0003      	movs	r3, r0
100052f0:	3b30      	subs	r3, #48	; 0x30
100052f2:	2b09      	cmp	r3, #9
100052f4:	d932      	bls.n	1000535c <_vsnprintf+0xec>
100052f6:	2300      	movs	r3, #0
100052f8:	930a      	str	r3, [sp, #40]	; 0x28
100052fa:	282a      	cmp	r0, #42	; 0x2a
100052fc:	d068      	beq.n	100053d0 <_vsnprintf+0x160>
100052fe:	2300      	movs	r3, #0
10005300:	4698      	mov	r8, r3
10005302:	282e      	cmp	r0, #46	; 0x2e
10005304:	d03e      	beq.n	10005384 <_vsnprintf+0x114>
10005306:	0003      	movs	r3, r0
10005308:	3b68      	subs	r3, #104	; 0x68
1000530a:	b2db      	uxtb	r3, r3
1000530c:	2b12      	cmp	r3, #18
1000530e:	d81c      	bhi.n	1000534a <_vsnprintf+0xda>
10005310:	4aa9      	ldr	r2, [pc, #676]	; (100055b8 <_vsnprintf+0x348>)
10005312:	009b      	lsls	r3, r3, #2
10005314:	58d3      	ldr	r3, [r2, r3]
10005316:	469f      	mov	pc, r3
10005318:	2301      	movs	r3, #1
1000531a:	3201      	adds	r2, #1
1000531c:	4319      	orrs	r1, r3
1000531e:	e7db      	b.n	100052d8 <_vsnprintf+0x68>
10005320:	4663      	mov	r3, ip
10005322:	3201      	adds	r2, #1
10005324:	4319      	orrs	r1, r3
10005326:	e7d7      	b.n	100052d8 <_vsnprintf+0x68>
10005328:	4643      	mov	r3, r8
1000532a:	3201      	adds	r2, #1
1000532c:	4319      	orrs	r1, r3
1000532e:	e7d3      	b.n	100052d8 <_vsnprintf+0x68>
10005330:	465b      	mov	r3, fp
10005332:	3201      	adds	r2, #1
10005334:	4319      	orrs	r1, r3
10005336:	e7cf      	b.n	100052d8 <_vsnprintf+0x68>
10005338:	4653      	mov	r3, sl
1000533a:	3201      	adds	r2, #1
1000533c:	4319      	orrs	r1, r3
1000533e:	e7cb      	b.n	100052d8 <_vsnprintf+0x68>
10005340:	2380      	movs	r3, #128	; 0x80
10005342:	005b      	lsls	r3, r3, #1
10005344:	7870      	ldrb	r0, [r6, #1]
10005346:	4319      	orrs	r1, r3
10005348:	3601      	adds	r6, #1
1000534a:	0003      	movs	r3, r0
1000534c:	3b25      	subs	r3, #37	; 0x25
1000534e:	b2db      	uxtb	r3, r3
10005350:	2b53      	cmp	r3, #83	; 0x53
10005352:	d8aa      	bhi.n	100052aa <_vsnprintf+0x3a>
10005354:	4a99      	ldr	r2, [pc, #612]	; (100055bc <_vsnprintf+0x34c>)
10005356:	009b      	lsls	r3, r3, #2
10005358:	58d3      	ldr	r3, [r2, r3]
1000535a:	469f      	mov	pc, r3
1000535c:	2700      	movs	r7, #0
1000535e:	0003      	movs	r3, r0
10005360:	00b8      	lsls	r0, r7, #2
10005362:	19c0      	adds	r0, r0, r7
10005364:	3601      	adds	r6, #1
10005366:	0040      	lsls	r0, r0, #1
10005368:	18c0      	adds	r0, r0, r3
1000536a:	7833      	ldrb	r3, [r6, #0]
1000536c:	3830      	subs	r0, #48	; 0x30
1000536e:	001a      	movs	r2, r3
10005370:	3a30      	subs	r2, #48	; 0x30
10005372:	0007      	movs	r7, r0
10005374:	2a09      	cmp	r2, #9
10005376:	d9f3      	bls.n	10005360 <_vsnprintf+0xf0>
10005378:	900a      	str	r0, [sp, #40]	; 0x28
1000537a:	0018      	movs	r0, r3
1000537c:	2300      	movs	r3, #0
1000537e:	4698      	mov	r8, r3
10005380:	282e      	cmp	r0, #46	; 0x2e
10005382:	d1c0      	bne.n	10005306 <_vsnprintf+0x96>
10005384:	2380      	movs	r3, #128	; 0x80
10005386:	7870      	ldrb	r0, [r6, #1]
10005388:	00db      	lsls	r3, r3, #3
1000538a:	4319      	orrs	r1, r3
1000538c:	0003      	movs	r3, r0
1000538e:	3b30      	subs	r3, #48	; 0x30
10005390:	1c72      	adds	r2, r6, #1
10005392:	2b09      	cmp	r3, #9
10005394:	d800      	bhi.n	10005398 <_vsnprintf+0x128>
10005396:	e1a1      	b.n	100056dc <_vsnprintf+0x46c>
10005398:	282a      	cmp	r0, #42	; 0x2a
1000539a:	d100      	bne.n	1000539e <_vsnprintf+0x12e>
1000539c:	e1b2      	b.n	10005704 <_vsnprintf+0x494>
1000539e:	0016      	movs	r6, r2
100053a0:	e7b1      	b.n	10005306 <_vsnprintf+0x96>
100053a2:	46a3      	mov	fp, r4
100053a4:	46aa      	mov	sl, r5
100053a6:	002c      	movs	r4, r5
100053a8:	45d1      	cmp	r9, sl
100053aa:	d803      	bhi.n	100053b4 <_vsnprintf+0x144>
100053ac:	2301      	movs	r3, #1
100053ae:	425b      	negs	r3, r3
100053b0:	444b      	add	r3, r9
100053b2:	469a      	mov	sl, r3
100053b4:	464b      	mov	r3, r9
100053b6:	4652      	mov	r2, sl
100053b8:	4659      	mov	r1, fp
100053ba:	2000      	movs	r0, #0
100053bc:	9d08      	ldr	r5, [sp, #32]
100053be:	47a8      	blx	r5
100053c0:	0020      	movs	r0, r4
100053c2:	b01f      	add	sp, #124	; 0x7c
100053c4:	bcf0      	pop	{r4, r5, r6, r7}
100053c6:	46bb      	mov	fp, r7
100053c8:	46b2      	mov	sl, r6
100053ca:	46a9      	mov	r9, r5
100053cc:	46a0      	mov	r8, r4
100053ce:	bdf0      	pop	{r4, r5, r6, r7, pc}
100053d0:	9b09      	ldr	r3, [sp, #36]	; 0x24
100053d2:	cb40      	ldmia	r3!, {r6}
100053d4:	960a      	str	r6, [sp, #40]	; 0x28
100053d6:	2e00      	cmp	r6, #0
100053d8:	db03      	blt.n	100053e2 <_vsnprintf+0x172>
100053da:	7850      	ldrb	r0, [r2, #1]
100053dc:	9309      	str	r3, [sp, #36]	; 0x24
100053de:	1c56      	adds	r6, r2, #1
100053e0:	e78d      	b.n	100052fe <_vsnprintf+0x8e>
100053e2:	3828      	subs	r0, #40	; 0x28
100053e4:	4301      	orrs	r1, r0
100053e6:	4270      	negs	r0, r6
100053e8:	900a      	str	r0, [sp, #40]	; 0x28
100053ea:	9309      	str	r3, [sp, #36]	; 0x24
100053ec:	7850      	ldrb	r0, [r2, #1]
100053ee:	1c56      	adds	r6, r2, #1
100053f0:	e785      	b.n	100052fe <_vsnprintf+0x8e>
100053f2:	2878      	cmp	r0, #120	; 0x78
100053f4:	d100      	bne.n	100053f8 <_vsnprintf+0x188>
100053f6:	e1df      	b.n	100057b8 <_vsnprintf+0x548>
100053f8:	2858      	cmp	r0, #88	; 0x58
100053fa:	d100      	bne.n	100053fe <_vsnprintf+0x18e>
100053fc:	e24c      	b.n	10005898 <_vsnprintf+0x628>
100053fe:	286f      	cmp	r0, #111	; 0x6f
10005400:	d100      	bne.n	10005404 <_vsnprintf+0x194>
10005402:	e34f      	b.n	10005aa4 <_vsnprintf+0x834>
10005404:	2862      	cmp	r0, #98	; 0x62
10005406:	d101      	bne.n	1000540c <_vsnprintf+0x19c>
10005408:	f000 fc30 	bl	10005c6c <_vsnprintf+0x9fc>
1000540c:	2310      	movs	r3, #16
1000540e:	000a      	movs	r2, r1
10005410:	439a      	bics	r2, r3
10005412:	920b      	str	r2, [sp, #44]	; 0x2c
10005414:	2869      	cmp	r0, #105	; 0x69
10005416:	d001      	beq.n	1000541c <_vsnprintf+0x1ac>
10005418:	f000 fca9 	bl	10005d6e <_vsnprintf+0xafe>
1000541c:	230a      	movs	r3, #10
1000541e:	930c      	str	r3, [sp, #48]	; 0x30
10005420:	054b      	lsls	r3, r1, #21
10005422:	d500      	bpl.n	10005426 <_vsnprintf+0x1b6>
10005424:	e1d0      	b.n	100057c8 <_vsnprintf+0x558>
10005426:	9a0b      	ldr	r2, [sp, #44]	; 0x2c
10005428:	2380      	movs	r3, #128	; 0x80
1000542a:	0011      	movs	r1, r2
1000542c:	009b      	lsls	r3, r3, #2
1000542e:	4019      	ands	r1, r3
10005430:	468b      	mov	fp, r1
10005432:	421a      	tst	r2, r3
10005434:	d000      	beq.n	10005438 <_vsnprintf+0x1c8>
10005436:	e2a1      	b.n	1000597c <_vsnprintf+0x70c>
10005438:	2380      	movs	r3, #128	; 0x80
1000543a:	0011      	movs	r1, r2
1000543c:	005b      	lsls	r3, r3, #1
1000543e:	4019      	ands	r1, r3
10005440:	468a      	mov	sl, r1
10005442:	421a      	tst	r2, r3
10005444:	d000      	beq.n	10005448 <_vsnprintf+0x1d8>
10005446:	e3b6      	b.n	10005bb6 <_vsnprintf+0x946>
10005448:	0013      	movs	r3, r2
1000544a:	065b      	lsls	r3, r3, #25
1000544c:	d500      	bpl.n	10005450 <_vsnprintf+0x1e0>
1000544e:	e2ed      	b.n	10005a2c <_vsnprintf+0x7bc>
10005450:	0013      	movs	r3, r2
10005452:	9909      	ldr	r1, [sp, #36]	; 0x24
10005454:	061b      	lsls	r3, r3, #24
10005456:	d401      	bmi.n	1000545c <_vsnprintf+0x1ec>
10005458:	f000 fc76 	bl	10005d48 <_vsnprintf+0xad8>
1000545c:	c908      	ldmia	r1!, {r3}
1000545e:	b21b      	sxth	r3, r3
10005460:	17d8      	asrs	r0, r3, #31
10005462:	181a      	adds	r2, r3, r0
10005464:	4042      	eors	r2, r0
10005466:	b292      	uxth	r2, r2
10005468:	9109      	str	r1, [sp, #36]	; 0x24
1000546a:	4693      	mov	fp, r2
1000546c:	0fda      	lsrs	r2, r3, #31
1000546e:	9212      	str	r2, [sp, #72]	; 0x48
10005470:	2b00      	cmp	r3, #0
10005472:	d109      	bne.n	10005488 <_vsnprintf+0x218>
10005474:	2380      	movs	r3, #128	; 0x80
10005476:	2210      	movs	r2, #16
10005478:	990b      	ldr	r1, [sp, #44]	; 0x2c
1000547a:	00db      	lsls	r3, r3, #3
1000547c:	400b      	ands	r3, r1
1000547e:	4391      	bics	r1, r2
10005480:	910b      	str	r1, [sp, #44]	; 0x2c
10005482:	2b00      	cmp	r3, #0
10005484:	d000      	beq.n	10005488 <_vsnprintf+0x218>
10005486:	e2e4      	b.n	10005a52 <_vsnprintf+0x7e2>
10005488:	9a0b      	ldr	r2, [sp, #44]	; 0x2c
1000548a:	2361      	movs	r3, #97	; 0x61
1000548c:	0692      	lsls	r2, r2, #26
1000548e:	d500      	bpl.n	10005492 <_vsnprintf+0x222>
10005490:	2341      	movs	r3, #65	; 0x41
10005492:	a90e      	add	r1, sp, #56	; 0x38
10005494:	221f      	movs	r2, #31
10005496:	468c      	mov	ip, r1
10005498:	b2db      	uxtb	r3, r3
1000549a:	4462      	add	r2, ip
1000549c:	3b0a      	subs	r3, #10
1000549e:	465f      	mov	r7, fp
100054a0:	9513      	str	r5, [sp, #76]	; 0x4c
100054a2:	46a3      	mov	fp, r4
100054a4:	4655      	mov	r5, sl
100054a6:	9c0c      	ldr	r4, [sp, #48]	; 0x30
100054a8:	46b2      	mov	sl, r6
100054aa:	930d      	str	r3, [sp, #52]	; 0x34
100054ac:	0016      	movs	r6, r2
100054ae:	e00a      	b.n	100054c6 <_vsnprintf+0x256>
100054b0:	3330      	adds	r3, #48	; 0x30
100054b2:	b2db      	uxtb	r3, r3
100054b4:	3501      	adds	r5, #1
100054b6:	5573      	strb	r3, [r6, r5]
100054b8:	42a7      	cmp	r7, r4
100054ba:	d200      	bcs.n	100054be <_vsnprintf+0x24e>
100054bc:	e2ed      	b.n	10005a9a <_vsnprintf+0x82a>
100054be:	2d20      	cmp	r5, #32
100054c0:	d100      	bne.n	100054c4 <_vsnprintf+0x254>
100054c2:	e2ea      	b.n	10005a9a <_vsnprintf+0x82a>
100054c4:	0007      	movs	r7, r0
100054c6:	0021      	movs	r1, r4
100054c8:	0038      	movs	r0, r7
100054ca:	f000 fce1 	bl	10005e90 <__wrap___aeabi_uidiv>
100054ce:	b2cb      	uxtb	r3, r1
100054d0:	2909      	cmp	r1, #9
100054d2:	d9ed      	bls.n	100054b0 <_vsnprintf+0x240>
100054d4:	9a0d      	ldr	r2, [sp, #52]	; 0x34
100054d6:	4694      	mov	ip, r2
100054d8:	4463      	add	r3, ip
100054da:	b2db      	uxtb	r3, r3
100054dc:	e7ea      	b.n	100054b4 <_vsnprintf+0x244>
100054de:	2380      	movs	r3, #128	; 0x80
100054e0:	009b      	lsls	r3, r3, #2
100054e2:	7870      	ldrb	r0, [r6, #1]
100054e4:	4319      	orrs	r1, r3
100054e6:	3601      	adds	r6, #1
100054e8:	e72f      	b.n	1000534a <_vsnprintf+0xda>
100054ea:	7870      	ldrb	r0, [r6, #1]
100054ec:	2868      	cmp	r0, #104	; 0x68
100054ee:	d100      	bne.n	100054f2 <_vsnprintf+0x282>
100054f0:	e1cd      	b.n	1000588e <_vsnprintf+0x61e>
100054f2:	2380      	movs	r3, #128	; 0x80
100054f4:	3601      	adds	r6, #1
100054f6:	4319      	orrs	r1, r3
100054f8:	e727      	b.n	1000534a <_vsnprintf+0xda>
100054fa:	7870      	ldrb	r0, [r6, #1]
100054fc:	286c      	cmp	r0, #108	; 0x6c
100054fe:	d100      	bne.n	10005502 <_vsnprintf+0x292>
10005500:	e1bf      	b.n	10005882 <_vsnprintf+0x612>
10005502:	2380      	movs	r3, #128	; 0x80
10005504:	005b      	lsls	r3, r3, #1
10005506:	4319      	orrs	r1, r3
10005508:	3601      	adds	r6, #1
1000550a:	e71e      	b.n	1000534a <_vsnprintf+0xda>
1000550c:	2846      	cmp	r0, #70	; 0x46
1000550e:	d100      	bne.n	10005512 <_vsnprintf+0x2a2>
10005510:	e19b      	b.n	1000584a <_vsnprintf+0x5da>
10005512:	2207      	movs	r2, #7
10005514:	9b09      	ldr	r3, [sp, #36]	; 0x24
10005516:	9104      	str	r1, [sp, #16]
10005518:	3307      	adds	r3, #7
1000551a:	4393      	bics	r3, r2
1000551c:	9a0a      	ldr	r2, [sp, #40]	; 0x28
1000551e:	0019      	movs	r1, r3
10005520:	9203      	str	r2, [sp, #12]
10005522:	4642      	mov	r2, r8
10005524:	9202      	str	r2, [sp, #8]
10005526:	c90c      	ldmia	r1!, {r2, r3}
10005528:	9808      	ldr	r0, [sp, #32]
1000552a:	9200      	str	r2, [sp, #0]
1000552c:	9301      	str	r3, [sp, #4]
1000552e:	9109      	str	r1, [sp, #36]	; 0x24
10005530:	002a      	movs	r2, r5
10005532:	464b      	mov	r3, r9
10005534:	0021      	movs	r1, r4
10005536:	f7ff fccf 	bl	10004ed8 <_ftoa>
1000553a:	3601      	adds	r6, #1
1000553c:	0005      	movs	r5, r0
1000553e:	e6bc      	b.n	100052ba <_vsnprintf+0x4a>
10005540:	002a      	movs	r2, r5
10005542:	1c6f      	adds	r7, r5, #1
10005544:	464b      	mov	r3, r9
10005546:	9d08      	ldr	r5, [sp, #32]
10005548:	0021      	movs	r1, r4
1000554a:	2025      	movs	r0, #37	; 0x25
1000554c:	47a8      	blx	r5
1000554e:	3601      	adds	r6, #1
10005550:	003d      	movs	r5, r7
10005552:	e6b2      	b.n	100052ba <_vsnprintf+0x4a>
10005554:	078b      	lsls	r3, r1, #30
10005556:	d400      	bmi.n	1000555a <_vsnprintf+0x2ea>
10005558:	e1ad      	b.n	100058b6 <_vsnprintf+0x646>
1000555a:	9b09      	ldr	r3, [sp, #36]	; 0x24
1000555c:	002a      	movs	r2, r5
1000555e:	469a      	mov	sl, r3
10005560:	1c6b      	adds	r3, r5, #1
10005562:	4698      	mov	r8, r3
10005564:	4653      	mov	r3, sl
10005566:	cb01      	ldmia	r3!, {r0}
10005568:	0021      	movs	r1, r4
1000556a:	469a      	mov	sl, r3
1000556c:	9f08      	ldr	r7, [sp, #32]
1000556e:	464b      	mov	r3, r9
10005570:	b2c0      	uxtb	r0, r0
10005572:	47b8      	blx	r7
10005574:	9b0a      	ldr	r3, [sp, #40]	; 0x28
10005576:	469c      	mov	ip, r3
10005578:	4465      	add	r5, ip
1000557a:	2b01      	cmp	r3, #1
1000557c:	d800      	bhi.n	10005580 <_vsnprintf+0x310>
1000557e:	e286      	b.n	10005a8e <_vsnprintf+0x81e>
10005580:	9b08      	ldr	r3, [sp, #32]
10005582:	4647      	mov	r7, r8
10005584:	46b0      	mov	r8, r6
10005586:	0026      	movs	r6, r4
10005588:	464c      	mov	r4, r9
1000558a:	4699      	mov	r9, r3
1000558c:	003a      	movs	r2, r7
1000558e:	0023      	movs	r3, r4
10005590:	3701      	adds	r7, #1
10005592:	0031      	movs	r1, r6
10005594:	2020      	movs	r0, #32
10005596:	47c8      	blx	r9
10005598:	42af      	cmp	r7, r5
1000559a:	d1f7      	bne.n	1000558c <_vsnprintf+0x31c>
1000559c:	46a1      	mov	r9, r4
1000559e:	4653      	mov	r3, sl
100055a0:	0034      	movs	r4, r6
100055a2:	4646      	mov	r6, r8
100055a4:	9309      	str	r3, [sp, #36]	; 0x24
100055a6:	3601      	adds	r6, #1
100055a8:	e687      	b.n	100052ba <_vsnprintf+0x4a>
100055aa:	46c0      	nop			; (mov r8, r8)
100055ac:	10005271 	.word	0x10005271
100055b0:	20002c08 	.word	0x20002c08
100055b4:	1000a328 	.word	0x1000a328
100055b8:	1000a36c 	.word	0x1000a36c
100055bc:	1000a3b8 	.word	0x1000a3b8
100055c0:	9b09      	ldr	r3, [sp, #36]	; 0x24
100055c2:	cb04      	ldmia	r3!, {r2}
100055c4:	469b      	mov	fp, r3
100055c6:	4643      	mov	r3, r8
100055c8:	9209      	str	r2, [sp, #36]	; 0x24
100055ca:	2b00      	cmp	r3, #0
100055cc:	d100      	bne.n	100055d0 <_vsnprintf+0x360>
100055ce:	e0c6      	b.n	1000575e <_vsnprintf+0x4ee>
100055d0:	7813      	ldrb	r3, [r2, #0]
100055d2:	469c      	mov	ip, r3
100055d4:	2b00      	cmp	r3, #0
100055d6:	d100      	bne.n	100055da <_vsnprintf+0x36a>
100055d8:	e3bd      	b.n	10005d56 <_vsnprintf+0xae6>
100055da:	4643      	mov	r3, r8
100055dc:	3b01      	subs	r3, #1
100055de:	9a09      	ldr	r2, [sp, #36]	; 0x24
100055e0:	3301      	adds	r3, #1
100055e2:	18d0      	adds	r0, r2, r3
100055e4:	9f0a      	ldr	r7, [sp, #40]	; 0x28
100055e6:	0013      	movs	r3, r2
100055e8:	e001      	b.n	100055ee <_vsnprintf+0x37e>
100055ea:	4283      	cmp	r3, r0
100055ec:	d003      	beq.n	100055f6 <_vsnprintf+0x386>
100055ee:	785a      	ldrb	r2, [r3, #1]
100055f0:	3301      	adds	r3, #1
100055f2:	2a00      	cmp	r2, #0
100055f4:	d1f9      	bne.n	100055ea <_vsnprintf+0x37a>
100055f6:	9a09      	ldr	r2, [sp, #36]	; 0x24
100055f8:	970a      	str	r7, [sp, #40]	; 0x28
100055fa:	1a9b      	subs	r3, r3, r2
100055fc:	930b      	str	r3, [sp, #44]	; 0x2c
100055fe:	2380      	movs	r3, #128	; 0x80
10005600:	000a      	movs	r2, r1
10005602:	00db      	lsls	r3, r3, #3
10005604:	401a      	ands	r2, r3
10005606:	920c      	str	r2, [sp, #48]	; 0x30
10005608:	4219      	tst	r1, r3
1000560a:	d004      	beq.n	10005616 <_vsnprintf+0x3a6>
1000560c:	9b0b      	ldr	r3, [sp, #44]	; 0x2c
1000560e:	4543      	cmp	r3, r8
10005610:	d901      	bls.n	10005616 <_vsnprintf+0x3a6>
10005612:	4643      	mov	r3, r8
10005614:	930b      	str	r3, [sp, #44]	; 0x2c
10005616:	2302      	movs	r3, #2
10005618:	001a      	movs	r2, r3
1000561a:	400a      	ands	r2, r1
1000561c:	920d      	str	r2, [sp, #52]	; 0x34
1000561e:	420b      	tst	r3, r1
10005620:	d100      	bne.n	10005624 <_vsnprintf+0x3b4>
10005622:	e187      	b.n	10005934 <_vsnprintf+0x6c4>
10005624:	4660      	mov	r0, ip
10005626:	2800      	cmp	r0, #0
10005628:	d100      	bne.n	1000562c <_vsnprintf+0x3bc>
1000562a:	e168      	b.n	100058fe <_vsnprintf+0x68e>
1000562c:	9b0c      	ldr	r3, [sp, #48]	; 0x30
1000562e:	2b00      	cmp	r3, #0
10005630:	d100      	bne.n	10005634 <_vsnprintf+0x3c4>
10005632:	e10d      	b.n	10005850 <_vsnprintf+0x5e0>
10005634:	44a8      	add	r8, r5
10005636:	46c2      	mov	sl, r8
10005638:	9b09      	ldr	r3, [sp, #36]	; 0x24
1000563a:	4657      	mov	r7, sl
1000563c:	1b5b      	subs	r3, r3, r5
1000563e:	4698      	mov	r8, r3
10005640:	9b08      	ldr	r3, [sp, #32]
10005642:	46b2      	mov	sl, r6
10005644:	002a      	movs	r2, r5
10005646:	0026      	movs	r6, r4
10005648:	464c      	mov	r4, r9
1000564a:	4699      	mov	r9, r3
1000564c:	e009      	b.n	10005662 <_vsnprintf+0x3f2>
1000564e:	0023      	movs	r3, r4
10005650:	0031      	movs	r1, r6
10005652:	1c55      	adds	r5, r2, #1
10005654:	47c8      	blx	r9
10005656:	4643      	mov	r3, r8
10005658:	5d58      	ldrb	r0, [r3, r5]
1000565a:	2800      	cmp	r0, #0
1000565c:	d100      	bne.n	10005660 <_vsnprintf+0x3f0>
1000565e:	e126      	b.n	100058ae <_vsnprintf+0x63e>
10005660:	002a      	movs	r2, r5
10005662:	4297      	cmp	r7, r2
10005664:	d1f3      	bne.n	1000564e <_vsnprintf+0x3de>
10005666:	46a1      	mov	r9, r4
10005668:	003d      	movs	r5, r7
1000566a:	0034      	movs	r4, r6
1000566c:	4656      	mov	r6, sl
1000566e:	9b0d      	ldr	r3, [sp, #52]	; 0x34
10005670:	2b00      	cmp	r3, #0
10005672:	d000      	beq.n	10005676 <_vsnprintf+0x406>
10005674:	e143      	b.n	100058fe <_vsnprintf+0x68e>
10005676:	465b      	mov	r3, fp
10005678:	3601      	adds	r6, #1
1000567a:	9309      	str	r3, [sp, #36]	; 0x24
1000567c:	e61d      	b.n	100052ba <_vsnprintf+0x4a>
1000567e:	9b09      	ldr	r3, [sp, #36]	; 0x24
10005680:	001a      	movs	r2, r3
10005682:	ca08      	ldmia	r2!, {r3}
10005684:	4692      	mov	sl, r2
10005686:	2b00      	cmp	r3, #0
10005688:	d048      	beq.n	1000571c <_vsnprintf+0x4ac>
1000568a:	2221      	movs	r2, #33	; 0x21
1000568c:	4311      	orrs	r1, r2
1000568e:	468b      	mov	fp, r1
10005690:	a80e      	add	r0, sp, #56	; 0x38
10005692:	4684      	mov	ip, r0
10005694:	211f      	movs	r1, #31
10005696:	4461      	add	r1, ip
10005698:	9509      	str	r5, [sp, #36]	; 0x24
1000569a:	2200      	movs	r2, #0
1000569c:	270f      	movs	r7, #15
1000569e:	46a4      	mov	ip, r4
100056a0:	000d      	movs	r5, r1
100056a2:	e002      	b.n	100056aa <_vsnprintf+0x43a>
100056a4:	2a20      	cmp	r2, #32
100056a6:	d00c      	beq.n	100056c2 <_vsnprintf+0x452>
100056a8:	000b      	movs	r3, r1
100056aa:	003c      	movs	r4, r7
100056ac:	401c      	ands	r4, r3
100056ae:	0020      	movs	r0, r4
100056b0:	3037      	adds	r0, #55	; 0x37
100056b2:	2c09      	cmp	r4, #9
100056b4:	d800      	bhi.n	100056b8 <_vsnprintf+0x448>
100056b6:	3807      	subs	r0, #7
100056b8:	3201      	adds	r2, #1
100056ba:	54a8      	strb	r0, [r5, r2]
100056bc:	0919      	lsrs	r1, r3, #4
100056be:	2b0f      	cmp	r3, #15
100056c0:	d8f0      	bhi.n	100056a4 <_vsnprintf+0x434>
100056c2:	4664      	mov	r4, ip
100056c4:	9d09      	ldr	r5, [sp, #36]	; 0x24
100056c6:	e032      	b.n	1000572e <_vsnprintf+0x4be>
100056c8:	4bdc      	ldr	r3, [pc, #880]	; (10005a3c <_vsnprintf+0x7cc>)
100056ca:	7820      	ldrb	r0, [r4, #0]
100056cc:	9308      	str	r3, [sp, #32]
100056ce:	2300      	movs	r3, #0
100056d0:	469a      	mov	sl, r3
100056d2:	2800      	cmp	r0, #0
100056d4:	d000      	beq.n	100056d8 <_vsnprintf+0x468>
100056d6:	e5e4      	b.n	100052a2 <_vsnprintf+0x32>
100056d8:	2400      	movs	r4, #0
100056da:	e665      	b.n	100053a8 <_vsnprintf+0x138>
100056dc:	4643      	mov	r3, r8
100056de:	0006      	movs	r6, r0
100056e0:	9f0a      	ldr	r7, [sp, #40]	; 0x28
100056e2:	0098      	lsls	r0, r3, #2
100056e4:	18c0      	adds	r0, r0, r3
100056e6:	3201      	adds	r2, #1
100056e8:	0040      	lsls	r0, r0, #1
100056ea:	1980      	adds	r0, r0, r6
100056ec:	7816      	ldrb	r6, [r2, #0]
100056ee:	0003      	movs	r3, r0
100056f0:	0030      	movs	r0, r6
100056f2:	3830      	subs	r0, #48	; 0x30
100056f4:	3b30      	subs	r3, #48	; 0x30
100056f6:	2809      	cmp	r0, #9
100056f8:	d9f3      	bls.n	100056e2 <_vsnprintf+0x472>
100056fa:	0030      	movs	r0, r6
100056fc:	4698      	mov	r8, r3
100056fe:	0016      	movs	r6, r2
10005700:	970a      	str	r7, [sp, #40]	; 0x28
10005702:	e600      	b.n	10005306 <_vsnprintf+0x96>
10005704:	9b09      	ldr	r3, [sp, #36]	; 0x24
10005706:	3602      	adds	r6, #2
10005708:	cb04      	ldmia	r3!, {r2}
1000570a:	4690      	mov	r8, r2
1000570c:	43d2      	mvns	r2, r2
1000570e:	4640      	mov	r0, r8
10005710:	17d2      	asrs	r2, r2, #31
10005712:	4010      	ands	r0, r2
10005714:	4680      	mov	r8, r0
10005716:	9309      	str	r3, [sp, #36]	; 0x24
10005718:	7830      	ldrb	r0, [r6, #0]
1000571a:	e5f4      	b.n	10005306 <_vsnprintf+0x96>
1000571c:	2210      	movs	r2, #16
1000571e:	0008      	movs	r0, r1
10005720:	4390      	bics	r0, r2
10005722:	3211      	adds	r2, #17
10005724:	4310      	orrs	r0, r2
10005726:	4683      	mov	fp, r0
10005728:	2200      	movs	r2, #0
1000572a:	0549      	lsls	r1, r1, #21
1000572c:	d5b0      	bpl.n	10005690 <_vsnprintf+0x420>
1000572e:	465b      	mov	r3, fp
10005730:	9306      	str	r3, [sp, #24]
10005732:	2308      	movs	r3, #8
10005734:	9305      	str	r3, [sp, #20]
10005736:	4643      	mov	r3, r8
10005738:	9304      	str	r3, [sp, #16]
1000573a:	2310      	movs	r3, #16
1000573c:	9303      	str	r3, [sp, #12]
1000573e:	2300      	movs	r3, #0
10005740:	9302      	str	r3, [sp, #8]
10005742:	ab16      	add	r3, sp, #88	; 0x58
10005744:	9201      	str	r2, [sp, #4]
10005746:	9300      	str	r3, [sp, #0]
10005748:	002a      	movs	r2, r5
1000574a:	464b      	mov	r3, r9
1000574c:	0021      	movs	r1, r4
1000574e:	9808      	ldr	r0, [sp, #32]
10005750:	f7ff f8ae 	bl	100048b0 <_ntoa_format>
10005754:	4653      	mov	r3, sl
10005756:	0005      	movs	r5, r0
10005758:	3601      	adds	r6, #1
1000575a:	9309      	str	r3, [sp, #36]	; 0x24
1000575c:	e5ad      	b.n	100052ba <_vsnprintf+0x4a>
1000575e:	7813      	ldrb	r3, [r2, #0]
10005760:	469c      	mov	ip, r3
10005762:	2b00      	cmp	r3, #0
10005764:	d100      	bne.n	10005768 <_vsnprintf+0x4f8>
10005766:	e2f7      	b.n	10005d58 <_vsnprintf+0xae8>
10005768:	2302      	movs	r3, #2
1000576a:	425b      	negs	r3, r3
1000576c:	e737      	b.n	100055de <_vsnprintf+0x36e>
1000576e:	2320      	movs	r3, #32
10005770:	0002      	movs	r2, r0
10005772:	439a      	bics	r2, r3
10005774:	2a47      	cmp	r2, #71	; 0x47
10005776:	d104      	bne.n	10005782 <_vsnprintf+0x512>
10005778:	2380      	movs	r3, #128	; 0x80
1000577a:	011b      	lsls	r3, r3, #4
1000577c:	4319      	orrs	r1, r3
1000577e:	2302      	movs	r3, #2
10005780:	4398      	bics	r0, r3
10005782:	2845      	cmp	r0, #69	; 0x45
10005784:	d101      	bne.n	1000578a <_vsnprintf+0x51a>
10005786:	2320      	movs	r3, #32
10005788:	4319      	orrs	r1, r3
1000578a:	2207      	movs	r2, #7
1000578c:	9b09      	ldr	r3, [sp, #36]	; 0x24
1000578e:	9104      	str	r1, [sp, #16]
10005790:	3307      	adds	r3, #7
10005792:	4393      	bics	r3, r2
10005794:	9a0a      	ldr	r2, [sp, #40]	; 0x28
10005796:	0019      	movs	r1, r3
10005798:	9203      	str	r2, [sp, #12]
1000579a:	4642      	mov	r2, r8
1000579c:	9202      	str	r2, [sp, #8]
1000579e:	c90c      	ldmia	r1!, {r2, r3}
100057a0:	9808      	ldr	r0, [sp, #32]
100057a2:	9200      	str	r2, [sp, #0]
100057a4:	9301      	str	r3, [sp, #4]
100057a6:	9109      	str	r1, [sp, #36]	; 0x24
100057a8:	002a      	movs	r2, r5
100057aa:	464b      	mov	r3, r9
100057ac:	0021      	movs	r1, r4
100057ae:	f7ff f96d 	bl	10004a8c <_etoa>
100057b2:	3601      	adds	r6, #1
100057b4:	0005      	movs	r5, r0
100057b6:	e580      	b.n	100052ba <_vsnprintf+0x4a>
100057b8:	2310      	movs	r3, #16
100057ba:	930c      	str	r3, [sp, #48]	; 0x30
100057bc:	230c      	movs	r3, #12
100057be:	000a      	movs	r2, r1
100057c0:	439a      	bics	r2, r3
100057c2:	920b      	str	r2, [sp, #44]	; 0x2c
100057c4:	054b      	lsls	r3, r1, #21
100057c6:	d503      	bpl.n	100057d0 <_vsnprintf+0x560>
100057c8:	2301      	movs	r3, #1
100057ca:	9a0b      	ldr	r2, [sp, #44]	; 0x2c
100057cc:	439a      	bics	r2, r3
100057ce:	920b      	str	r2, [sp, #44]	; 0x2c
100057d0:	2869      	cmp	r0, #105	; 0x69
100057d2:	d100      	bne.n	100057d6 <_vsnprintf+0x566>
100057d4:	e627      	b.n	10005426 <_vsnprintf+0x1b6>
100057d6:	2864      	cmp	r0, #100	; 0x64
100057d8:	d100      	bne.n	100057dc <_vsnprintf+0x56c>
100057da:	e624      	b.n	10005426 <_vsnprintf+0x1b6>
100057dc:	9a0b      	ldr	r2, [sp, #44]	; 0x2c
100057de:	2380      	movs	r3, #128	; 0x80
100057e0:	0011      	movs	r1, r2
100057e2:	009b      	lsls	r3, r3, #2
100057e4:	4019      	ands	r1, r3
100057e6:	468b      	mov	fp, r1
100057e8:	421a      	tst	r2, r3
100057ea:	d000      	beq.n	100057ee <_vsnprintf+0x57e>
100057ec:	e166      	b.n	10005abc <_vsnprintf+0x84c>
100057ee:	2380      	movs	r3, #128	; 0x80
100057f0:	0011      	movs	r1, r2
100057f2:	005b      	lsls	r3, r3, #1
100057f4:	4019      	ands	r1, r3
100057f6:	468a      	mov	sl, r1
100057f8:	421a      	tst	r2, r3
100057fa:	d000      	beq.n	100057fe <_vsnprintf+0x58e>
100057fc:	e239      	b.n	10005c72 <_vsnprintf+0xa02>
100057fe:	0013      	movs	r3, r2
10005800:	065b      	lsls	r3, r3, #25
10005802:	d500      	bpl.n	10005806 <_vsnprintf+0x596>
10005804:	e13c      	b.n	10005a80 <_vsnprintf+0x810>
10005806:	0013      	movs	r3, r2
10005808:	061b      	lsls	r3, r3, #24
1000580a:	d400      	bmi.n	1000580e <_vsnprintf+0x59e>
1000580c:	e2a6      	b.n	10005d5c <_vsnprintf+0xaec>
1000580e:	9b09      	ldr	r3, [sp, #36]	; 0x24
10005810:	cb04      	ldmia	r3!, {r2}
10005812:	0412      	lsls	r2, r2, #16
10005814:	0c12      	lsrs	r2, r2, #16
10005816:	4693      	mov	fp, r2
10005818:	9309      	str	r3, [sp, #36]	; 0x24
1000581a:	465b      	mov	r3, fp
1000581c:	2b00      	cmp	r3, #0
1000581e:	d000      	beq.n	10005822 <_vsnprintf+0x5b2>
10005820:	e19a      	b.n	10005b58 <_vsnprintf+0x8e8>
10005822:	9a0b      	ldr	r2, [sp, #44]	; 0x2c
10005824:	3310      	adds	r3, #16
10005826:	0011      	movs	r1, r2
10005828:	4399      	bics	r1, r3
1000582a:	910b      	str	r1, [sp, #44]	; 0x2c
1000582c:	0552      	lsls	r2, r2, #21
1000582e:	d400      	bmi.n	10005832 <_vsnprintf+0x5c2>
10005830:	e192      	b.n	10005b58 <_vsnprintf+0x8e8>
10005832:	2300      	movs	r3, #0
10005834:	469a      	mov	sl, r3
10005836:	9b0b      	ldr	r3, [sp, #44]	; 0x2c
10005838:	9306      	str	r3, [sp, #24]
1000583a:	9b0a      	ldr	r3, [sp, #40]	; 0x28
1000583c:	9305      	str	r3, [sp, #20]
1000583e:	4643      	mov	r3, r8
10005840:	9304      	str	r3, [sp, #16]
10005842:	9b0c      	ldr	r3, [sp, #48]	; 0x30
10005844:	9303      	str	r3, [sp, #12]
10005846:	2300      	movs	r3, #0
10005848:	e10c      	b.n	10005a64 <_vsnprintf+0x7f4>
1000584a:	2320      	movs	r3, #32
1000584c:	4319      	orrs	r1, r3
1000584e:	e660      	b.n	10005512 <_vsnprintf+0x2a2>
10005850:	9b09      	ldr	r3, [sp, #36]	; 0x24
10005852:	9a0a      	ldr	r2, [sp, #40]	; 0x28
10005854:	1b5b      	subs	r3, r3, r5
10005856:	4698      	mov	r8, r3
10005858:	464b      	mov	r3, r9
1000585a:	4691      	mov	r9, r2
1000585c:	001f      	movs	r7, r3
1000585e:	46b2      	mov	sl, r6
10005860:	0026      	movs	r6, r4
10005862:	9c08      	ldr	r4, [sp, #32]
10005864:	002a      	movs	r2, r5
10005866:	003b      	movs	r3, r7
10005868:	0031      	movs	r1, r6
1000586a:	47a0      	blx	r4
1000586c:	4643      	mov	r3, r8
1000586e:	3501      	adds	r5, #1
10005870:	5d58      	ldrb	r0, [r3, r5]
10005872:	2800      	cmp	r0, #0
10005874:	d1f6      	bne.n	10005864 <_vsnprintf+0x5f4>
10005876:	464a      	mov	r2, r9
10005878:	0034      	movs	r4, r6
1000587a:	46b9      	mov	r9, r7
1000587c:	4656      	mov	r6, sl
1000587e:	920a      	str	r2, [sp, #40]	; 0x28
10005880:	e6f5      	b.n	1000566e <_vsnprintf+0x3fe>
10005882:	23c0      	movs	r3, #192	; 0xc0
10005884:	009b      	lsls	r3, r3, #2
10005886:	78b0      	ldrb	r0, [r6, #2]
10005888:	4319      	orrs	r1, r3
1000588a:	3602      	adds	r6, #2
1000588c:	e55d      	b.n	1000534a <_vsnprintf+0xda>
1000588e:	23c0      	movs	r3, #192	; 0xc0
10005890:	78b0      	ldrb	r0, [r6, #2]
10005892:	4319      	orrs	r1, r3
10005894:	3602      	adds	r6, #2
10005896:	e558      	b.n	1000534a <_vsnprintf+0xda>
10005898:	230c      	movs	r3, #12
1000589a:	000a      	movs	r2, r1
1000589c:	439a      	bics	r2, r3
1000589e:	3314      	adds	r3, #20
100058a0:	431a      	orrs	r2, r3
100058a2:	3b10      	subs	r3, #16
100058a4:	920b      	str	r2, [sp, #44]	; 0x2c
100058a6:	930c      	str	r3, [sp, #48]	; 0x30
100058a8:	054b      	lsls	r3, r1, #21
100058aa:	d48d      	bmi.n	100057c8 <_vsnprintf+0x558>
100058ac:	e796      	b.n	100057dc <_vsnprintf+0x56c>
100058ae:	46a1      	mov	r9, r4
100058b0:	0034      	movs	r4, r6
100058b2:	4656      	mov	r6, sl
100058b4:	e6db      	b.n	1000566e <_vsnprintf+0x3fe>
100058b6:	9a0a      	ldr	r2, [sp, #40]	; 0x28
100058b8:	2a01      	cmp	r2, #1
100058ba:	d800      	bhi.n	100058be <_vsnprintf+0x64e>
100058bc:	e253      	b.n	10005d66 <_vsnprintf+0xaf6>
100058be:	1e6b      	subs	r3, r5, #1
100058c0:	189f      	adds	r7, r3, r2
100058c2:	9b08      	ldr	r3, [sp, #32]
100058c4:	46b0      	mov	r8, r6
100058c6:	0026      	movs	r6, r4
100058c8:	464c      	mov	r4, r9
100058ca:	4699      	mov	r9, r3
100058cc:	002a      	movs	r2, r5
100058ce:	0023      	movs	r3, r4
100058d0:	3501      	adds	r5, #1
100058d2:	0031      	movs	r1, r6
100058d4:	2020      	movs	r0, #32
100058d6:	47c8      	blx	r9
100058d8:	42bd      	cmp	r5, r7
100058da:	d1f7      	bne.n	100058cc <_vsnprintf+0x65c>
100058dc:	46a1      	mov	r9, r4
100058de:	0034      	movs	r4, r6
100058e0:	4646      	mov	r6, r8
100058e2:	9b09      	ldr	r3, [sp, #36]	; 0x24
100058e4:	003a      	movs	r2, r7
100058e6:	cb01      	ldmia	r3!, {r0}
100058e8:	0021      	movs	r1, r4
100058ea:	4698      	mov	r8, r3
100058ec:	1c7d      	adds	r5, r7, #1
100058ee:	464b      	mov	r3, r9
100058f0:	9f08      	ldr	r7, [sp, #32]
100058f2:	b2c0      	uxtb	r0, r0
100058f4:	47b8      	blx	r7
100058f6:	4643      	mov	r3, r8
100058f8:	3601      	adds	r6, #1
100058fa:	9309      	str	r3, [sp, #36]	; 0x24
100058fc:	e4dd      	b.n	100052ba <_vsnprintf+0x4a>
100058fe:	9b0b      	ldr	r3, [sp, #44]	; 0x2c
10005900:	9a0a      	ldr	r2, [sp, #40]	; 0x28
10005902:	46a8      	mov	r8, r5
10005904:	429a      	cmp	r2, r3
10005906:	d800      	bhi.n	1000590a <_vsnprintf+0x69a>
10005908:	e6b5      	b.n	10005676 <_vsnprintf+0x406>
1000590a:	4694      	mov	ip, r2
1000590c:	4465      	add	r5, ip
1000590e:	1aed      	subs	r5, r5, r3
10005910:	9b08      	ldr	r3, [sp, #32]
10005912:	4647      	mov	r7, r8
10005914:	46b0      	mov	r8, r6
10005916:	0026      	movs	r6, r4
10005918:	464c      	mov	r4, r9
1000591a:	4699      	mov	r9, r3
1000591c:	003a      	movs	r2, r7
1000591e:	0023      	movs	r3, r4
10005920:	3701      	adds	r7, #1
10005922:	0031      	movs	r1, r6
10005924:	2020      	movs	r0, #32
10005926:	47c8      	blx	r9
10005928:	42af      	cmp	r7, r5
1000592a:	d1f7      	bne.n	1000591c <_vsnprintf+0x6ac>
1000592c:	46a1      	mov	r9, r4
1000592e:	0034      	movs	r4, r6
10005930:	4646      	mov	r6, r8
10005932:	e6a0      	b.n	10005676 <_vsnprintf+0x406>
10005934:	9a0b      	ldr	r2, [sp, #44]	; 0x2c
10005936:	990a      	ldr	r1, [sp, #40]	; 0x28
10005938:	1c53      	adds	r3, r2, #1
1000593a:	4291      	cmp	r1, r2
1000593c:	d800      	bhi.n	10005940 <_vsnprintf+0x6d0>
1000593e:	e214      	b.n	10005d6a <_vsnprintf+0xafa>
10005940:	194b      	adds	r3, r1, r5
10005942:	1a9b      	subs	r3, r3, r2
10005944:	001f      	movs	r7, r3
10005946:	9b08      	ldr	r3, [sp, #32]
10005948:	46b2      	mov	sl, r6
1000594a:	0026      	movs	r6, r4
1000594c:	464c      	mov	r4, r9
1000594e:	4699      	mov	r9, r3
10005950:	002a      	movs	r2, r5
10005952:	0023      	movs	r3, r4
10005954:	3501      	adds	r5, #1
10005956:	0031      	movs	r1, r6
10005958:	2020      	movs	r0, #32
1000595a:	47c8      	blx	r9
1000595c:	42bd      	cmp	r5, r7
1000595e:	d1f7      	bne.n	10005950 <_vsnprintf+0x6e0>
10005960:	9b0a      	ldr	r3, [sp, #40]	; 0x28
10005962:	46a1      	mov	r9, r4
10005964:	3301      	adds	r3, #1
10005966:	930b      	str	r3, [sp, #44]	; 0x2c
10005968:	9b09      	ldr	r3, [sp, #36]	; 0x24
1000596a:	0034      	movs	r4, r6
1000596c:	781b      	ldrb	r3, [r3, #0]
1000596e:	4656      	mov	r6, sl
10005970:	469c      	mov	ip, r3
10005972:	4660      	mov	r0, ip
10005974:	2800      	cmp	r0, #0
10005976:	d000      	beq.n	1000597a <_vsnprintf+0x70a>
10005978:	e658      	b.n	1000562c <_vsnprintf+0x3bc>
1000597a:	e67c      	b.n	10005676 <_vsnprintf+0x406>
1000597c:	2207      	movs	r2, #7
1000597e:	9b09      	ldr	r3, [sp, #36]	; 0x24
10005980:	3307      	adds	r3, #7
10005982:	4393      	bics	r3, r2
10005984:	3201      	adds	r2, #1
10005986:	4694      	mov	ip, r2
10005988:	449c      	add	ip, r3
1000598a:	4662      	mov	r2, ip
1000598c:	685f      	ldr	r7, [r3, #4]
1000598e:	9209      	str	r2, [sp, #36]	; 0x24
10005990:	681a      	ldr	r2, [r3, #0]
10005992:	17fb      	asrs	r3, r7, #31
10005994:	9310      	str	r3, [sp, #64]	; 0x40
10005996:	9311      	str	r3, [sp, #68]	; 0x44
10005998:	9810      	ldr	r0, [sp, #64]	; 0x40
1000599a:	9911      	ldr	r1, [sp, #68]	; 0x44
1000599c:	0003      	movs	r3, r0
1000599e:	4053      	eors	r3, r2
100059a0:	930e      	str	r3, [sp, #56]	; 0x38
100059a2:	000b      	movs	r3, r1
100059a4:	407b      	eors	r3, r7
100059a6:	930f      	str	r3, [sp, #60]	; 0x3c
100059a8:	4694      	mov	ip, r2
100059aa:	9a0e      	ldr	r2, [sp, #56]	; 0x38
100059ac:	9b0f      	ldr	r3, [sp, #60]	; 0x3c
100059ae:	1a12      	subs	r2, r2, r0
100059b0:	418b      	sbcs	r3, r1
100059b2:	920e      	str	r2, [sp, #56]	; 0x38
100059b4:	930f      	str	r3, [sp, #60]	; 0x3c
100059b6:	0ffb      	lsrs	r3, r7, #31
100059b8:	4662      	mov	r2, ip
100059ba:	9312      	str	r3, [sp, #72]	; 0x48
100059bc:	2300      	movs	r3, #0
100059be:	433a      	orrs	r2, r7
100059c0:	469b      	mov	fp, r3
100059c2:	d03d      	beq.n	10005a40 <_vsnprintf+0x7d0>
100059c4:	9a0b      	ldr	r2, [sp, #44]	; 0x2c
100059c6:	2361      	movs	r3, #97	; 0x61
100059c8:	0692      	lsls	r2, r2, #26
100059ca:	d500      	bpl.n	100059ce <_vsnprintf+0x75e>
100059cc:	2341      	movs	r3, #65	; 0x41
100059ce:	2200      	movs	r2, #0
100059d0:	b2db      	uxtb	r3, r3
100059d2:	a90e      	add	r1, sp, #56	; 0x38
100059d4:	3b0a      	subs	r3, #10
100059d6:	468c      	mov	ip, r1
100059d8:	4692      	mov	sl, r2
100059da:	930d      	str	r3, [sp, #52]	; 0x34
100059dc:	4643      	mov	r3, r8
100059de:	321f      	adds	r2, #31
100059e0:	4462      	add	r2, ip
100059e2:	9513      	str	r5, [sp, #76]	; 0x4c
100059e4:	9615      	str	r6, [sp, #84]	; 0x54
100059e6:	4655      	mov	r5, sl
100059e8:	9e0e      	ldr	r6, [sp, #56]	; 0x38
100059ea:	9f0f      	ldr	r7, [sp, #60]	; 0x3c
100059ec:	46a2      	mov	sl, r4
100059ee:	4690      	mov	r8, r2
100059f0:	9c0c      	ldr	r4, [sp, #48]	; 0x30
100059f2:	9314      	str	r3, [sp, #80]	; 0x50
100059f4:	e00c      	b.n	10005a10 <_vsnprintf+0x7a0>
100059f6:	3230      	adds	r2, #48	; 0x30
100059f8:	b2d2      	uxtb	r2, r2
100059fa:	4643      	mov	r3, r8
100059fc:	3501      	adds	r5, #1
100059fe:	555a      	strb	r2, [r3, r5]
10005a00:	45bb      	cmp	fp, r7
10005a02:	d100      	bne.n	10005a06 <_vsnprintf+0x796>
10005a04:	e18a      	b.n	10005d1c <_vsnprintf+0xaac>
10005a06:	2d20      	cmp	r5, #32
10005a08:	d100      	bne.n	10005a0c <_vsnprintf+0x79c>
10005a0a:	e18a      	b.n	10005d22 <_vsnprintf+0xab2>
10005a0c:	0006      	movs	r6, r0
10005a0e:	000f      	movs	r7, r1
10005a10:	0022      	movs	r2, r4
10005a12:	2300      	movs	r3, #0
10005a14:	0030      	movs	r0, r6
10005a16:	0039      	movs	r1, r7
10005a18:	f000 fa78 	bl	10005f0c <__wrap___aeabi_uldivmod>
10005a1c:	b2d2      	uxtb	r2, r2
10005a1e:	2a09      	cmp	r2, #9
10005a20:	d9e9      	bls.n	100059f6 <_vsnprintf+0x786>
10005a22:	9b0d      	ldr	r3, [sp, #52]	; 0x34
10005a24:	469c      	mov	ip, r3
10005a26:	4462      	add	r2, ip
10005a28:	b2d2      	uxtb	r2, r2
10005a2a:	e7e6      	b.n	100059fa <_vsnprintf+0x78a>
10005a2c:	23ff      	movs	r3, #255	; 0xff
10005a2e:	9909      	ldr	r1, [sp, #36]	; 0x24
10005a30:	c904      	ldmia	r1!, {r2}
10005a32:	4013      	ands	r3, r2
10005a34:	001a      	movs	r2, r3
10005a36:	9109      	str	r1, [sp, #36]	; 0x24
10005a38:	e517      	b.n	1000546a <_vsnprintf+0x1fa>
10005a3a:	46c0      	nop			; (mov r8, r8)
10005a3c:	10004811 	.word	0x10004811
10005a40:	9a0b      	ldr	r2, [sp, #44]	; 0x2c
10005a42:	3310      	adds	r3, #16
10005a44:	0011      	movs	r1, r2
10005a46:	4399      	bics	r1, r3
10005a48:	910b      	str	r1, [sp, #44]	; 0x2c
10005a4a:	0552      	lsls	r2, r2, #21
10005a4c:	d5ba      	bpl.n	100059c4 <_vsnprintf+0x754>
10005a4e:	2300      	movs	r3, #0
10005a50:	469a      	mov	sl, r3
10005a52:	9b0b      	ldr	r3, [sp, #44]	; 0x2c
10005a54:	9306      	str	r3, [sp, #24]
10005a56:	9b0a      	ldr	r3, [sp, #40]	; 0x28
10005a58:	9305      	str	r3, [sp, #20]
10005a5a:	4643      	mov	r3, r8
10005a5c:	9304      	str	r3, [sp, #16]
10005a5e:	9b0c      	ldr	r3, [sp, #48]	; 0x30
10005a60:	9303      	str	r3, [sp, #12]
10005a62:	9b12      	ldr	r3, [sp, #72]	; 0x48
10005a64:	9302      	str	r3, [sp, #8]
10005a66:	4653      	mov	r3, sl
10005a68:	9301      	str	r3, [sp, #4]
10005a6a:	ab16      	add	r3, sp, #88	; 0x58
10005a6c:	002a      	movs	r2, r5
10005a6e:	9300      	str	r3, [sp, #0]
10005a70:	0021      	movs	r1, r4
10005a72:	464b      	mov	r3, r9
10005a74:	9808      	ldr	r0, [sp, #32]
10005a76:	f7fe ff1b 	bl	100048b0 <_ntoa_format>
10005a7a:	3601      	adds	r6, #1
10005a7c:	0005      	movs	r5, r0
10005a7e:	e41c      	b.n	100052ba <_vsnprintf+0x4a>
10005a80:	22ff      	movs	r2, #255	; 0xff
10005a82:	9b09      	ldr	r3, [sp, #36]	; 0x24
10005a84:	cb02      	ldmia	r3!, {r1}
10005a86:	4011      	ands	r1, r2
10005a88:	468b      	mov	fp, r1
10005a8a:	9309      	str	r3, [sp, #36]	; 0x24
10005a8c:	e6c5      	b.n	1000581a <_vsnprintf+0x5aa>
10005a8e:	4653      	mov	r3, sl
10005a90:	4645      	mov	r5, r8
10005a92:	9309      	str	r3, [sp, #36]	; 0x24
10005a94:	3601      	adds	r6, #1
10005a96:	f7ff fc10 	bl	100052ba <_vsnprintf+0x4a>
10005a9a:	4656      	mov	r6, sl
10005a9c:	465c      	mov	r4, fp
10005a9e:	46aa      	mov	sl, r5
10005aa0:	9d13      	ldr	r5, [sp, #76]	; 0x4c
10005aa2:	e7d6      	b.n	10005a52 <_vsnprintf+0x7e2>
10005aa4:	2308      	movs	r3, #8
10005aa6:	930c      	str	r3, [sp, #48]	; 0x30
10005aa8:	910b      	str	r1, [sp, #44]	; 0x2c
10005aaa:	990b      	ldr	r1, [sp, #44]	; 0x2c
10005aac:	2864      	cmp	r0, #100	; 0x64
10005aae:	d000      	beq.n	10005ab2 <_vsnprintf+0x842>
10005ab0:	e684      	b.n	100057bc <_vsnprintf+0x54c>
10005ab2:	9b0b      	ldr	r3, [sp, #44]	; 0x2c
10005ab4:	055b      	lsls	r3, r3, #21
10005ab6:	d500      	bpl.n	10005aba <_vsnprintf+0x84a>
10005ab8:	e686      	b.n	100057c8 <_vsnprintf+0x558>
10005aba:	e4b4      	b.n	10005426 <_vsnprintf+0x1b6>
10005abc:	2207      	movs	r2, #7
10005abe:	9b09      	ldr	r3, [sp, #36]	; 0x24
10005ac0:	3307      	adds	r3, #7
10005ac2:	4393      	bics	r3, r2
10005ac4:	3201      	adds	r2, #1
10005ac6:	4694      	mov	ip, r2
10005ac8:	449c      	add	ip, r3
10005aca:	4662      	mov	r2, ip
10005acc:	9209      	str	r2, [sp, #36]	; 0x24
10005ace:	681a      	ldr	r2, [r3, #0]
10005ad0:	685b      	ldr	r3, [r3, #4]
10005ad2:	0010      	movs	r0, r2
10005ad4:	469b      	mov	fp, r3
10005ad6:	0013      	movs	r3, r2
10005ad8:	465a      	mov	r2, fp
10005ada:	4313      	orrs	r3, r2
10005adc:	d107      	bne.n	10005aee <_vsnprintf+0x87e>
10005ade:	9a0b      	ldr	r2, [sp, #44]	; 0x2c
10005ae0:	3310      	adds	r3, #16
10005ae2:	0011      	movs	r1, r2
10005ae4:	4399      	bics	r1, r3
10005ae6:	910b      	str	r1, [sp, #44]	; 0x2c
10005ae8:	0552      	lsls	r2, r2, #21
10005aea:	d500      	bpl.n	10005aee <_vsnprintf+0x87e>
10005aec:	e6a1      	b.n	10005832 <_vsnprintf+0x5c2>
10005aee:	9a0b      	ldr	r2, [sp, #44]	; 0x2c
10005af0:	2361      	movs	r3, #97	; 0x61
10005af2:	0692      	lsls	r2, r2, #26
10005af4:	d500      	bpl.n	10005af8 <_vsnprintf+0x888>
10005af6:	2341      	movs	r3, #65	; 0x41
10005af8:	2200      	movs	r2, #0
10005afa:	b2db      	uxtb	r3, r3
10005afc:	a90e      	add	r1, sp, #56	; 0x38
10005afe:	3b0a      	subs	r3, #10
10005b00:	468c      	mov	ip, r1
10005b02:	4692      	mov	sl, r2
10005b04:	930d      	str	r3, [sp, #52]	; 0x34
10005b06:	4643      	mov	r3, r8
10005b08:	321f      	adds	r2, #31
10005b0a:	4462      	add	r2, ip
10005b0c:	465f      	mov	r7, fp
10005b0e:	9512      	str	r5, [sp, #72]	; 0x48
10005b10:	46a3      	mov	fp, r4
10005b12:	4655      	mov	r5, sl
10005b14:	0004      	movs	r4, r0
10005b16:	46b2      	mov	sl, r6
10005b18:	4690      	mov	r8, r2
10005b1a:	9e0c      	ldr	r6, [sp, #48]	; 0x30
10005b1c:	9313      	str	r3, [sp, #76]	; 0x4c
10005b1e:	e00d      	b.n	10005b3c <_vsnprintf+0x8cc>
10005b20:	3230      	adds	r2, #48	; 0x30
10005b22:	b2d2      	uxtb	r2, r2
10005b24:	4643      	mov	r3, r8
10005b26:	3501      	adds	r5, #1
10005b28:	555a      	strb	r2, [r3, r5]
10005b2a:	2300      	movs	r3, #0
10005b2c:	42bb      	cmp	r3, r7
10005b2e:	d100      	bne.n	10005b32 <_vsnprintf+0x8c2>
10005b30:	e100      	b.n	10005d34 <_vsnprintf+0xac4>
10005b32:	2d20      	cmp	r5, #32
10005b34:	d100      	bne.n	10005b38 <_vsnprintf+0x8c8>
10005b36:	e100      	b.n	10005d3a <_vsnprintf+0xaca>
10005b38:	0004      	movs	r4, r0
10005b3a:	000f      	movs	r7, r1
10005b3c:	0032      	movs	r2, r6
10005b3e:	2300      	movs	r3, #0
10005b40:	0020      	movs	r0, r4
10005b42:	0039      	movs	r1, r7
10005b44:	f000 f9e2 	bl	10005f0c <__wrap___aeabi_uldivmod>
10005b48:	b2d2      	uxtb	r2, r2
10005b4a:	2a09      	cmp	r2, #9
10005b4c:	d9e8      	bls.n	10005b20 <_vsnprintf+0x8b0>
10005b4e:	9b0d      	ldr	r3, [sp, #52]	; 0x34
10005b50:	469c      	mov	ip, r3
10005b52:	4462      	add	r2, ip
10005b54:	b2d2      	uxtb	r2, r2
10005b56:	e7e5      	b.n	10005b24 <_vsnprintf+0x8b4>
10005b58:	9a0b      	ldr	r2, [sp, #44]	; 0x2c
10005b5a:	2361      	movs	r3, #97	; 0x61
10005b5c:	0692      	lsls	r2, r2, #26
10005b5e:	d500      	bpl.n	10005b62 <_vsnprintf+0x8f2>
10005b60:	2341      	movs	r3, #65	; 0x41
10005b62:	b2db      	uxtb	r3, r3
10005b64:	a90e      	add	r1, sp, #56	; 0x38
10005b66:	3b0a      	subs	r3, #10
10005b68:	221f      	movs	r2, #31
10005b6a:	468c      	mov	ip, r1
10005b6c:	930d      	str	r3, [sp, #52]	; 0x34
10005b6e:	0023      	movs	r3, r4
10005b70:	4462      	add	r2, ip
10005b72:	465c      	mov	r4, fp
10005b74:	9512      	str	r5, [sp, #72]	; 0x48
10005b76:	0017      	movs	r7, r2
10005b78:	4655      	mov	r5, sl
10005b7a:	469b      	mov	fp, r3
10005b7c:	46b2      	mov	sl, r6
10005b7e:	9e0c      	ldr	r6, [sp, #48]	; 0x30
10005b80:	e008      	b.n	10005b94 <_vsnprintf+0x924>
10005b82:	3330      	adds	r3, #48	; 0x30
10005b84:	b2db      	uxtb	r3, r3
10005b86:	3501      	adds	r5, #1
10005b88:	557b      	strb	r3, [r7, r5]
10005b8a:	42b4      	cmp	r4, r6
10005b8c:	d30e      	bcc.n	10005bac <_vsnprintf+0x93c>
10005b8e:	2d20      	cmp	r5, #32
10005b90:	d00c      	beq.n	10005bac <_vsnprintf+0x93c>
10005b92:	0004      	movs	r4, r0
10005b94:	0031      	movs	r1, r6
10005b96:	0020      	movs	r0, r4
10005b98:	f000 f97a 	bl	10005e90 <__wrap___aeabi_uidiv>
10005b9c:	b2cb      	uxtb	r3, r1
10005b9e:	2909      	cmp	r1, #9
10005ba0:	d9ef      	bls.n	10005b82 <_vsnprintf+0x912>
10005ba2:	9a0d      	ldr	r2, [sp, #52]	; 0x34
10005ba4:	4694      	mov	ip, r2
10005ba6:	4463      	add	r3, ip
10005ba8:	b2db      	uxtb	r3, r3
10005baa:	e7ec      	b.n	10005b86 <_vsnprintf+0x916>
10005bac:	4656      	mov	r6, sl
10005bae:	465c      	mov	r4, fp
10005bb0:	46aa      	mov	sl, r5
10005bb2:	9d12      	ldr	r5, [sp, #72]	; 0x48
10005bb4:	e63f      	b.n	10005836 <_vsnprintf+0x5c6>
10005bb6:	9b09      	ldr	r3, [sp, #36]	; 0x24
10005bb8:	001a      	movs	r2, r3
10005bba:	ca08      	ldmia	r2!, {r3}
10005bbc:	17d9      	asrs	r1, r3, #31
10005bbe:	9213      	str	r2, [sp, #76]	; 0x4c
10005bc0:	185a      	adds	r2, r3, r1
10005bc2:	404a      	eors	r2, r1
10005bc4:	4692      	mov	sl, r2
10005bc6:	0fda      	lsrs	r2, r3, #31
10005bc8:	9212      	str	r2, [sp, #72]	; 0x48
10005bca:	2b00      	cmp	r3, #0
10005bcc:	d108      	bne.n	10005be0 <_vsnprintf+0x970>
10005bce:	2380      	movs	r3, #128	; 0x80
10005bd0:	2210      	movs	r2, #16
10005bd2:	990b      	ldr	r1, [sp, #44]	; 0x2c
10005bd4:	00db      	lsls	r3, r3, #3
10005bd6:	400b      	ands	r3, r1
10005bd8:	4391      	bics	r1, r2
10005bda:	910b      	str	r1, [sp, #44]	; 0x2c
10005bdc:	2b00      	cmp	r3, #0
10005bde:	d12b      	bne.n	10005c38 <_vsnprintf+0x9c8>
10005be0:	9a0b      	ldr	r2, [sp, #44]	; 0x2c
10005be2:	2361      	movs	r3, #97	; 0x61
10005be4:	0692      	lsls	r2, r2, #26
10005be6:	d500      	bpl.n	10005bea <_vsnprintf+0x97a>
10005be8:	2341      	movs	r3, #65	; 0x41
10005bea:	aa0e      	add	r2, sp, #56	; 0x38
10005bec:	271f      	movs	r7, #31
10005bee:	4694      	mov	ip, r2
10005bf0:	b2db      	uxtb	r3, r3
10005bf2:	3b0a      	subs	r3, #10
10005bf4:	950d      	str	r5, [sp, #52]	; 0x34
10005bf6:	4467      	add	r7, ip
10005bf8:	465d      	mov	r5, fp
10005bfa:	9309      	str	r3, [sp, #36]	; 0x24
10005bfc:	46a3      	mov	fp, r4
10005bfe:	4654      	mov	r4, sl
10005c00:	46b2      	mov	sl, r6
10005c02:	9e0c      	ldr	r6, [sp, #48]	; 0x30
10005c04:	e008      	b.n	10005c18 <_vsnprintf+0x9a8>
10005c06:	3330      	adds	r3, #48	; 0x30
10005c08:	b2db      	uxtb	r3, r3
10005c0a:	3501      	adds	r5, #1
10005c0c:	557b      	strb	r3, [r7, r5]
10005c0e:	42b4      	cmp	r4, r6
10005c10:	d30e      	bcc.n	10005c30 <_vsnprintf+0x9c0>
10005c12:	2d20      	cmp	r5, #32
10005c14:	d00c      	beq.n	10005c30 <_vsnprintf+0x9c0>
10005c16:	0004      	movs	r4, r0
10005c18:	0031      	movs	r1, r6
10005c1a:	0020      	movs	r0, r4
10005c1c:	f000 f938 	bl	10005e90 <__wrap___aeabi_uidiv>
10005c20:	b2cb      	uxtb	r3, r1
10005c22:	2909      	cmp	r1, #9
10005c24:	d9ef      	bls.n	10005c06 <_vsnprintf+0x996>
10005c26:	9a09      	ldr	r2, [sp, #36]	; 0x24
10005c28:	4694      	mov	ip, r2
10005c2a:	4463      	add	r3, ip
10005c2c:	b2db      	uxtb	r3, r3
10005c2e:	e7ec      	b.n	10005c0a <_vsnprintf+0x99a>
10005c30:	4656      	mov	r6, sl
10005c32:	465c      	mov	r4, fp
10005c34:	46ab      	mov	fp, r5
10005c36:	9d0d      	ldr	r5, [sp, #52]	; 0x34
10005c38:	9b0b      	ldr	r3, [sp, #44]	; 0x2c
10005c3a:	002a      	movs	r2, r5
10005c3c:	9306      	str	r3, [sp, #24]
10005c3e:	9b0a      	ldr	r3, [sp, #40]	; 0x28
10005c40:	0021      	movs	r1, r4
10005c42:	9305      	str	r3, [sp, #20]
10005c44:	4643      	mov	r3, r8
10005c46:	9304      	str	r3, [sp, #16]
10005c48:	9b0c      	ldr	r3, [sp, #48]	; 0x30
10005c4a:	9808      	ldr	r0, [sp, #32]
10005c4c:	9303      	str	r3, [sp, #12]
10005c4e:	9b12      	ldr	r3, [sp, #72]	; 0x48
10005c50:	3601      	adds	r6, #1
10005c52:	9302      	str	r3, [sp, #8]
10005c54:	465b      	mov	r3, fp
10005c56:	9301      	str	r3, [sp, #4]
10005c58:	ab16      	add	r3, sp, #88	; 0x58
10005c5a:	9300      	str	r3, [sp, #0]
10005c5c:	464b      	mov	r3, r9
10005c5e:	f7fe fe27 	bl	100048b0 <_ntoa_format>
10005c62:	9b13      	ldr	r3, [sp, #76]	; 0x4c
10005c64:	0005      	movs	r5, r0
10005c66:	9309      	str	r3, [sp, #36]	; 0x24
10005c68:	f7ff fb27 	bl	100052ba <_vsnprintf+0x4a>
10005c6c:	2302      	movs	r3, #2
10005c6e:	930c      	str	r3, [sp, #48]	; 0x30
10005c70:	e71a      	b.n	10005aa8 <_vsnprintf+0x838>
10005c72:	9b09      	ldr	r3, [sp, #36]	; 0x24
10005c74:	cb04      	ldmia	r3!, {r2}
10005c76:	4692      	mov	sl, r2
10005c78:	9312      	str	r3, [sp, #72]	; 0x48
10005c7a:	2a00      	cmp	r2, #0
10005c7c:	d108      	bne.n	10005c90 <_vsnprintf+0xa20>
10005c7e:	2380      	movs	r3, #128	; 0x80
10005c80:	2210      	movs	r2, #16
10005c82:	990b      	ldr	r1, [sp, #44]	; 0x2c
10005c84:	00db      	lsls	r3, r3, #3
10005c86:	400b      	ands	r3, r1
10005c88:	4391      	bics	r1, r2
10005c8a:	910b      	str	r1, [sp, #44]	; 0x2c
10005c8c:	2b00      	cmp	r3, #0
10005c8e:	d12b      	bne.n	10005ce8 <_vsnprintf+0xa78>
10005c90:	9a0b      	ldr	r2, [sp, #44]	; 0x2c
10005c92:	2361      	movs	r3, #97	; 0x61
10005c94:	0692      	lsls	r2, r2, #26
10005c96:	d500      	bpl.n	10005c9a <_vsnprintf+0xa2a>
10005c98:	2341      	movs	r3, #65	; 0x41
10005c9a:	aa0e      	add	r2, sp, #56	; 0x38
10005c9c:	271f      	movs	r7, #31
10005c9e:	4694      	mov	ip, r2
10005ca0:	b2db      	uxtb	r3, r3
10005ca2:	3b0a      	subs	r3, #10
10005ca4:	950d      	str	r5, [sp, #52]	; 0x34
10005ca6:	4467      	add	r7, ip
10005ca8:	465d      	mov	r5, fp
10005caa:	9309      	str	r3, [sp, #36]	; 0x24
10005cac:	46a3      	mov	fp, r4
10005cae:	4654      	mov	r4, sl
10005cb0:	46b2      	mov	sl, r6
10005cb2:	9e0c      	ldr	r6, [sp, #48]	; 0x30
10005cb4:	e008      	b.n	10005cc8 <_vsnprintf+0xa58>
10005cb6:	3330      	adds	r3, #48	; 0x30
10005cb8:	b2db      	uxtb	r3, r3
10005cba:	3501      	adds	r5, #1
10005cbc:	557b      	strb	r3, [r7, r5]
10005cbe:	42b4      	cmp	r4, r6
10005cc0:	d30e      	bcc.n	10005ce0 <_vsnprintf+0xa70>
10005cc2:	2d20      	cmp	r5, #32
10005cc4:	d00c      	beq.n	10005ce0 <_vsnprintf+0xa70>
10005cc6:	0004      	movs	r4, r0
10005cc8:	0031      	movs	r1, r6
10005cca:	0020      	movs	r0, r4
10005ccc:	f000 f8e0 	bl	10005e90 <__wrap___aeabi_uidiv>
10005cd0:	b2cb      	uxtb	r3, r1
10005cd2:	2909      	cmp	r1, #9
10005cd4:	d9ef      	bls.n	10005cb6 <_vsnprintf+0xa46>
10005cd6:	9a09      	ldr	r2, [sp, #36]	; 0x24
10005cd8:	4694      	mov	ip, r2
10005cda:	4463      	add	r3, ip
10005cdc:	b2db      	uxtb	r3, r3
10005cde:	e7ec      	b.n	10005cba <_vsnprintf+0xa4a>
10005ce0:	4656      	mov	r6, sl
10005ce2:	465c      	mov	r4, fp
10005ce4:	46ab      	mov	fp, r5
10005ce6:	9d0d      	ldr	r5, [sp, #52]	; 0x34
10005ce8:	9b0b      	ldr	r3, [sp, #44]	; 0x2c
10005cea:	002a      	movs	r2, r5
10005cec:	9306      	str	r3, [sp, #24]
10005cee:	9b0a      	ldr	r3, [sp, #40]	; 0x28
10005cf0:	0021      	movs	r1, r4
10005cf2:	9305      	str	r3, [sp, #20]
10005cf4:	4643      	mov	r3, r8
10005cf6:	9304      	str	r3, [sp, #16]
10005cf8:	9b0c      	ldr	r3, [sp, #48]	; 0x30
10005cfa:	9808      	ldr	r0, [sp, #32]
10005cfc:	9303      	str	r3, [sp, #12]
10005cfe:	2300      	movs	r3, #0
10005d00:	9302      	str	r3, [sp, #8]
10005d02:	465b      	mov	r3, fp
10005d04:	9301      	str	r3, [sp, #4]
10005d06:	ab16      	add	r3, sp, #88	; 0x58
10005d08:	9300      	str	r3, [sp, #0]
10005d0a:	464b      	mov	r3, r9
10005d0c:	f7fe fdd0 	bl	100048b0 <_ntoa_format>
10005d10:	9b12      	ldr	r3, [sp, #72]	; 0x48
10005d12:	0005      	movs	r5, r0
10005d14:	9309      	str	r3, [sp, #36]	; 0x24
10005d16:	3601      	adds	r6, #1
10005d18:	f7ff facf 	bl	100052ba <_vsnprintf+0x4a>
10005d1c:	42b4      	cmp	r4, r6
10005d1e:	d800      	bhi.n	10005d22 <_vsnprintf+0xab2>
10005d20:	e671      	b.n	10005a06 <_vsnprintf+0x796>
10005d22:	9b14      	ldr	r3, [sp, #80]	; 0x50
10005d24:	4654      	mov	r4, sl
10005d26:	960e      	str	r6, [sp, #56]	; 0x38
10005d28:	970f      	str	r7, [sp, #60]	; 0x3c
10005d2a:	46aa      	mov	sl, r5
10005d2c:	4698      	mov	r8, r3
10005d2e:	9e15      	ldr	r6, [sp, #84]	; 0x54
10005d30:	9d13      	ldr	r5, [sp, #76]	; 0x4c
10005d32:	e68e      	b.n	10005a52 <_vsnprintf+0x7e2>
10005d34:	42a6      	cmp	r6, r4
10005d36:	d800      	bhi.n	10005d3a <_vsnprintf+0xaca>
10005d38:	e6fb      	b.n	10005b32 <_vsnprintf+0x8c2>
10005d3a:	9b13      	ldr	r3, [sp, #76]	; 0x4c
10005d3c:	4656      	mov	r6, sl
10005d3e:	4698      	mov	r8, r3
10005d40:	46aa      	mov	sl, r5
10005d42:	465c      	mov	r4, fp
10005d44:	9d12      	ldr	r5, [sp, #72]	; 0x48
10005d46:	e576      	b.n	10005836 <_vsnprintf+0x5c6>
10005d48:	c908      	ldmia	r1!, {r3}
10005d4a:	17d8      	asrs	r0, r3, #31
10005d4c:	181a      	adds	r2, r3, r0
10005d4e:	4042      	eors	r2, r0
10005d50:	9109      	str	r1, [sp, #36]	; 0x24
10005d52:	f7ff fb8a 	bl	1000546a <_vsnprintf+0x1fa>
10005d56:	2300      	movs	r3, #0
10005d58:	930b      	str	r3, [sp, #44]	; 0x2c
10005d5a:	e450      	b.n	100055fe <_vsnprintf+0x38e>
10005d5c:	9b09      	ldr	r3, [sp, #36]	; 0x24
10005d5e:	cb04      	ldmia	r3!, {r2}
10005d60:	4693      	mov	fp, r2
10005d62:	9309      	str	r3, [sp, #36]	; 0x24
10005d64:	e559      	b.n	1000581a <_vsnprintf+0x5aa>
10005d66:	002f      	movs	r7, r5
10005d68:	e5bb      	b.n	100058e2 <_vsnprintf+0x672>
10005d6a:	930b      	str	r3, [sp, #44]	; 0x2c
10005d6c:	e601      	b.n	10005972 <_vsnprintf+0x702>
10005d6e:	3b06      	subs	r3, #6
10005d70:	930c      	str	r3, [sp, #48]	; 0x30
10005d72:	e69a      	b.n	10005aaa <_vsnprintf+0x83a>

10005d74 <__wrap_snprintf>:
10005d74:	b40c      	push	{r2, r3}
10005d76:	b510      	push	{r4, lr}
10005d78:	b084      	sub	sp, #16
10005d7a:	ac06      	add	r4, sp, #24
10005d7c:	cc08      	ldmia	r4!, {r3}
10005d7e:	000a      	movs	r2, r1
10005d80:	9400      	str	r4, [sp, #0]
10005d82:	0001      	movs	r1, r0
10005d84:	4804      	ldr	r0, [pc, #16]	; (10005d98 <__wrap_snprintf+0x24>)
10005d86:	9403      	str	r4, [sp, #12]
10005d88:	f7ff fa72 	bl	10005270 <_vsnprintf>
10005d8c:	b004      	add	sp, #16
10005d8e:	bc10      	pop	{r4}
10005d90:	bc08      	pop	{r3}
10005d92:	b002      	add	sp, #8
10005d94:	4718      	bx	r3
10005d96:	46c0      	nop			; (mov r8, r8)
10005d98:	10004809 	.word	0x10004809

10005d9c <weak_raw_vprintf>:
10005d9c:	b510      	push	{r4, lr}
10005d9e:	4a09      	ldr	r2, [pc, #36]	; (10005dc4 <weak_raw_vprintf+0x28>)
10005da0:	0003      	movs	r3, r0
10005da2:	6814      	ldr	r4, [r2, #0]
10005da4:	b084      	sub	sp, #16
10005da6:	2c00      	cmp	r4, #0
10005da8:	d008      	beq.n	10005dbc <weak_raw_vprintf+0x20>
10005daa:	2201      	movs	r2, #1
10005dac:	9100      	str	r1, [sp, #0]
10005dae:	4806      	ldr	r0, [pc, #24]	; (10005dc8 <weak_raw_vprintf+0x2c>)
10005db0:	4252      	negs	r2, r2
10005db2:	a903      	add	r1, sp, #12
10005db4:	47a0      	blx	r4
10005db6:	2001      	movs	r0, #1
10005db8:	b004      	add	sp, #16
10005dba:	bd10      	pop	{r4, pc}
10005dbc:	f001 f9d8 	bl	10007170 <__wrap_puts>
10005dc0:	2000      	movs	r0, #0
10005dc2:	e7f9      	b.n	10005db8 <weak_raw_vprintf+0x1c>
10005dc4:	20002c08 	.word	0x20002c08
10005dc8:	10004a7d 	.word	0x10004a7d

10005dcc <__aeabi_bits_init>:
10005dcc:	4801      	ldr	r0, [pc, #4]	; (10005dd4 <__aeabi_bits_init+0x8>)
10005dce:	2104      	movs	r1, #4
10005dd0:	4b01      	ldr	r3, [pc, #4]	; (10005dd8 <__aeabi_bits_init+0xc>)
10005dd2:	4718      	bx	r3
10005dd4:	20000fc0 	.word	0x20000fc0
10005dd8:	10005dfd 	.word	0x10005dfd

10005ddc <rom_func_lookup>:
10005ddc:	2314      	movs	r3, #20
10005dde:	b510      	push	{r4, lr}
10005de0:	0001      	movs	r1, r0
10005de2:	8818      	ldrh	r0, [r3, #0]
10005de4:	3304      	adds	r3, #4
10005de6:	881b      	ldrh	r3, [r3, #0]
10005de8:	4798      	blx	r3
10005dea:	bd10      	pop	{r4, pc}

10005dec <rom_data_lookup>:
10005dec:	2316      	movs	r3, #22
10005dee:	b510      	push	{r4, lr}
10005df0:	0001      	movs	r1, r0
10005df2:	8818      	ldrh	r0, [r3, #0]
10005df4:	3302      	adds	r3, #2
10005df6:	881b      	ldrh	r3, [r3, #0]
10005df8:	4798      	blx	r3
10005dfa:	bd10      	pop	{r4, pc}

10005dfc <rom_funcs_lookup>:
10005dfc:	b5f8      	push	{r3, r4, r5, r6, r7, lr}
10005dfe:	4647      	mov	r7, r8
10005e00:	46ce      	mov	lr, r9
10005e02:	b580      	push	{r7, lr}
10005e04:	1e0f      	subs	r7, r1, #0
10005e06:	d019      	beq.n	10005e3c <rom_funcs_lookup+0x40>
10005e08:	2314      	movs	r3, #20
10005e0a:	4699      	mov	r9, r3
10005e0c:	3304      	adds	r3, #4
10005e0e:	0004      	movs	r4, r0
10005e10:	2500      	movs	r5, #0
10005e12:	2601      	movs	r6, #1
10005e14:	4698      	mov	r8, r3
10005e16:	464b      	mov	r3, r9
10005e18:	8818      	ldrh	r0, [r3, #0]
10005e1a:	4643      	mov	r3, r8
10005e1c:	6821      	ldr	r1, [r4, #0]
10005e1e:	881b      	ldrh	r3, [r3, #0]
10005e20:	4798      	blx	r3
10005e22:	c401      	stmia	r4!, {r0}
10005e24:	1e43      	subs	r3, r0, #1
10005e26:	4198      	sbcs	r0, r3
10005e28:	3501      	adds	r5, #1
10005e2a:	4240      	negs	r0, r0
10005e2c:	4006      	ands	r6, r0
10005e2e:	42af      	cmp	r7, r5
10005e30:	d1f1      	bne.n	10005e16 <rom_funcs_lookup+0x1a>
10005e32:	0030      	movs	r0, r6
10005e34:	bcc0      	pop	{r6, r7}
10005e36:	46b9      	mov	r9, r7
10005e38:	46b0      	mov	r8, r6
10005e3a:	bdf8      	pop	{r3, r4, r5, r6, r7, pc}
10005e3c:	2601      	movs	r6, #1
10005e3e:	e7f8      	b.n	10005e32 <rom_funcs_lookup+0x36>

10005e40 <__wrap___aeabi_idiv>:
10005e40:	4a12      	ldr	r2, [pc, #72]	; (10005e8c <divmod_s32s32_savestate+0x18>)
10005e42:	6f93      	ldr	r3, [r2, #120]	; 0x78
10005e44:	089b      	lsrs	r3, r3, #2
10005e46:	d215      	bcs.n	10005e74 <divmod_s32s32_savestate>

10005e48 <divmod_s32s32_unsafe>:
10005e48:	6690      	str	r0, [r2, #104]	; 0x68
10005e4a:	66d1      	str	r1, [r2, #108]	; 0x6c
10005e4c:	2900      	cmp	r1, #0
10005e4e:	d005      	beq.n	10005e5c <divmod_s32s32_unsafe+0x14>
10005e50:	e7ff      	b.n	10005e52 <divmod_s32s32_unsafe+0xa>
10005e52:	e7ff      	b.n	10005e54 <divmod_s32s32_unsafe+0xc>
10005e54:	e7ff      	b.n	10005e56 <divmod_s32s32_unsafe+0xe>
10005e56:	6f51      	ldr	r1, [r2, #116]	; 0x74
10005e58:	6f10      	ldr	r0, [r2, #112]	; 0x70
10005e5a:	4770      	bx	lr
10005e5c:	b504      	push	{r2, lr}
10005e5e:	2180      	movs	r1, #128	; 0x80
10005e60:	0609      	lsls	r1, r1, #24
10005e62:	17c2      	asrs	r2, r0, #31
10005e64:	4051      	eors	r1, r2
10005e66:	2800      	cmp	r0, #0
10005e68:	d000      	beq.n	10005e6c <divmod_s32s32_unsafe+0x24>
10005e6a:	43c8      	mvns	r0, r1
10005e6c:	f003 fe48 	bl	10009b00 <____aeabi_idiv0_veneer>
10005e70:	2100      	movs	r1, #0
10005e72:	bd04      	pop	{r2, pc}

10005e74 <divmod_s32s32_savestate>:
10005e74:	b5f0      	push	{r4, r5, r6, r7, lr}
10005e76:	6e14      	ldr	r4, [r2, #96]	; 0x60
10005e78:	6e55      	ldr	r5, [r2, #100]	; 0x64
10005e7a:	6f57      	ldr	r7, [r2, #116]	; 0x74
10005e7c:	6f16      	ldr	r6, [r2, #112]	; 0x70
10005e7e:	f7ff ffe3 	bl	10005e48 <divmod_s32s32_unsafe>
10005e82:	6614      	str	r4, [r2, #96]	; 0x60
10005e84:	6655      	str	r5, [r2, #100]	; 0x64
10005e86:	6757      	str	r7, [r2, #116]	; 0x74
10005e88:	6716      	str	r6, [r2, #112]	; 0x70
10005e8a:	bdf0      	pop	{r4, r5, r6, r7, pc}
10005e8c:	d0000000 	.word	0xd0000000

10005e90 <__wrap___aeabi_uidiv>:
10005e90:	4a11      	ldr	r2, [pc, #68]	; (10005ed8 <divmod_u32u32_savestate+0x18>)
10005e92:	6f93      	ldr	r3, [r2, #120]	; 0x78
10005e94:	089b      	lsrs	r3, r3, #2
10005e96:	d213      	bcs.n	10005ec0 <divmod_u32u32_savestate>

10005e98 <divmod_u32u32_unsafe>:
10005e98:	6610      	str	r0, [r2, #96]	; 0x60
10005e9a:	6651      	str	r1, [r2, #100]	; 0x64
10005e9c:	2900      	cmp	r1, #0
10005e9e:	d005      	beq.n	10005eac <divmod_u32u32_unsafe+0x14>
10005ea0:	e7ff      	b.n	10005ea2 <divmod_u32u32_unsafe+0xa>
10005ea2:	e7ff      	b.n	10005ea4 <divmod_u32u32_unsafe+0xc>
10005ea4:	e7ff      	b.n	10005ea6 <divmod_u32u32_unsafe+0xe>
10005ea6:	6f51      	ldr	r1, [r2, #116]	; 0x74
10005ea8:	6f10      	ldr	r0, [r2, #112]	; 0x70
10005eaa:	4770      	bx	lr
10005eac:	b504      	push	{r2, lr}
10005eae:	2800      	cmp	r0, #0
10005eb0:	d001      	beq.n	10005eb6 <divmod_u32u32_unsafe+0x1e>
10005eb2:	2000      	movs	r0, #0
10005eb4:	43c0      	mvns	r0, r0
10005eb6:	f003 fe23 	bl	10009b00 <____aeabi_idiv0_veneer>
10005eba:	2100      	movs	r1, #0
10005ebc:	bd04      	pop	{r2, pc}
10005ebe:	46c0      	nop			; (mov r8, r8)

10005ec0 <divmod_u32u32_savestate>:
10005ec0:	b5f0      	push	{r4, r5, r6, r7, lr}
10005ec2:	6e14      	ldr	r4, [r2, #96]	; 0x60
10005ec4:	6e55      	ldr	r5, [r2, #100]	; 0x64
10005ec6:	6f57      	ldr	r7, [r2, #116]	; 0x74
10005ec8:	6f16      	ldr	r6, [r2, #112]	; 0x70
10005eca:	f7ff ffe5 	bl	10005e98 <divmod_u32u32_unsafe>
10005ece:	6614      	str	r4, [r2, #96]	; 0x60
10005ed0:	6655      	str	r5, [r2, #100]	; 0x64
10005ed2:	6757      	str	r7, [r2, #116]	; 0x74
10005ed4:	6716      	str	r6, [r2, #112]	; 0x70
10005ed6:	bdf0      	pop	{r4, r5, r6, r7, pc}
10005ed8:	d0000000 	.word	0xd0000000

10005edc <__wrap___aeabi_ldivmod>:
10005edc:	4694      	mov	ip, r2
10005ede:	4a4a      	ldr	r2, [pc, #296]	; (10006008 <udiv0+0x1a>)
10005ee0:	6f92      	ldr	r2, [r2, #120]	; 0x78
10005ee2:	0892      	lsrs	r2, r2, #2
10005ee4:	4662      	mov	r2, ip
10005ee6:	d201      	bcs.n	10005eec <divmod_s64s64_savestate>
10005ee8:	e028      	b.n	10005f3c <divmod_s64s64_unsafe>
10005eea:	46c0      	nop			; (mov r8, r8)

10005eec <divmod_s64s64_savestate>:
10005eec:	b5f0      	push	{r4, r5, r6, r7, lr}
10005eee:	4e46      	ldr	r6, [pc, #280]	; (10006008 <udiv0+0x1a>)
10005ef0:	6e34      	ldr	r4, [r6, #96]	; 0x60
10005ef2:	6e75      	ldr	r5, [r6, #100]	; 0x64
10005ef4:	6f77      	ldr	r7, [r6, #116]	; 0x74
10005ef6:	6f36      	ldr	r6, [r6, #112]	; 0x70
10005ef8:	f000 f820 	bl	10005f3c <divmod_s64s64_unsafe>
10005efc:	4694      	mov	ip, r2
10005efe:	4a42      	ldr	r2, [pc, #264]	; (10006008 <udiv0+0x1a>)
10005f00:	6614      	str	r4, [r2, #96]	; 0x60
10005f02:	6655      	str	r5, [r2, #100]	; 0x64
10005f04:	6757      	str	r7, [r2, #116]	; 0x74
10005f06:	6716      	str	r6, [r2, #112]	; 0x70
10005f08:	4662      	mov	r2, ip
10005f0a:	bdf0      	pop	{r4, r5, r6, r7, pc}

10005f0c <__wrap___aeabi_uldivmod>:
10005f0c:	4694      	mov	ip, r2
10005f0e:	4a3e      	ldr	r2, [pc, #248]	; (10006008 <udiv0+0x1a>)
10005f10:	6f92      	ldr	r2, [r2, #120]	; 0x78
10005f12:	0892      	lsrs	r2, r2, #2
10005f14:	4662      	mov	r2, ip
10005f16:	d201      	bcs.n	10005f1c <divmod_u64u64_savestate>
10005f18:	e054      	b.n	10005fc4 <divmod_u64u64_unsafe>
10005f1a:	46c0      	nop			; (mov r8, r8)

10005f1c <divmod_u64u64_savestate>:
10005f1c:	b5f0      	push	{r4, r5, r6, r7, lr}
10005f1e:	4e3a      	ldr	r6, [pc, #232]	; (10006008 <udiv0+0x1a>)
10005f20:	6e34      	ldr	r4, [r6, #96]	; 0x60
10005f22:	6e75      	ldr	r5, [r6, #100]	; 0x64
10005f24:	6f77      	ldr	r7, [r6, #116]	; 0x74
10005f26:	6f36      	ldr	r6, [r6, #112]	; 0x70
10005f28:	f000 f84c 	bl	10005fc4 <divmod_u64u64_unsafe>
10005f2c:	4694      	mov	ip, r2
10005f2e:	4a36      	ldr	r2, [pc, #216]	; (10006008 <udiv0+0x1a>)
10005f30:	6614      	str	r4, [r2, #96]	; 0x60
10005f32:	6655      	str	r5, [r2, #100]	; 0x64
10005f34:	6757      	str	r7, [r2, #116]	; 0x74
10005f36:	6716      	str	r6, [r2, #112]	; 0x70
10005f38:	4662      	mov	r2, ip
10005f3a:	bdf0      	pop	{r4, r5, r6, r7, pc}

10005f3c <divmod_s64s64_unsafe>:
10005f3c:	2b00      	cmp	r3, #0
10005f3e:	db24      	blt.n	10005f8a <l42_1+0x26>
10005f40:	d011      	beq.n	10005f66 <l42_1+0x2>
10005f42:	2900      	cmp	r1, #0
10005f44:	da3e      	bge.n	10005fc4 <divmod_u64u64_unsafe>
10005f46:	b500      	push	{lr}
10005f48:	43c9      	mvns	r1, r1
10005f4a:	4240      	negs	r0, r0
10005f4c:	d100      	bne.n	10005f50 <l40_1>
10005f4e:	3101      	adds	r1, #1

10005f50 <l40_1>:
10005f50:	f000 f838 	bl	10005fc4 <divmod_u64u64_unsafe>
10005f54:	43c9      	mvns	r1, r1
10005f56:	4240      	negs	r0, r0
10005f58:	d100      	bne.n	10005f5c <l41_1>
10005f5a:	3101      	adds	r1, #1

10005f5c <l41_1>:
10005f5c:	43db      	mvns	r3, r3
10005f5e:	4252      	negs	r2, r2
10005f60:	d100      	bne.n	10005f64 <l42_1>
10005f62:	3301      	adds	r3, #1

10005f64 <l42_1>:
10005f64:	bd00      	pop	{pc}
10005f66:	2a00      	cmp	r2, #0
10005f68:	d1eb      	bne.n	10005f42 <divmod_s64s64_unsafe+0x6>
10005f6a:	2800      	cmp	r0, #0
10005f6c:	d101      	bne.n	10005f72 <l42_1+0xe>
10005f6e:	2900      	cmp	r1, #0
10005f70:	d005      	beq.n	10005f7e <l42_1+0x1a>
10005f72:	2000      	movs	r0, #0
10005f74:	0fc9      	lsrs	r1, r1, #31
10005f76:	07c9      	lsls	r1, r1, #31
10005f78:	d101      	bne.n	10005f7e <l42_1+0x1a>
10005f7a:	43c0      	mvns	r0, r0
10005f7c:	0841      	lsrs	r1, r0, #1
10005f7e:	b500      	push	{lr}
10005f80:	f003 fda6 	bl	10009ad0 <____aeabi_ldiv0_veneer>
10005f84:	2200      	movs	r2, #0
10005f86:	2300      	movs	r3, #0
10005f88:	bd00      	pop	{pc}
10005f8a:	b500      	push	{lr}
10005f8c:	2900      	cmp	r1, #0
10005f8e:	db0a      	blt.n	10005fa6 <l44_1+0x2>
10005f90:	43db      	mvns	r3, r3
10005f92:	4252      	negs	r2, r2
10005f94:	d100      	bne.n	10005f98 <l43_1>
10005f96:	3301      	adds	r3, #1

10005f98 <l43_1>:
10005f98:	f000 f814 	bl	10005fc4 <divmod_u64u64_unsafe>
10005f9c:	43c9      	mvns	r1, r1
10005f9e:	4240      	negs	r0, r0
10005fa0:	d100      	bne.n	10005fa4 <l44_1>
10005fa2:	3101      	adds	r1, #1

10005fa4 <l44_1>:
10005fa4:	bd00      	pop	{pc}
10005fa6:	43c9      	mvns	r1, r1
10005fa8:	4240      	negs	r0, r0
10005faa:	d100      	bne.n	10005fae <l45_1>
10005fac:	3101      	adds	r1, #1

10005fae <l45_1>:
10005fae:	43db      	mvns	r3, r3
10005fb0:	4252      	negs	r2, r2
10005fb2:	d100      	bne.n	10005fb6 <l46_1>
10005fb4:	3301      	adds	r3, #1

10005fb6 <l46_1>:
10005fb6:	f000 f805 	bl	10005fc4 <divmod_u64u64_unsafe>
10005fba:	43db      	mvns	r3, r3
10005fbc:	4252      	negs	r2, r2
10005fbe:	d100      	bne.n	10005fc2 <l47_1>
10005fc0:	3301      	adds	r3, #1

10005fc2 <l47_1>:
10005fc2:	bd00      	pop	{pc}

10005fc4 <divmod_u64u64_unsafe>:
10005fc4:	2900      	cmp	r1, #0
10005fc6:	d123      	bne.n	10006010 <y64>
10005fc8:	2b00      	cmp	r3, #0
10005fca:	d118      	bne.n	10005ffe <udiv0+0x10>
10005fcc:	2a00      	cmp	r2, #0
10005fce:	d00c      	beq.n	10005fea <divmod_u64u64_unsafe+0x26>
10005fd0:	46bc      	mov	ip, r7
10005fd2:	4f0d      	ldr	r7, [pc, #52]	; (10006008 <udiv0+0x1a>)
10005fd4:	6638      	str	r0, [r7, #96]	; 0x60
10005fd6:	667a      	str	r2, [r7, #100]	; 0x64
10005fd8:	2100      	movs	r1, #0
10005fda:	2300      	movs	r3, #0
10005fdc:	e7ff      	b.n	10005fde <divmod_u64u64_unsafe+0x1a>
10005fde:	e7ff      	b.n	10005fe0 <divmod_u64u64_unsafe+0x1c>
10005fe0:	e7ff      	b.n	10005fe2 <divmod_u64u64_unsafe+0x1e>
10005fe2:	6f7a      	ldr	r2, [r7, #116]	; 0x74
10005fe4:	6f38      	ldr	r0, [r7, #112]	; 0x70
10005fe6:	4667      	mov	r7, ip
10005fe8:	4770      	bx	lr
10005fea:	2800      	cmp	r0, #0
10005fec:	d001      	beq.n	10005ff2 <udiv0+0x4>

10005fee <udiv0>:
10005fee:	4807      	ldr	r0, [pc, #28]	; (1000600c <udiv0+0x1e>)
10005ff0:	0001      	movs	r1, r0
10005ff2:	b500      	push	{lr}
10005ff4:	f003 fd6c 	bl	10009ad0 <____aeabi_ldiv0_veneer>
10005ff8:	2200      	movs	r2, #0
10005ffa:	2300      	movs	r3, #0
10005ffc:	bd00      	pop	{pc}
10005ffe:	0002      	movs	r2, r0
10006000:	000b      	movs	r3, r1
10006002:	2000      	movs	r0, #0
10006004:	2100      	movs	r1, #0
10006006:	4770      	bx	lr
10006008:	d0000000 	.word	0xd0000000
1000600c:	ffffffff 	.word	0xffffffff

10006010 <y64>:
10006010:	2b00      	cmp	r3, #0
10006012:	d000      	beq.n	10006016 <y64+0x6>
10006014:	e0bf      	b.n	10006196 <y64_x48>
10006016:	0c13      	lsrs	r3, r2, #16
10006018:	d128      	bne.n	1000606c <y64_x32>
1000601a:	2a00      	cmp	r2, #0
1000601c:	d0e7      	beq.n	10005fee <udiv0>
1000601e:	b480      	push	{r7}
10006020:	4f11      	ldr	r7, [pc, #68]	; (10006068 <y64+0x58>)
10006022:	6639      	str	r1, [r7, #96]	; 0x60
10006024:	667a      	str	r2, [r7, #100]	; 0x64
10006026:	e7ff      	b.n	10006028 <y64+0x18>
10006028:	e7ff      	b.n	1000602a <y64+0x1a>
1000602a:	b430      	push	{r4, r5}
1000602c:	0c04      	lsrs	r4, r0, #16
1000602e:	6f7b      	ldr	r3, [r7, #116]	; 0x74
10006030:	6f39      	ldr	r1, [r7, #112]	; 0x70
10006032:	041b      	lsls	r3, r3, #16
10006034:	4323      	orrs	r3, r4
10006036:	663b      	str	r3, [r7, #96]	; 0x60
10006038:	667a      	str	r2, [r7, #100]	; 0x64
1000603a:	e7ff      	b.n	1000603c <y64+0x2c>
1000603c:	e7ff      	b.n	1000603e <y64+0x2e>
1000603e:	e7ff      	b.n	10006040 <y64+0x30>
10006040:	46c0      	nop			; (mov r8, r8)
10006042:	b284      	uxth	r4, r0
10006044:	6f7b      	ldr	r3, [r7, #116]	; 0x74
10006046:	6f3d      	ldr	r5, [r7, #112]	; 0x70
10006048:	041b      	lsls	r3, r3, #16
1000604a:	4323      	orrs	r3, r4
1000604c:	663b      	str	r3, [r7, #96]	; 0x60
1000604e:	667a      	str	r2, [r7, #100]	; 0x64
10006050:	e7ff      	b.n	10006052 <y64+0x42>
10006052:	e7ff      	b.n	10006054 <y64+0x44>
10006054:	46c0      	nop			; (mov r8, r8)
10006056:	2300      	movs	r3, #0
10006058:	042c      	lsls	r4, r5, #16
1000605a:	0c2d      	lsrs	r5, r5, #16
1000605c:	6f7a      	ldr	r2, [r7, #116]	; 0x74
1000605e:	6f38      	ldr	r0, [r7, #112]	; 0x70
10006060:	1900      	adds	r0, r0, r4
10006062:	4169      	adcs	r1, r5
10006064:	bcb0      	pop	{r4, r5, r7}
10006066:	4770      	bx	lr
10006068:	d0000000 	.word	0xd0000000

1000606c <y64_x32>:
1000606c:	b5f0      	push	{r4, r5, r6, r7, lr}
1000606e:	4694      	mov	ip, r2
10006070:	2500      	movs	r5, #0
10006072:	0e14      	lsrs	r4, r2, #24
10006074:	d101      	bne.n	1000607a <y64_x32+0xe>
10006076:	0212      	lsls	r2, r2, #8
10006078:	3508      	adds	r5, #8
1000607a:	0f14      	lsrs	r4, r2, #28
1000607c:	d101      	bne.n	10006082 <y64_x32+0x16>
1000607e:	0112      	lsls	r2, r2, #4
10006080:	3504      	adds	r5, #4
10006082:	0f94      	lsrs	r4, r2, #30
10006084:	d101      	bne.n	1000608a <y64_x32+0x1e>
10006086:	0092      	lsls	r2, r2, #2
10006088:	3502      	adds	r5, #2
1000608a:	0fd4      	lsrs	r4, r2, #31
1000608c:	d101      	bne.n	10006092 <y64_x32+0x26>
1000608e:	0052      	lsls	r2, r2, #1
10006090:	3501      	adds	r5, #1
10006092:	0bd4      	lsrs	r4, r2, #15
10006094:	3401      	adds	r4, #1
10006096:	4f25      	ldr	r7, [pc, #148]	; (1000612c <y64_x32+0xc0>)
10006098:	667c      	str	r4, [r7, #100]	; 0x64
1000609a:	4c25      	ldr	r4, [pc, #148]	; (10006130 <y64_x32+0xc4>)
1000609c:	663c      	str	r4, [r7, #96]	; 0x60
1000609e:	0c0e      	lsrs	r6, r1, #16
100060a0:	b293      	uxth	r3, r2
100060a2:	e7ff      	b.n	100060a4 <y64_x32+0x38>
100060a4:	e7ff      	b.n	100060a6 <y64_x32+0x3a>
100060a6:	e7ff      	b.n	100060a8 <y64_x32+0x3c>
100060a8:	6f3c      	ldr	r4, [r7, #112]	; 0x70
100060aa:	4366      	muls	r6, r4
100060ac:	0c36      	lsrs	r6, r6, #16
100060ae:	0377      	lsls	r7, r6, #13
100060b0:	46be      	mov	lr, r7
100060b2:	4373      	muls	r3, r6
100060b4:	0bdf      	lsrs	r7, r3, #15
100060b6:	045b      	lsls	r3, r3, #17
100060b8:	1ac0      	subs	r0, r0, r3
100060ba:	41b9      	sbcs	r1, r7
100060bc:	0c13      	lsrs	r3, r2, #16
100060be:	4373      	muls	r3, r6
100060c0:	18db      	adds	r3, r3, r3
100060c2:	1ac9      	subs	r1, r1, r3
100060c4:	08ce      	lsrs	r6, r1, #3
100060c6:	4366      	muls	r6, r4
100060c8:	0c36      	lsrs	r6, r6, #16
100060ca:	44b6      	add	lr, r6
100060cc:	b293      	uxth	r3, r2
100060ce:	4373      	muls	r3, r6
100060d0:	0f1f      	lsrs	r7, r3, #28
100060d2:	011b      	lsls	r3, r3, #4
100060d4:	1ac0      	subs	r0, r0, r3
100060d6:	41b9      	sbcs	r1, r7
100060d8:	0c13      	lsrs	r3, r2, #16
100060da:	4373      	muls	r3, r6
100060dc:	0b1f      	lsrs	r7, r3, #12
100060de:	051b      	lsls	r3, r3, #20
100060e0:	1ac0      	subs	r0, r0, r3
100060e2:	41b9      	sbcs	r1, r7
100060e4:	0d86      	lsrs	r6, r0, #22
100060e6:	028f      	lsls	r7, r1, #10
100060e8:	433e      	orrs	r6, r7
100060ea:	4366      	muls	r6, r4
100060ec:	0c36      	lsrs	r6, r6, #16
100060ee:	2d09      	cmp	r5, #9
100060f0:	db24      	blt.n	1000613c <last0>
100060f2:	0a52      	lsrs	r2, r2, #9
100060f4:	4372      	muls	r2, r6
100060f6:	1a80      	subs	r0, r0, r2
100060f8:	0377      	lsls	r7, r6, #13
100060fa:	0a46      	lsrs	r6, r0, #9
100060fc:	4366      	muls	r6, r4
100060fe:	0c36      	lsrs	r6, r6, #16
10006100:	2316      	movs	r3, #22
10006102:	1b5b      	subs	r3, r3, r5
10006104:	40de      	lsrs	r6, r3
10006106:	40df      	lsrs	r7, r3
10006108:	19bf      	adds	r7, r7, r6
1000610a:	4664      	mov	r4, ip
1000610c:	4366      	muls	r6, r4
1000610e:	1b82      	subs	r2, r0, r6
10006110:	4670      	mov	r0, lr
10006112:	3504      	adds	r5, #4
10006114:	3306      	adds	r3, #6
10006116:	0001      	movs	r1, r0
10006118:	40d9      	lsrs	r1, r3
1000611a:	40a8      	lsls	r0, r5
1000611c:	19c0      	adds	r0, r0, r7
1000611e:	d300      	bcc.n	10006122 <y64_x32+0xb6>
10006120:	3101      	adds	r1, #1
10006122:	42a2      	cmp	r2, r4
10006124:	d206      	bcs.n	10006134 <y64_x32+0xc8>
10006126:	2300      	movs	r3, #0
10006128:	bdf0      	pop	{r4, r5, r6, r7, pc}
1000612a:	0000      	.short	0x0000
1000612c:	d0000000 	.word	0xd0000000
10006130:	ffffffff 	.word	0xffffffff
10006134:	1b12      	subs	r2, r2, r4
10006136:	3001      	adds	r0, #1
10006138:	d3f3      	bcc.n	10006122 <y64_x32+0xb6>
1000613a:	e7f1      	b.n	10006120 <y64_x32+0xb4>

1000613c <last0>:
1000613c:	2709      	movs	r7, #9
1000613e:	1b7f      	subs	r7, r7, r5
10006140:	40fe      	lsrs	r6, r7
10006142:	4664      	mov	r4, ip
10006144:	b2a2      	uxth	r2, r4
10006146:	4372      	muls	r2, r6
10006148:	1a80      	subs	r0, r0, r2
1000614a:	d200      	bcs.n	1000614e <last0+0x12>
1000614c:	3901      	subs	r1, #1
1000614e:	0c22      	lsrs	r2, r4, #16
10006150:	4372      	muls	r2, r6
10006152:	0c13      	lsrs	r3, r2, #16
10006154:	0412      	lsls	r2, r2, #16
10006156:	1a82      	subs	r2, r0, r2
10006158:	4199      	sbcs	r1, r3
1000615a:	000b      	movs	r3, r1
1000615c:	4670      	mov	r0, lr
1000615e:	3504      	adds	r5, #4
10006160:	3713      	adds	r7, #19
10006162:	0001      	movs	r1, r0
10006164:	40f9      	lsrs	r1, r7
10006166:	40a8      	lsls	r0, r5
10006168:	1980      	adds	r0, r0, r6
1000616a:	d300      	bcc.n	1000616e <last0+0x32>
1000616c:	3101      	adds	r1, #1
1000616e:	2b00      	cmp	r3, #0
10006170:	d102      	bne.n	10006178 <last0+0x3c>
10006172:	42a2      	cmp	r2, r4
10006174:	d20a      	bcs.n	1000618c <last0+0x50>
10006176:	bdf0      	pop	{r4, r5, r6, r7, pc}
10006178:	3001      	adds	r0, #1
1000617a:	d300      	bcc.n	1000617e <last0+0x42>
1000617c:	3101      	adds	r1, #1
1000617e:	1b12      	subs	r2, r2, r4
10006180:	d2fa      	bcs.n	10006178 <last0+0x3c>
10006182:	3b01      	subs	r3, #1
10006184:	d1f8      	bne.n	10006178 <last0+0x3c>
10006186:	42a2      	cmp	r2, r4
10006188:	d200      	bcs.n	1000618c <last0+0x50>
1000618a:	bdf0      	pop	{r4, r5, r6, r7, pc}
1000618c:	3001      	adds	r0, #1
1000618e:	d300      	bcc.n	10006192 <last0+0x56>
10006190:	3101      	adds	r1, #1
10006192:	1b12      	subs	r2, r2, r4
10006194:	e7f7      	b.n	10006186 <last0+0x4a>

10006196 <y64_x48>:
10006196:	b5f0      	push	{r4, r5, r6, r7, lr}
10006198:	0c1c      	lsrs	r4, r3, #16
1000619a:	d000      	beq.n	1000619e <y64_x48+0x8>
1000619c:	e080      	b.n	100062a0 <y64_x64>
1000619e:	b40c      	push	{r2, r3}
100061a0:	2500      	movs	r5, #0
100061a2:	0a1c      	lsrs	r4, r3, #8
100061a4:	d104      	bne.n	100061b0 <y64_x48+0x1a>
100061a6:	021b      	lsls	r3, r3, #8
100061a8:	0e16      	lsrs	r6, r2, #24
100061aa:	4333      	orrs	r3, r6
100061ac:	0212      	lsls	r2, r2, #8
100061ae:	3508      	adds	r5, #8
100061b0:	0b1c      	lsrs	r4, r3, #12
100061b2:	d104      	bne.n	100061be <y64_x48+0x28>
100061b4:	011b      	lsls	r3, r3, #4
100061b6:	0f16      	lsrs	r6, r2, #28
100061b8:	4333      	orrs	r3, r6
100061ba:	0112      	lsls	r2, r2, #4
100061bc:	3504      	adds	r5, #4
100061be:	0b9c      	lsrs	r4, r3, #14
100061c0:	d104      	bne.n	100061cc <y64_x48+0x36>
100061c2:	009b      	lsls	r3, r3, #2
100061c4:	0f96      	lsrs	r6, r2, #30
100061c6:	4333      	orrs	r3, r6
100061c8:	0092      	lsls	r2, r2, #2
100061ca:	3502      	adds	r5, #2
100061cc:	0bdc      	lsrs	r4, r3, #15
100061ce:	d102      	bne.n	100061d6 <y64_x48+0x40>
100061d0:	1892      	adds	r2, r2, r2
100061d2:	415b      	adcs	r3, r3
100061d4:	3501      	adds	r5, #1
100061d6:	001c      	movs	r4, r3
100061d8:	1897      	adds	r7, r2, r2
100061da:	4164      	adcs	r4, r4
100061dc:	3401      	adds	r4, #1
100061de:	4f46      	ldr	r7, [pc, #280]	; (100062f8 <y64_x64+0x58>)
100061e0:	667c      	str	r4, [r7, #100]	; 0x64
100061e2:	4c46      	ldr	r4, [pc, #280]	; (100062fc <y64_x64+0x5c>)
100061e4:	663c      	str	r4, [r7, #96]	; 0x60
100061e6:	0c0e      	lsrs	r6, r1, #16
100061e8:	e7ff      	b.n	100061ea <y64_x48+0x54>
100061ea:	e7ff      	b.n	100061ec <y64_x48+0x56>
100061ec:	e7ff      	b.n	100061ee <y64_x48+0x58>
100061ee:	46c0      	nop			; (mov r8, r8)
100061f0:	6f3c      	ldr	r4, [r7, #112]	; 0x70
100061f2:	4366      	muls	r6, r4
100061f4:	0c36      	lsrs	r6, r6, #16
100061f6:	0377      	lsls	r7, r6, #13
100061f8:	46be      	mov	lr, r7
100061fa:	b297      	uxth	r7, r2
100061fc:	4377      	muls	r7, r6
100061fe:	1bc0      	subs	r0, r0, r7
10006200:	d200      	bcs.n	10006204 <y64_x48+0x6e>
10006202:	3901      	subs	r1, #1
10006204:	1bc0      	subs	r0, r0, r7
10006206:	d200      	bcs.n	1000620a <y64_x48+0x74>
10006208:	3901      	subs	r1, #1
1000620a:	b29f      	uxth	r7, r3
1000620c:	4377      	muls	r7, r6
1000620e:	1bc9      	subs	r1, r1, r7
10006210:	1bc9      	subs	r1, r1, r7
10006212:	0c17      	lsrs	r7, r2, #16
10006214:	4377      	muls	r7, r6
10006216:	047e      	lsls	r6, r7, #17
10006218:	0bff      	lsrs	r7, r7, #15
1000621a:	1b80      	subs	r0, r0, r6
1000621c:	41b9      	sbcs	r1, r7
1000621e:	08ce      	lsrs	r6, r1, #3
10006220:	4366      	muls	r6, r4
10006222:	0c36      	lsrs	r6, r6, #16
10006224:	2d0c      	cmp	r5, #12
10006226:	db33      	blt.n	10006290 <last1>
10006228:	44b6      	add	lr, r6
1000622a:	0b12      	lsrs	r2, r2, #12
1000622c:	051f      	lsls	r7, r3, #20
1000622e:	433a      	orrs	r2, r7
10006230:	0b1b      	lsrs	r3, r3, #12
10006232:	b297      	uxth	r7, r2
10006234:	4377      	muls	r7, r6
10006236:	1bc0      	subs	r0, r0, r7
10006238:	d200      	bcs.n	1000623c <y64_x48+0xa6>
1000623a:	3901      	subs	r1, #1
1000623c:	b29f      	uxth	r7, r3
1000623e:	4377      	muls	r7, r6
10006240:	1bc9      	subs	r1, r1, r7
10006242:	0c17      	lsrs	r7, r2, #16
10006244:	4377      	muls	r7, r6
10006246:	043e      	lsls	r6, r7, #16
10006248:	0c3f      	lsrs	r7, r7, #16
1000624a:	1b80      	subs	r0, r0, r6
1000624c:	41b9      	sbcs	r1, r7
1000624e:	0d86      	lsrs	r6, r0, #22
10006250:	028f      	lsls	r7, r1, #10
10006252:	433e      	orrs	r6, r7
10006254:	4366      	muls	r6, r4
10006256:	2729      	movs	r7, #41	; 0x29
10006258:	1b7f      	subs	r7, r7, r5
1000625a:	40fe      	lsrs	r6, r7
1000625c:	3d0c      	subs	r5, #12
1000625e:	4677      	mov	r7, lr
10006260:	40af      	lsls	r7, r5
10006262:	19bf      	adds	r7, r7, r6
10006264:	bc30      	pop	{r4, r5}
10006266:	b2a2      	uxth	r2, r4
10006268:	b2ab      	uxth	r3, r5
1000626a:	4372      	muls	r2, r6
1000626c:	4373      	muls	r3, r6
1000626e:	1a80      	subs	r0, r0, r2
10006270:	4199      	sbcs	r1, r3
10006272:	0c22      	lsrs	r2, r4, #16
10006274:	4372      	muls	r2, r6
10006276:	0c13      	lsrs	r3, r2, #16
10006278:	0412      	lsls	r2, r2, #16
1000627a:	1a80      	subs	r0, r0, r2
1000627c:	4199      	sbcs	r1, r3
1000627e:	0002      	movs	r2, r0
10006280:	000b      	movs	r3, r1
10006282:	3701      	adds	r7, #1
10006284:	1b00      	subs	r0, r0, r4
10006286:	41a9      	sbcs	r1, r5
10006288:	d2f9      	bcs.n	1000627e <y64_x48+0xe8>
1000628a:	1e78      	subs	r0, r7, #1
1000628c:	2100      	movs	r1, #0
1000628e:	bdf0      	pop	{r4, r5, r6, r7, pc}

10006290 <last1>:
10006290:	270c      	movs	r7, #12
10006292:	1b7f      	subs	r7, r7, r5
10006294:	40fe      	lsrs	r6, r7
10006296:	4677      	mov	r7, lr
10006298:	0b7f      	lsrs	r7, r7, #13
1000629a:	40af      	lsls	r7, r5
1000629c:	19ff      	adds	r7, r7, r7
1000629e:	e7e0      	b.n	10006262 <y64_x48+0xcc>

100062a0 <y64_x64>:
100062a0:	2400      	movs	r4, #0
100062a2:	1c5d      	adds	r5, r3, #1
100062a4:	d007      	beq.n	100062b6 <y64_x64+0x16>
100062a6:	4f14      	ldr	r7, [pc, #80]	; (100062f8 <y64_x64+0x58>)
100062a8:	667d      	str	r5, [r7, #100]	; 0x64
100062aa:	6639      	str	r1, [r7, #96]	; 0x60
100062ac:	e7ff      	b.n	100062ae <y64_x64+0xe>
100062ae:	e7ff      	b.n	100062b0 <y64_x64+0x10>
100062b0:	e7ff      	b.n	100062b2 <y64_x64+0x12>
100062b2:	e7ff      	b.n	100062b4 <y64_x64+0x14>
100062b4:	6f3c      	ldr	r4, [r7, #112]	; 0x70
100062b6:	b295      	uxth	r5, r2
100062b8:	b29e      	uxth	r6, r3
100062ba:	4365      	muls	r5, r4
100062bc:	4366      	muls	r6, r4
100062be:	1b40      	subs	r0, r0, r5
100062c0:	41b1      	sbcs	r1, r6
100062c2:	0c15      	lsrs	r5, r2, #16
100062c4:	0c1e      	lsrs	r6, r3, #16
100062c6:	4365      	muls	r5, r4
100062c8:	4366      	muls	r6, r4
100062ca:	0436      	lsls	r6, r6, #16
100062cc:	0c2f      	lsrs	r7, r5, #16
100062ce:	433e      	orrs	r6, r7
100062d0:	042d      	lsls	r5, r5, #16
100062d2:	1b40      	subs	r0, r0, r5
100062d4:	41b1      	sbcs	r1, r6
100062d6:	4299      	cmp	r1, r3
100062d8:	d204      	bcs.n	100062e4 <y64_x64+0x44>
100062da:	0002      	movs	r2, r0
100062dc:	000b      	movs	r3, r1
100062de:	0020      	movs	r0, r4
100062e0:	2100      	movs	r1, #0
100062e2:	bdf0      	pop	{r4, r5, r6, r7, pc}
100062e4:	d101      	bne.n	100062ea <y64_x64+0x4a>
100062e6:	4290      	cmp	r0, r2
100062e8:	d3f7      	bcc.n	100062da <y64_x64+0x3a>
100062ea:	1a80      	subs	r0, r0, r2
100062ec:	4199      	sbcs	r1, r3
100062ee:	3401      	adds	r4, #1
100062f0:	4299      	cmp	r1, r3
100062f2:	d3f2      	bcc.n	100062da <y64_x64+0x3a>
100062f4:	e7f6      	b.n	100062e4 <y64_x64+0x44>
100062f6:	0000      	.short	0x0000
100062f8:	d0000000 	.word	0xd0000000
100062fc:	ffffffff 	.word	0xffffffff

10006300 <__wrap___aeabi_drsub>:
10006300:	4048      	eors	r0, r1
10006302:	4041      	eors	r1, r0
10006304:	4048      	eors	r0, r1

10006306 <__wrap___aeabi_dsub>:
10006306:	b418      	push	{r3, r4}
10006308:	4b1b      	ldr	r3, [pc, #108]	; (10006378 <__wrap___aeabi_dmul+0x12>)
1000630a:	685b      	ldr	r3, [r3, #4]
1000630c:	46fc      	mov	ip, pc
1000630e:	9301      	str	r3, [sp, #4]
10006310:	bd08      	pop	{r3, pc}
10006312:	df04      	.short	0xdf04
10006314:	1000659f 	.word	0x1000659f

10006318 <__wrap___aeabi_dadd>:
10006318:	b418      	push	{r3, r4}
1000631a:	4b17      	ldr	r3, [pc, #92]	; (10006378 <__wrap___aeabi_dmul+0x12>)
1000631c:	681b      	ldr	r3, [r3, #0]
1000631e:	46fc      	mov	ip, pc
10006320:	9301      	str	r3, [sp, #4]
10006322:	bd08      	pop	{r3, pc}
10006324:	65a9df00 	.word	0x65a9df00
10006328:	1000      	.short	0x1000

1000632a <__wrap___aeabi_ddiv>:
1000632a:	4694      	mov	ip, r2
1000632c:	4a13      	ldr	r2, [pc, #76]	; (1000637c <__wrap___aeabi_dmul+0x16>)
1000632e:	6f92      	ldr	r2, [r2, #120]	; 0x78
10006330:	0892      	lsrs	r2, r2, #2
10006332:	d209      	bcs.n	10006348 <ddiv_save_state>
10006334:	4662      	mov	r2, ip

10006336 <ddiv_shim_call>:
10006336:	b418      	push	{r3, r4}
10006338:	4b0f      	ldr	r3, [pc, #60]	; (10006378 <__wrap___aeabi_dmul+0x12>)
1000633a:	68db      	ldr	r3, [r3, #12]
1000633c:	46fc      	mov	ip, pc
1000633e:	9301      	str	r3, [sp, #4]
10006340:	bd08      	pop	{r3, pc}
10006342:	df0c      	.short	0xdf0c
10006344:	10006861 	.word	0x10006861

10006348 <ddiv_save_state>:
10006348:	4a0c      	ldr	r2, [pc, #48]	; (1000637c <__wrap___aeabi_dmul+0x16>)
1000634a:	b5f0      	push	{r4, r5, r6, r7, lr}
1000634c:	6e14      	ldr	r4, [r2, #96]	; 0x60
1000634e:	6e55      	ldr	r5, [r2, #100]	; 0x64
10006350:	6f57      	ldr	r7, [r2, #116]	; 0x74
10006352:	6f16      	ldr	r6, [r2, #112]	; 0x70
10006354:	4662      	mov	r2, ip
10006356:	f7ff ffee 	bl	10006336 <ddiv_shim_call>
1000635a:	4a08      	ldr	r2, [pc, #32]	; (1000637c <__wrap___aeabi_dmul+0x16>)
1000635c:	6614      	str	r4, [r2, #96]	; 0x60
1000635e:	6655      	str	r5, [r2, #100]	; 0x64
10006360:	6757      	str	r7, [r2, #116]	; 0x74
10006362:	6716      	str	r6, [r2, #112]	; 0x70
10006364:	bdf0      	pop	{r4, r5, r6, r7, pc}

10006366 <__wrap___aeabi_dmul>:
10006366:	b418      	push	{r3, r4}
10006368:	4b03      	ldr	r3, [pc, #12]	; (10006378 <__wrap___aeabi_dmul+0x12>)
1000636a:	689b      	ldr	r3, [r3, #8]
1000636c:	46fc      	mov	ip, pc
1000636e:	9301      	str	r3, [sp, #4]
10006370:	bd08      	pop	{r3, pc}
10006372:	df08      	.short	0xdf08
10006374:	10006705 	.word	0x10006705
10006378:	20001560 	.word	0x20001560
1000637c:	d0000000 	.word	0xd0000000

10006380 <__wrap___aeabi_cdrcmple>:
10006380:	b5ff      	push	{r0, r1, r2, r3, r4, r5, r6, r7, lr}
10006382:	4050      	eors	r0, r2
10006384:	4042      	eors	r2, r0
10006386:	4050      	eors	r0, r2
10006388:	4059      	eors	r1, r3
1000638a:	404b      	eors	r3, r1
1000638c:	4059      	eors	r1, r3
1000638e:	e000      	b.n	10006392 <__aeabi_dfcmple_guts>

10006390 <__wrap___aeabi_cdcmpeq>:
10006390:	b5ff      	push	{r0, r1, r2, r3, r4, r5, r6, r7, lr}

10006392 <__aeabi_dfcmple_guts>:
10006392:	4f15      	ldr	r7, [pc, #84]	; (100063e8 <__aeabi_dfcmple_guts+0x56>)
10006394:	004c      	lsls	r4, r1, #1
10006396:	0d64      	lsrs	r4, r4, #21
10006398:	d003      	beq.n	100063a2 <__aeabi_dfcmple_guts+0x10>
1000639a:	42bc      	cmp	r4, r7
1000639c:	d104      	bne.n	100063a8 <__aeabi_dfcmple_guts+0x16>
1000639e:	030c      	lsls	r4, r1, #12
100063a0:	d814      	bhi.n	100063cc <__aeabi_dfcmple_guts+0x3a>
100063a2:	2000      	movs	r0, #0
100063a4:	0d09      	lsrs	r1, r1, #20
100063a6:	0509      	lsls	r1, r1, #20
100063a8:	005c      	lsls	r4, r3, #1
100063aa:	0d64      	lsrs	r4, r4, #21
100063ac:	d003      	beq.n	100063b6 <__aeabi_dfcmple_guts+0x24>
100063ae:	42bc      	cmp	r4, r7
100063b0:	d104      	bne.n	100063bc <__aeabi_dfcmple_guts+0x2a>
100063b2:	031c      	lsls	r4, r3, #12
100063b4:	d80a      	bhi.n	100063cc <__aeabi_dfcmple_guts+0x3a>
100063b6:	2200      	movs	r2, #0
100063b8:	0d1b      	lsrs	r3, r3, #20
100063ba:	051b      	lsls	r3, r3, #20
100063bc:	2601      	movs	r6, #1
100063be:	404b      	eors	r3, r1
100063c0:	d409      	bmi.n	100063d6 <__aeabi_dfcmple_guts+0x44>
100063c2:	404b      	eors	r3, r1
100063c4:	d503      	bpl.n	100063ce <__aeabi_dfcmple_guts+0x3c>
100063c6:	428b      	cmp	r3, r1
100063c8:	d100      	bne.n	100063cc <__aeabi_dfcmple_guts+0x3a>
100063ca:	4282      	cmp	r2, r0
100063cc:	bdff      	pop	{r0, r1, r2, r3, r4, r5, r6, r7, pc}
100063ce:	4299      	cmp	r1, r3
100063d0:	d1fc      	bne.n	100063cc <__aeabi_dfcmple_guts+0x3a>
100063d2:	4290      	cmp	r0, r2
100063d4:	bdff      	pop	{r0, r1, r2, r3, r4, r5, r6, r7, pc}
100063d6:	430b      	orrs	r3, r1
100063d8:	18db      	adds	r3, r3, r3
100063da:	4303      	orrs	r3, r0
100063dc:	4313      	orrs	r3, r2
100063de:	d0f5      	beq.n	100063cc <__aeabi_dfcmple_guts+0x3a>
100063e0:	43c9      	mvns	r1, r1
100063e2:	1849      	adds	r1, r1, r1
100063e4:	bdff      	pop	{r0, r1, r2, r3, r4, r5, r6, r7, pc}
100063e6:	0000      	.short	0x0000
100063e8:	000007ff 	.word	0x000007ff

100063ec <__wrap___aeabi_dcmplt>:
100063ec:	b500      	push	{lr}
100063ee:	f7ff ffcf 	bl	10006390 <__wrap___aeabi_cdcmpeq>
100063f2:	4180      	sbcs	r0, r0
100063f4:	bd00      	pop	{pc}
100063f6:	46c0      	nop			; (mov r8, r8)

100063f8 <__wrap___aeabi_dcmple>:
100063f8:	b500      	push	{lr}
100063fa:	f7ff ffc9 	bl	10006390 <__wrap___aeabi_cdcmpeq>
100063fe:	d901      	bls.n	10006404 <__wrap___aeabi_dcmple+0xc>
10006400:	2000      	movs	r0, #0
10006402:	bd00      	pop	{pc}
10006404:	2001      	movs	r0, #1
10006406:	bd00      	pop	{pc}

10006408 <__wrap___aeabi_dcmpge>:
10006408:	b500      	push	{lr}
1000640a:	f7ff ffb9 	bl	10006380 <__wrap___aeabi_cdrcmple>
1000640e:	d901      	bls.n	10006414 <__wrap___aeabi_dcmpge+0xc>
10006410:	2000      	movs	r0, #0
10006412:	bd00      	pop	{pc}
10006414:	2001      	movs	r0, #1
10006416:	bd00      	pop	{pc}

10006418 <__wrap___aeabi_dcmpgt>:
10006418:	b500      	push	{lr}
1000641a:	f7ff ffb1 	bl	10006380 <__wrap___aeabi_cdrcmple>
1000641e:	4180      	sbcs	r0, r0
10006420:	bd00      	pop	{pc}

10006422 <__wrap___aeabi_dcmpun>:
10006422:	2001      	movs	r0, #1
10006424:	0540      	lsls	r0, r0, #21
10006426:	004a      	lsls	r2, r1, #1
10006428:	1812      	adds	r2, r2, r0
1000642a:	d804      	bhi.n	10006436 <__wrap___aeabi_dcmpun+0x14>
1000642c:	005a      	lsls	r2, r3, #1
1000642e:	1812      	adds	r2, r2, r0
10006430:	d801      	bhi.n	10006436 <__wrap___aeabi_dcmpun+0x14>
10006432:	2000      	movs	r0, #0
10006434:	4770      	bx	lr
10006436:	2001      	movs	r0, #1
10006438:	4770      	bx	lr
1000643a:	2000      	movs	r0, #0
1000643c:	4770      	bx	lr
	...

10006440 <__wrap___aeabi_ui2d>:
10006440:	2100      	movs	r1, #0
10006442:	2800      	cmp	r0, #0
10006444:	d105      	bne.n	10006452 <__wrap___aeabi_i2d+0xa>
10006446:	4770      	bx	lr

10006448 <__wrap___aeabi_i2d>:
10006448:	17c1      	asrs	r1, r0, #31
1000644a:	4048      	eors	r0, r1
1000644c:	1a40      	subs	r0, r0, r1
1000644e:	d0fa      	beq.n	10006446 <__wrap___aeabi_ui2d+0x6>
10006450:	07c9      	lsls	r1, r1, #31
10006452:	b513      	push	{r0, r1, r4, lr}
10006454:	4b06      	ldr	r3, [pc, #24]	; (10006470 <__wrap___aeabi_i2d+0x28>)
10006456:	681b      	ldr	r3, [r3, #0]
10006458:	4798      	blx	r3
1000645a:	bc0c      	pop	{r2, r3}
1000645c:	1c44      	adds	r4, r0, #1
1000645e:	40a2      	lsls	r2, r4
10006460:	0510      	lsls	r0, r2, #20
10006462:	0b12      	lsrs	r2, r2, #12
10006464:	4903      	ldr	r1, [pc, #12]	; (10006474 <__wrap___aeabi_i2d+0x2c>)
10006466:	1b09      	subs	r1, r1, r4
10006468:	0509      	lsls	r1, r1, #20
1000646a:	4319      	orrs	r1, r3
1000646c:	4311      	orrs	r1, r2
1000646e:	bd10      	pop	{r4, pc}
10006470:	20002c24 	.word	0x20002c24
10006474:	0000041f 	.word	0x0000041f

10006478 <__wrap___aeabi_d2iz>:
10006478:	b510      	push	{r4, lr}
1000647a:	004c      	lsls	r4, r1, #1
1000647c:	0d62      	lsrs	r2, r4, #21
1000647e:	2380      	movs	r3, #128	; 0x80
10006480:	18d2      	adds	r2, r2, r3
10006482:	00db      	lsls	r3, r3, #3
10006484:	1ad2      	subs	r2, r2, r3
10006486:	055b      	lsls	r3, r3, #21
10006488:	2a7e      	cmp	r2, #126	; 0x7e
1000648a:	dd10      	ble.n	100064ae <__wrap___aeabi_d2iz+0x36>
1000648c:	3a9e      	subs	r2, #158	; 0x9e
1000648e:	da13      	bge.n	100064b8 <__wrap___aeabi_d2iz+0x40>
10006490:	17cc      	asrs	r4, r1, #31
10006492:	0309      	lsls	r1, r1, #12
10006494:	0849      	lsrs	r1, r1, #1
10006496:	4319      	orrs	r1, r3
10006498:	4252      	negs	r2, r2
1000649a:	40d1      	lsrs	r1, r2
1000649c:	0064      	lsls	r4, r4, #1
1000649e:	3401      	adds	r4, #1
100064a0:	3215      	adds	r2, #21
100064a2:	2a20      	cmp	r2, #32
100064a4:	da05      	bge.n	100064b2 <__wrap___aeabi_d2iz+0x3a>
100064a6:	40d0      	lsrs	r0, r2
100064a8:	4308      	orrs	r0, r1
100064aa:	4360      	muls	r0, r4
100064ac:	bd10      	pop	{r4, pc}
100064ae:	2000      	movs	r0, #0
100064b0:	bd10      	pop	{r4, pc}
100064b2:	4608      	mov	r0, r1
100064b4:	4360      	muls	r0, r4
100064b6:	bd10      	pop	{r4, pc}
100064b8:	0fc8      	lsrs	r0, r1, #31
100064ba:	18c0      	adds	r0, r0, r3
100064bc:	3801      	subs	r0, #1
100064be:	bd10      	pop	{r4, pc}

100064c0 <__wrap___aeabi_d2uiz>:
100064c0:	b418      	push	{r3, r4}
100064c2:	4b04      	ldr	r3, [pc, #16]	; (100064d4 <__wrap___aeabi_d2uiz+0x14>)
100064c4:	6a5b      	ldr	r3, [r3, #36]	; 0x24
100064c6:	46fc      	mov	ip, pc
100064c8:	9301      	str	r3, [sp, #4]
100064ca:	bd08      	pop	{r3, pc}
100064cc:	6a11df24 	.word	0x6a11df24
100064d0:	00001000 	.word	0x00001000
100064d4:	20001560 	.word	0x20001560

100064d8 <__aeabi_double_init>:
100064d8:	2313      	movs	r3, #19
100064da:	b570      	push	{r4, r5, r6, lr}
100064dc:	781d      	ldrb	r5, [r3, #0]
100064de:	2d01      	cmp	r5, #1
100064e0:	d015      	beq.n	1000650e <__aeabi_double_init+0x36>
100064e2:	dd10      	ble.n	10006506 <__aeabi_double_init+0x2e>
100064e4:	481c      	ldr	r0, [pc, #112]	; (10006558 <__aeabi_double_init+0x80>)
100064e6:	f7ff fc81 	bl	10005dec <rom_data_lookup>
100064ea:	4c1c      	ldr	r4, [pc, #112]	; (1000655c <__aeabi_double_init+0x84>)
100064ec:	0001      	movs	r1, r0
100064ee:	2280      	movs	r2, #128	; 0x80
100064f0:	0020      	movs	r0, r4
100064f2:	f000 fd0b 	bl	10006f0c <__wrap___aeabi_memcpy>
100064f6:	2d02      	cmp	r5, #2
100064f8:	d006      	beq.n	10006508 <__aeabi_double_init+0x30>
100064fa:	4819      	ldr	r0, [pc, #100]	; (10006560 <__aeabi_double_init+0x88>)
100064fc:	f7ff fc6e 	bl	10005ddc <rom_func_lookup>
10006500:	4b18      	ldr	r3, [pc, #96]	; (10006564 <__aeabi_double_init+0x8c>)
10006502:	6018      	str	r0, [r3, #0]
10006504:	bd70      	pop	{r4, r5, r6, pc}
10006506:	4c15      	ldr	r4, [pc, #84]	; (1000655c <__aeabi_double_init+0x84>)
10006508:	4b17      	ldr	r3, [pc, #92]	; (10006568 <__aeabi_double_init+0x90>)
1000650a:	64a3      	str	r3, [r4, #72]	; 0x48
1000650c:	e7f5      	b.n	100064fa <__aeabi_double_init+0x22>
1000650e:	4b16      	ldr	r3, [pc, #88]	; (10006568 <__aeabi_double_init+0x90>)
10006510:	4c12      	ldr	r4, [pc, #72]	; (1000655c <__aeabi_double_init+0x84>)
10006512:	6023      	str	r3, [r4, #0]
10006514:	6063      	str	r3, [r4, #4]
10006516:	60a3      	str	r3, [r4, #8]
10006518:	60e3      	str	r3, [r4, #12]
1000651a:	6123      	str	r3, [r4, #16]
1000651c:	6163      	str	r3, [r4, #20]
1000651e:	61a3      	str	r3, [r4, #24]
10006520:	61e3      	str	r3, [r4, #28]
10006522:	6223      	str	r3, [r4, #32]
10006524:	6263      	str	r3, [r4, #36]	; 0x24
10006526:	62a3      	str	r3, [r4, #40]	; 0x28
10006528:	62e3      	str	r3, [r4, #44]	; 0x2c
1000652a:	6323      	str	r3, [r4, #48]	; 0x30
1000652c:	6363      	str	r3, [r4, #52]	; 0x34
1000652e:	63a3      	str	r3, [r4, #56]	; 0x38
10006530:	63e3      	str	r3, [r4, #60]	; 0x3c
10006532:	6423      	str	r3, [r4, #64]	; 0x40
10006534:	6463      	str	r3, [r4, #68]	; 0x44
10006536:	64a3      	str	r3, [r4, #72]	; 0x48
10006538:	64e3      	str	r3, [r4, #76]	; 0x4c
1000653a:	6523      	str	r3, [r4, #80]	; 0x50
1000653c:	6563      	str	r3, [r4, #84]	; 0x54
1000653e:	65a3      	str	r3, [r4, #88]	; 0x58
10006540:	65e3      	str	r3, [r4, #92]	; 0x5c
10006542:	6623      	str	r3, [r4, #96]	; 0x60
10006544:	6663      	str	r3, [r4, #100]	; 0x64
10006546:	66a3      	str	r3, [r4, #104]	; 0x68
10006548:	66e3      	str	r3, [r4, #108]	; 0x6c
1000654a:	6723      	str	r3, [r4, #112]	; 0x70
1000654c:	6763      	str	r3, [r4, #116]	; 0x74
1000654e:	67a3      	str	r3, [r4, #120]	; 0x78
10006550:	67e3      	str	r3, [r4, #124]	; 0x7c
10006552:	64a3      	str	r3, [r4, #72]	; 0x48
10006554:	e7d1      	b.n	100064fa <__aeabi_double_init+0x22>
10006556:	46c0      	nop			; (mov r8, r8)
10006558:	00004453 	.word	0x00004453
1000655c:	20001560 	.word	0x20001560
10006560:	0000334c 	.word	0x0000334c
10006564:	20002c24 	.word	0x20002c24
10006568:	1000656d 	.word	0x1000656d

1000656c <double_table_shim_on_use_helper>:
1000656c:	b507      	push	{r0, r1, r2, lr}
1000656e:	4660      	mov	r0, ip
10006570:	8801      	ldrh	r1, [r0, #0]
10006572:	0a0a      	lsrs	r2, r1, #8
10006574:	3002      	adds	r0, #2
10006576:	2adf      	cmp	r2, #223	; 0xdf
10006578:	d1fa      	bne.n	10006570 <double_table_shim_on_use_helper+0x4>
1000657a:	b2c9      	uxtb	r1, r1
1000657c:	0882      	lsrs	r2, r0, #2
1000657e:	d304      	bcc.n	1000658a <double_table_shim_on_use_helper+0x1e>
10006580:	8802      	ldrh	r2, [r0, #0]
10006582:	8840      	ldrh	r0, [r0, #2]
10006584:	0400      	lsls	r0, r0, #16
10006586:	4310      	orrs	r0, r2
10006588:	e000      	b.n	1000658c <double_table_shim_on_use_helper+0x20>
1000658a:	6800      	ldr	r0, [r0, #0]
1000658c:	4a01      	ldr	r2, [pc, #4]	; (10006594 <double_table_shim_on_use_helper+0x28>)
1000658e:	5050      	str	r0, [r2, r1]
10006590:	9003      	str	r0, [sp, #12]
10006592:	bd07      	pop	{r0, r1, r2, pc}
10006594:	20001560 	.word	0x20001560

10006598 <drsub_shim>:
10006598:	b40f      	push	{r0, r1, r2, r3}
1000659a:	bc03      	pop	{r0, r1}
1000659c:	bc0c      	pop	{r2, r3}

1000659e <dsub_shim>:
1000659e:	b5f0      	push	{r4, r5, r6, r7, lr}
100065a0:	2401      	movs	r4, #1
100065a2:	07e4      	lsls	r4, r4, #31
100065a4:	4063      	eors	r3, r4
100065a6:	e000      	b.n	100065aa <da_entry>

100065a8 <dadd_shim>:
100065a8:	b5f0      	push	{r4, r5, r6, r7, lr}

100065aa <da_entry>:
100065aa:	0d0c      	lsrs	r4, r1, #20
100065ac:	0fcf      	lsrs	r7, r1, #31
100065ae:	1e66      	subs	r6, r4, #1
100065b0:	0536      	lsls	r6, r6, #20
100065b2:	1b89      	subs	r1, r1, r6
100065b4:	0564      	lsls	r4, r4, #21
100065b6:	d303      	bcc.n	100065c0 <l8_1>
100065b8:	43c9      	mvns	r1, r1
100065ba:	4240      	negs	r0, r0
100065bc:	d300      	bcc.n	100065c0 <l8_1>
100065be:	3101      	adds	r1, #1

100065c0 <l8_1>:
100065c0:	0d64      	lsrs	r4, r4, #21
100065c2:	d003      	beq.n	100065cc <l8_2>
100065c4:	1c66      	adds	r6, r4, #1
100065c6:	0af6      	lsrs	r6, r6, #11
100065c8:	d007      	beq.n	100065da <l8_3>
100065ca:	1be4      	subs	r4, r4, r7

100065cc <l8_2>:
100065cc:	2000      	movs	r0, #0
100065ce:	007f      	lsls	r7, r7, #1
100065d0:	1c79      	adds	r1, r7, #1
100065d2:	0789      	lsls	r1, r1, #30
100065d4:	1289      	asrs	r1, r1, #10
100065d6:	3c80      	subs	r4, #128	; 0x80
100065d8:	0324      	lsls	r4, r4, #12

100065da <l8_3>:
100065da:	0d1d      	lsrs	r5, r3, #20
100065dc:	0fdf      	lsrs	r7, r3, #31
100065de:	1e6e      	subs	r6, r5, #1
100065e0:	0536      	lsls	r6, r6, #20
100065e2:	1b9b      	subs	r3, r3, r6
100065e4:	056d      	lsls	r5, r5, #21
100065e6:	d303      	bcc.n	100065f0 <l9_1>
100065e8:	43db      	mvns	r3, r3
100065ea:	4252      	negs	r2, r2
100065ec:	d300      	bcc.n	100065f0 <l9_1>
100065ee:	3301      	adds	r3, #1

100065f0 <l9_1>:
100065f0:	0d6d      	lsrs	r5, r5, #21
100065f2:	d003      	beq.n	100065fc <l9_2>
100065f4:	1c6e      	adds	r6, r5, #1
100065f6:	0af6      	lsrs	r6, r6, #11
100065f8:	d007      	beq.n	1000660a <l9_3>
100065fa:	1bed      	subs	r5, r5, r7

100065fc <l9_2>:
100065fc:	2200      	movs	r2, #0
100065fe:	007f      	lsls	r7, r7, #1
10006600:	1c7b      	adds	r3, r7, #1
10006602:	079b      	lsls	r3, r3, #30
10006604:	129b      	asrs	r3, r3, #10
10006606:	3d80      	subs	r5, #128	; 0x80
10006608:	032d      	lsls	r5, r5, #12

1000660a <l9_3>:
1000660a:	1b2f      	subs	r7, r5, r4
1000660c:	1b66      	subs	r6, r4, r5
1000660e:	d458      	bmi.n	100066c2 <da_ygtx>
10006610:	46a4      	mov	ip, r4
10006612:	2e20      	cmp	r6, #32
10006614:	da46      	bge.n	100066a4 <da_xrgty>
10006616:	3720      	adds	r7, #32
10006618:	0014      	movs	r4, r2
1000661a:	40bc      	lsls	r4, r7

1000661c <da_xgty0>:
1000661c:	001d      	movs	r5, r3
1000661e:	40bd      	lsls	r5, r7
10006620:	40f2      	lsrs	r2, r6
10006622:	4133      	asrs	r3, r6
10006624:	432a      	orrs	r2, r5

10006626 <da_add>:
10006626:	1880      	adds	r0, r0, r2
10006628:	4159      	adcs	r1, r3

1000662a <da_pack>:
1000662a:	0fcb      	lsrs	r3, r1, #31
1000662c:	d005      	beq.n	1000663a <da_pack+0x10>
1000662e:	43c9      	mvns	r1, r1
10006630:	43c0      	mvns	r0, r0
10006632:	2200      	movs	r2, #0
10006634:	4264      	negs	r4, r4
10006636:	4150      	adcs	r0, r2
10006638:	4151      	adcs	r1, r2
1000663a:	4662      	mov	r2, ip
1000663c:	0d4d      	lsrs	r5, r1, #21
1000663e:	d128      	bne.n	10006692 <da_0>
10006640:	0d0d      	lsrs	r5, r1, #20
10006642:	d107      	bne.n	10006654 <da_1>
10006644:	2800      	cmp	r0, #0
10006646:	d01f      	beq.n	10006688 <da_5>

10006648 <da_2>:
10006648:	1924      	adds	r4, r4, r4
1000664a:	4140      	adcs	r0, r0
1000664c:	4149      	adcs	r1, r1
1000664e:	3a01      	subs	r2, #1
10006650:	0d0d      	lsrs	r5, r1, #20
10006652:	d0f9      	beq.n	10006648 <da_2>

10006654 <da_1>:
10006654:	0064      	lsls	r4, r4, #1
10006656:	d306      	bcc.n	10006666 <da_3>

10006658 <da_4>:
10006658:	3001      	adds	r0, #1
1000665a:	d300      	bcc.n	1000665e <da_4+0x6>
1000665c:	3101      	adds	r1, #1
1000665e:	2c00      	cmp	r4, #0
10006660:	d101      	bne.n	10006666 <da_3>
10006662:	0840      	lsrs	r0, r0, #1
10006664:	0040      	lsls	r0, r0, #1

10006666 <da_3>:
10006666:	3a01      	subs	r2, #1
10006668:	d40b      	bmi.n	10006682 <da_6>
1000666a:	1c94      	adds	r4, r2, #2
1000666c:	0ae4      	lsrs	r4, r4, #11
1000666e:	d104      	bne.n	1000667a <da_7>
10006670:	0512      	lsls	r2, r2, #20
10006672:	4411      	add	r1, r2
10006674:	07db      	lsls	r3, r3, #31
10006676:	4419      	add	r1, r3
10006678:	bdf0      	pop	{r4, r5, r6, r7, pc}

1000667a <da_7>:
1000667a:	07d9      	lsls	r1, r3, #31
1000667c:	4b20      	ldr	r3, [pc, #128]	; (10006700 <da_xmgty+0x4>)
1000667e:	4319      	orrs	r1, r3
10006680:	e000      	b.n	10006684 <da_6+0x2>

10006682 <da_6>:
10006682:	07d9      	lsls	r1, r3, #31
10006684:	2000      	movs	r0, #0
10006686:	bdf0      	pop	{r4, r5, r6, r7, pc}

10006688 <da_5>:
10006688:	2900      	cmp	r1, #0
1000668a:	d1dd      	bne.n	10006648 <da_2>
1000668c:	2c00      	cmp	r4, #0
1000668e:	d1db      	bne.n	10006648 <da_2>
10006690:	bdf0      	pop	{r4, r5, r6, r7, pc}

10006692 <da_0>:
10006692:	3201      	adds	r2, #1
10006694:	07c6      	lsls	r6, r0, #31
10006696:	0840      	lsrs	r0, r0, #1
10006698:	07cd      	lsls	r5, r1, #31
1000669a:	4328      	orrs	r0, r5
1000669c:	0849      	lsrs	r1, r1, #1
1000669e:	2e00      	cmp	r6, #0
100066a0:	d0e1      	beq.n	10006666 <da_3>
100066a2:	e7d9      	b.n	10006658 <da_4>

100066a4 <da_xrgty>:
100066a4:	2e3c      	cmp	r6, #60	; 0x3c
100066a6:	da29      	bge.n	100066fc <da_xmgty>
100066a8:	3e20      	subs	r6, #32
100066aa:	3740      	adds	r7, #64	; 0x40
100066ac:	0014      	movs	r4, r2
100066ae:	40bc      	lsls	r4, r7
100066b0:	d000      	beq.n	100066b4 <da_xrgty+0x10>
100066b2:	2401      	movs	r4, #1
100066b4:	40f2      	lsrs	r2, r6
100066b6:	4314      	orrs	r4, r2
100066b8:	001a      	movs	r2, r3
100066ba:	40bb      	lsls	r3, r7
100066bc:	431c      	orrs	r4, r3
100066be:	17d3      	asrs	r3, r2, #31
100066c0:	e7ac      	b.n	1000661c <da_xgty0>

100066c2 <da_ygtx>:
100066c2:	46ac      	mov	ip, r5
100066c4:	2f20      	cmp	r7, #32
100066c6:	da08      	bge.n	100066da <da_yrgtx>
100066c8:	3620      	adds	r6, #32
100066ca:	0004      	movs	r4, r0
100066cc:	40b4      	lsls	r4, r6

100066ce <da_ygtx0>:
100066ce:	000d      	movs	r5, r1
100066d0:	40b5      	lsls	r5, r6
100066d2:	40f8      	lsrs	r0, r7
100066d4:	4139      	asrs	r1, r7
100066d6:	4328      	orrs	r0, r5
100066d8:	e7a5      	b.n	10006626 <da_add>

100066da <da_yrgtx>:
100066da:	2f3c      	cmp	r7, #60	; 0x3c
100066dc:	da0c      	bge.n	100066f8 <da_ymgtx>
100066de:	3f20      	subs	r7, #32
100066e0:	3640      	adds	r6, #64	; 0x40
100066e2:	0004      	movs	r4, r0
100066e4:	40b4      	lsls	r4, r6
100066e6:	d000      	beq.n	100066ea <da_yrgtx+0x10>
100066e8:	2401      	movs	r4, #1
100066ea:	40f8      	lsrs	r0, r7
100066ec:	4304      	orrs	r4, r0
100066ee:	0008      	movs	r0, r1
100066f0:	40b1      	lsls	r1, r6
100066f2:	430c      	orrs	r4, r1
100066f4:	17c1      	asrs	r1, r0, #31
100066f6:	e7ea      	b.n	100066ce <da_ygtx0>

100066f8 <da_ymgtx>:
100066f8:	0010      	movs	r0, r2
100066fa:	0019      	movs	r1, r3

100066fc <da_xmgty>:
100066fc:	2400      	movs	r4, #0
100066fe:	e794      	b.n	1000662a <da_pack>
10006700:	7ff00000 	.word	0x7ff00000

10006704 <dmul_shim>:
10006704:	b5f0      	push	{r4, r5, r6, r7, lr}
10006706:	0d0c      	lsrs	r4, r1, #20
10006708:	1e66      	subs	r6, r4, #1
1000670a:	0536      	lsls	r6, r6, #20
1000670c:	1b89      	subs	r1, r1, r6
1000670e:	0ae6      	lsrs	r6, r4, #11
10006710:	0564      	lsls	r4, r4, #21
10006712:	0d64      	lsrs	r4, r4, #21
10006714:	d002      	beq.n	1000671c <l12_1>
10006716:	1c65      	adds	r5, r4, #1
10006718:	0aed      	lsrs	r5, r5, #11
1000671a:	d004      	beq.n	10006726 <l12_2>

1000671c <l12_1>:
1000671c:	2000      	movs	r0, #0
1000671e:	2101      	movs	r1, #1
10006720:	0509      	lsls	r1, r1, #20
10006722:	3c80      	subs	r4, #128	; 0x80
10006724:	0324      	lsls	r4, r4, #12

10006726 <l12_2>:
10006726:	46a4      	mov	ip, r4
10006728:	0d1c      	lsrs	r4, r3, #20
1000672a:	1e67      	subs	r7, r4, #1
1000672c:	053f      	lsls	r7, r7, #20
1000672e:	1bdb      	subs	r3, r3, r7
10006730:	0ae7      	lsrs	r7, r4, #11
10006732:	0564      	lsls	r4, r4, #21
10006734:	0d64      	lsrs	r4, r4, #21
10006736:	d002      	beq.n	1000673e <l13_1>
10006738:	1c65      	adds	r5, r4, #1
1000673a:	0aed      	lsrs	r5, r5, #11
1000673c:	d004      	beq.n	10006748 <l13_2>

1000673e <l13_1>:
1000673e:	2200      	movs	r2, #0
10006740:	2301      	movs	r3, #1
10006742:	051b      	lsls	r3, r3, #20
10006744:	3c80      	subs	r4, #128	; 0x80
10006746:	0324      	lsls	r4, r4, #12

10006748 <l13_2>:
10006748:	4077      	eors	r7, r6
1000674a:	4464      	add	r4, ip
1000674c:	b497      	push	{r0, r1, r2, r4, r7}
1000674e:	b284      	uxth	r4, r0
10006750:	b296      	uxth	r6, r2
10006752:	4374      	muls	r4, r6
10006754:	0c07      	lsrs	r7, r0, #16
10006756:	437e      	muls	r6, r7
10006758:	0c15      	lsrs	r5, r2, #16
1000675a:	436f      	muls	r7, r5
1000675c:	b280      	uxth	r0, r0
1000675e:	4368      	muls	r0, r5
10006760:	1836      	adds	r6, r6, r0
10006762:	d302      	bcc.n	1000676a <l14_1>
10006764:	2001      	movs	r0, #1
10006766:	0400      	lsls	r0, r0, #16
10006768:	183f      	adds	r7, r7, r0

1000676a <l14_1>:
1000676a:	0430      	lsls	r0, r6, #16
1000676c:	0c35      	lsrs	r5, r6, #16
1000676e:	1900      	adds	r0, r0, r4
10006770:	417d      	adcs	r5, r7
10006772:	4684      	mov	ip, r0
10006774:	b288      	uxth	r0, r1
10006776:	b29a      	uxth	r2, r3
10006778:	4350      	muls	r0, r2
1000677a:	0c0c      	lsrs	r4, r1, #16
1000677c:	4362      	muls	r2, r4
1000677e:	0c1f      	lsrs	r7, r3, #16
10006780:	437c      	muls	r4, r7
10006782:	b28e      	uxth	r6, r1
10006784:	437e      	muls	r6, r7
10006786:	1992      	adds	r2, r2, r6
10006788:	d302      	bcc.n	10006790 <l15_1>
1000678a:	2601      	movs	r6, #1
1000678c:	0436      	lsls	r6, r6, #16
1000678e:	19a4      	adds	r4, r4, r6

10006790 <l15_1>:
10006790:	0416      	lsls	r6, r2, #16
10006792:	0c17      	lsrs	r7, r2, #16
10006794:	1836      	adds	r6, r6, r0
10006796:	4167      	adcs	r7, r4
10006798:	bc01      	pop	{r0}
1000679a:	b281      	uxth	r1, r0
1000679c:	b29a      	uxth	r2, r3
1000679e:	4351      	muls	r1, r2
100067a0:	0c04      	lsrs	r4, r0, #16
100067a2:	4362      	muls	r2, r4
100067a4:	0c1b      	lsrs	r3, r3, #16
100067a6:	435c      	muls	r4, r3
100067a8:	b280      	uxth	r0, r0
100067aa:	4358      	muls	r0, r3
100067ac:	1812      	adds	r2, r2, r0
100067ae:	d302      	bcc.n	100067b6 <l16_1>
100067b0:	2001      	movs	r0, #1
100067b2:	0400      	lsls	r0, r0, #16
100067b4:	1824      	adds	r4, r4, r0

100067b6 <l16_1>:
100067b6:	0410      	lsls	r0, r2, #16
100067b8:	0c13      	lsrs	r3, r2, #16
100067ba:	1840      	adds	r0, r0, r1
100067bc:	4163      	adcs	r3, r4
100067be:	182d      	adds	r5, r5, r0
100067c0:	415e      	adcs	r6, r3
100067c2:	2000      	movs	r0, #0
100067c4:	4147      	adcs	r7, r0
100067c6:	bc06      	pop	{r1, r2}
100067c8:	b288      	uxth	r0, r1
100067ca:	b293      	uxth	r3, r2
100067cc:	4358      	muls	r0, r3
100067ce:	0c0c      	lsrs	r4, r1, #16
100067d0:	4363      	muls	r3, r4
100067d2:	0c12      	lsrs	r2, r2, #16
100067d4:	4354      	muls	r4, r2
100067d6:	b289      	uxth	r1, r1
100067d8:	4351      	muls	r1, r2
100067da:	185b      	adds	r3, r3, r1
100067dc:	d302      	bcc.n	100067e4 <l17_1>
100067de:	2101      	movs	r1, #1
100067e0:	0409      	lsls	r1, r1, #16
100067e2:	1864      	adds	r4, r4, r1

100067e4 <l17_1>:
100067e4:	0419      	lsls	r1, r3, #16
100067e6:	0c1a      	lsrs	r2, r3, #16
100067e8:	1809      	adds	r1, r1, r0
100067ea:	4162      	adcs	r2, r4
100067ec:	186d      	adds	r5, r5, r1
100067ee:	4156      	adcs	r6, r2
100067f0:	2000      	movs	r0, #0
100067f2:	4147      	adcs	r7, r0
100067f4:	bc18      	pop	{r3, r4}
100067f6:	02f9      	lsls	r1, r7, #11
100067f8:	0d72      	lsrs	r2, r6, #21
100067fa:	4311      	orrs	r1, r2
100067fc:	02f0      	lsls	r0, r6, #11
100067fe:	0d6a      	lsrs	r2, r5, #21
10006800:	4310      	orrs	r0, r2
10006802:	02ed      	lsls	r5, r5, #11
10006804:	0d0a      	lsrs	r2, r1, #20
10006806:	d103      	bne.n	10006810 <l17_1+0x2c>
10006808:	196d      	adds	r5, r5, r5
1000680a:	4140      	adcs	r0, r0
1000680c:	4149      	adcs	r1, r1
1000680e:	3b01      	subs	r3, #1
10006810:	4e12      	ldr	r6, [pc, #72]	; (1000685c <dm_1+0xa>)
10006812:	1b9b      	subs	r3, r3, r6
10006814:	0076      	lsls	r6, r6, #1
10006816:	42b3      	cmp	r3, r6
10006818:	d20e      	bcs.n	10006838 <dm_0>
1000681a:	006d      	lsls	r5, r5, #1
1000681c:	d307      	bcc.n	1000682e <l17_1+0x4a>
1000681e:	3001      	adds	r0, #1
10006820:	2600      	movs	r6, #0
10006822:	4171      	adcs	r1, r6
10006824:	4666      	mov	r6, ip
10006826:	4335      	orrs	r5, r6
10006828:	d101      	bne.n	1000682e <l17_1+0x4a>
1000682a:	0840      	lsrs	r0, r0, #1
1000682c:	0040      	lsls	r0, r0, #1
1000682e:	051b      	lsls	r3, r3, #20
10006830:	18c9      	adds	r1, r1, r3

10006832 <dm_2>:
10006832:	07e4      	lsls	r4, r4, #31
10006834:	4421      	add	r1, r4
10006836:	bdf0      	pop	{r4, r5, r6, r7, pc}

10006838 <dm_0>:
10006838:	da0b      	bge.n	10006852 <dm_1>
1000683a:	3301      	adds	r3, #1
1000683c:	d106      	bne.n	1000684c <dm_0+0x14>
1000683e:	3001      	adds	r0, #1
10006840:	d104      	bne.n	1000684c <dm_0+0x14>
10006842:	3101      	adds	r1, #1
10006844:	0d4f      	lsrs	r7, r1, #21
10006846:	d001      	beq.n	1000684c <dm_0+0x14>
10006848:	0849      	lsrs	r1, r1, #1
1000684a:	e7f2      	b.n	10006832 <dm_2>
1000684c:	07e1      	lsls	r1, r4, #31
1000684e:	2000      	movs	r0, #0
10006850:	bdf0      	pop	{r4, r5, r6, r7, pc}

10006852 <dm_1>:
10006852:	3601      	adds	r6, #1
10006854:	0531      	lsls	r1, r6, #20
10006856:	2000      	movs	r0, #0
10006858:	e7eb      	b.n	10006832 <dm_2>
1000685a:	0000      	.short	0x0000
1000685c:	000003ff 	.word	0x000003ff

10006860 <ddiv_shim>:
10006860:	b5f0      	push	{r4, r5, r6, r7, lr}

10006862 <ddiv0>:
10006862:	0d1c      	lsrs	r4, r3, #20
10006864:	1e67      	subs	r7, r4, #1
10006866:	053f      	lsls	r7, r7, #20
10006868:	1bdb      	subs	r3, r3, r7
1000686a:	0ae7      	lsrs	r7, r4, #11
1000686c:	0564      	lsls	r4, r4, #21
1000686e:	0d64      	lsrs	r4, r4, #21
10006870:	d002      	beq.n	10006878 <l20_1>
10006872:	1c66      	adds	r6, r4, #1
10006874:	0af6      	lsrs	r6, r6, #11
10006876:	d004      	beq.n	10006882 <l20_2>

10006878 <l20_1>:
10006878:	2200      	movs	r2, #0
1000687a:	2301      	movs	r3, #1
1000687c:	051b      	lsls	r3, r3, #20
1000687e:	3c80      	subs	r4, #128	; 0x80
10006880:	0324      	lsls	r4, r4, #12

10006882 <l20_2>:
10006882:	25d0      	movs	r5, #208	; 0xd0
10006884:	062d      	lsls	r5, r5, #24
10006886:	2600      	movs	r6, #0
10006888:	43f6      	mvns	r6, r6
1000688a:	662e      	str	r6, [r5, #96]	; 0x60
1000688c:	091e      	lsrs	r6, r3, #4
1000688e:	666e      	str	r6, [r5, #100]	; 0x64
10006890:	0fce      	lsrs	r6, r1, #31
10006892:	19f6      	adds	r6, r6, r7
10006894:	46b4      	mov	ip, r6
10006896:	0049      	lsls	r1, r1, #1
10006898:	0d4f      	lsrs	r7, r1, #21
1000689a:	d002      	beq.n	100068a2 <l20_2+0x20>
1000689c:	1c7e      	adds	r6, r7, #1
1000689e:	0af6      	lsrs	r6, r6, #11
100068a0:	d003      	beq.n	100068aa <l20_2+0x28>
100068a2:	2000      	movs	r0, #0
100068a4:	2100      	movs	r1, #0
100068a6:	3f40      	subs	r7, #64	; 0x40
100068a8:	033f      	lsls	r7, r7, #12
100068aa:	1b3e      	subs	r6, r7, r4
100068ac:	00b6      	lsls	r6, r6, #2
100068ae:	44b4      	add	ip, r6
100068b0:	3f01      	subs	r7, #1
100068b2:	057f      	lsls	r7, r7, #21
100068b4:	1bc9      	subs	r1, r1, r7
100068b6:	0849      	lsrs	r1, r1, #1
100068b8:	6f2e      	ldr	r6, [r5, #112]	; 0x70
100068ba:	3601      	adds	r6, #1
100068bc:	0876      	lsrs	r6, r6, #1
100068be:	029c      	lsls	r4, r3, #10
100068c0:	0d95      	lsrs	r5, r2, #22
100068c2:	4325      	orrs	r5, r4
100068c4:	4375      	muls	r5, r6
100068c6:	13ed      	asrs	r5, r5, #15
100068c8:	4375      	muls	r5, r6
100068ca:	13ad      	asrs	r5, r5, #14
100068cc:	3501      	adds	r5, #1
100068ce:	106d      	asrs	r5, r5, #1
100068d0:	03f6      	lsls	r6, r6, #15
100068d2:	1b76      	subs	r6, r6, r5
100068d4:	b40c      	push	{r2, r3}
100068d6:	02cc      	lsls	r4, r1, #11
100068d8:	0d45      	lsrs	r5, r0, #21
100068da:	432c      	orrs	r4, r5
100068dc:	b2a2      	uxth	r2, r4
100068de:	b2b3      	uxth	r3, r6
100068e0:	435a      	muls	r2, r3
100068e2:	0c27      	lsrs	r7, r4, #16
100068e4:	437b      	muls	r3, r7
100068e6:	0c35      	lsrs	r5, r6, #16
100068e8:	436f      	muls	r7, r5
100068ea:	b2a4      	uxth	r4, r4
100068ec:	436c      	muls	r4, r5
100068ee:	191b      	adds	r3, r3, r4
100068f0:	d302      	bcc.n	100068f8 <l21_1>
100068f2:	2401      	movs	r4, #1
100068f4:	0424      	lsls	r4, r4, #16
100068f6:	193f      	adds	r7, r7, r4

100068f8 <l21_1>:
100068f8:	041c      	lsls	r4, r3, #16
100068fa:	0c1d      	lsrs	r5, r3, #16
100068fc:	18a4      	adds	r4, r4, r2
100068fe:	417d      	adcs	r5, r7
10006900:	1924      	adds	r4, r4, r4
10006902:	416d      	adcs	r5, r5
10006904:	9a00      	ldr	r2, [sp, #0]
10006906:	b291      	uxth	r1, r2
10006908:	b2ac      	uxth	r4, r5
1000690a:	4361      	muls	r1, r4
1000690c:	0c17      	lsrs	r7, r2, #16
1000690e:	437c      	muls	r4, r7
10006910:	0c2b      	lsrs	r3, r5, #16
10006912:	435f      	muls	r7, r3
10006914:	b292      	uxth	r2, r2
10006916:	435a      	muls	r2, r3
10006918:	18a4      	adds	r4, r4, r2
1000691a:	d302      	bcc.n	10006922 <l22_1>
1000691c:	2201      	movs	r2, #1
1000691e:	0412      	lsls	r2, r2, #16
10006920:	18bf      	adds	r7, r7, r2

10006922 <l22_1>:
10006922:	0422      	lsls	r2, r4, #16
10006924:	0c23      	lsrs	r3, r4, #16
10006926:	1852      	adds	r2, r2, r1
10006928:	417b      	adcs	r3, r7
1000692a:	9c01      	ldr	r4, [sp, #4]
1000692c:	436c      	muls	r4, r5
1000692e:	191b      	adds	r3, r3, r4
10006930:	0e52      	lsrs	r2, r2, #25
10006932:	01d9      	lsls	r1, r3, #7
10006934:	430a      	orrs	r2, r1
10006936:	0144      	lsls	r4, r0, #5
10006938:	1aa0      	subs	r0, r4, r2
1000693a:	b281      	uxth	r1, r0
1000693c:	b2b2      	uxth	r2, r6
1000693e:	4351      	muls	r1, r2
10006940:	1403      	asrs	r3, r0, #16
10006942:	435a      	muls	r2, r3
10006944:	0c36      	lsrs	r6, r6, #16
10006946:	4373      	muls	r3, r6
10006948:	b287      	uxth	r7, r0
1000694a:	4377      	muls	r7, r6
1000694c:	17d6      	asrs	r6, r2, #31
1000694e:	19d2      	adds	r2, r2, r7
10006950:	2700      	movs	r7, #0
10006952:	417e      	adcs	r6, r7
10006954:	0436      	lsls	r6, r6, #16
10006956:	199b      	adds	r3, r3, r6
10006958:	0417      	lsls	r7, r2, #16
1000695a:	0c16      	lsrs	r6, r2, #16
1000695c:	187f      	adds	r7, r7, r1
1000695e:	415e      	adcs	r6, r3
10006960:	1673      	asrs	r3, r6, #25
10006962:	18ed      	adds	r5, r5, r3
10006964:	01f3      	lsls	r3, r6, #7
10006966:	2600      	movs	r6, #0
10006968:	3380      	adds	r3, #128	; 0x80
1000696a:	4175      	adcs	r5, r6
1000696c:	0fa9      	lsrs	r1, r5, #30
1000696e:	d106      	bne.n	1000697e <dd_0>
10006970:	0064      	lsls	r4, r4, #1
10006972:	0a69      	lsrs	r1, r5, #9
10006974:	05e8      	lsls	r0, r5, #23
10006976:	0a5b      	lsrs	r3, r3, #9
10006978:	4318      	orrs	r0, r3
1000697a:	d209      	bcs.n	10006990 <dd_1>
1000697c:	e02f      	b.n	100069de <dd_2>

1000697e <dd_0>:
1000697e:	2204      	movs	r2, #4
10006980:	4494      	add	ip, r2
10006982:	3380      	adds	r3, #128	; 0x80
10006984:	4175      	adcs	r5, r6
10006986:	0aa9      	lsrs	r1, r5, #10
10006988:	05a8      	lsls	r0, r5, #22
1000698a:	0a9b      	lsrs	r3, r3, #10
1000698c:	4318      	orrs	r0, r3
1000698e:	d326      	bcc.n	100069de <dd_2>

10006990 <dd_1>:
10006990:	4140      	adcs	r0, r0
10006992:	4149      	adcs	r1, r1
10006994:	0424      	lsls	r4, r4, #16
10006996:	9a00      	ldr	r2, [sp, #0]
10006998:	9b01      	ldr	r3, [sp, #4]
1000699a:	000d      	movs	r5, r1
1000699c:	4355      	muls	r5, r2
1000699e:	1b64      	subs	r4, r4, r5
100069a0:	4343      	muls	r3, r0
100069a2:	1ae4      	subs	r4, r4, r3
100069a4:	b295      	uxth	r5, r2
100069a6:	b286      	uxth	r6, r0
100069a8:	4375      	muls	r5, r6
100069aa:	0c17      	lsrs	r7, r2, #16
100069ac:	437e      	muls	r6, r7
100069ae:	0c03      	lsrs	r3, r0, #16
100069b0:	435f      	muls	r7, r3
100069b2:	b292      	uxth	r2, r2
100069b4:	435a      	muls	r2, r3
100069b6:	18b6      	adds	r6, r6, r2
100069b8:	d302      	bcc.n	100069c0 <l24_1>
100069ba:	2201      	movs	r2, #1
100069bc:	0412      	lsls	r2, r2, #16
100069be:	18bf      	adds	r7, r7, r2

100069c0 <l24_1>:
100069c0:	0432      	lsls	r2, r6, #16
100069c2:	0c33      	lsrs	r3, r6, #16
100069c4:	1952      	adds	r2, r2, r5
100069c6:	417b      	adcs	r3, r7
100069c8:	4252      	negs	r2, r2
100069ca:	419c      	sbcs	r4, r3
100069cc:	2c00      	cmp	r4, #0
100069ce:	d402      	bmi.n	100069d6 <l24_1+0x16>
100069d0:	2200      	movs	r2, #0
100069d2:	3001      	adds	r0, #1
100069d4:	4151      	adcs	r1, r2
100069d6:	0840      	lsrs	r0, r0, #1
100069d8:	07ca      	lsls	r2, r1, #31
100069da:	4310      	orrs	r0, r2
100069dc:	0849      	lsrs	r1, r1, #1

100069de <dd_2>:
100069de:	b002      	add	sp, #8
100069e0:	4662      	mov	r2, ip
100069e2:	07d7      	lsls	r7, r2, #31
100069e4:	1092      	asrs	r2, r2, #2
100069e6:	4b08      	ldr	r3, [pc, #32]	; (10006a08 <dd_4+0x6>)
100069e8:	18d2      	adds	r2, r2, r3
100069ea:	4b08      	ldr	r3, [pc, #32]	; (10006a0c <dd_4+0xa>)
100069ec:	429a      	cmp	r2, r3
100069ee:	d203      	bcs.n	100069f8 <dd_3>
100069f0:	0512      	lsls	r2, r2, #20
100069f2:	1889      	adds	r1, r1, r2

100069f4 <dd_5>:
100069f4:	19c9      	adds	r1, r1, r7
100069f6:	bdf0      	pop	{r4, r5, r6, r7, pc}

100069f8 <dd_3>:
100069f8:	2000      	movs	r0, #0
100069fa:	2a00      	cmp	r2, #0
100069fc:	dc01      	bgt.n	10006a02 <dd_4>
100069fe:	0039      	movs	r1, r7
10006a00:	bdf0      	pop	{r4, r5, r6, r7, pc}

10006a02 <dd_4>:
10006a02:	3301      	adds	r3, #1
10006a04:	0519      	lsls	r1, r3, #20
10006a06:	e7f5      	b.n	100069f4 <dd_5>
10006a08:	000003fd 	.word	0x000003fd
10006a0c:	000007fe 	.word	0x000007fe

10006a10 <double2uint_shim>:
10006a10:	2200      	movs	r2, #0

10006a12 <double2ufix_shim>:
10006a12:	b500      	push	{lr}
10006a14:	3220      	adds	r2, #32
10006a16:	f000 f804 	bl	10006a22 <double2ufix64_shim>
10006a1a:	0008      	movs	r0, r1
10006a1c:	bd00      	pop	{pc}
	...

10006a20 <double2uint64_shim>:
10006a20:	2200      	movs	r2, #0

10006a22 <double2ufix64_shim>:
10006a22:	150b      	asrs	r3, r1, #20
10006a24:	d40a      	bmi.n	10006a3c <ret_dzero>

10006a26 <d2fix>:
10006a26:	b510      	push	{r4, lr}
10006a28:	4694      	mov	ip, r2
10006a2a:	f000 f831 	bl	10006a90 <dunpacks>
10006a2e:	1414      	asrs	r4, r2, #16
10006a30:	3401      	adds	r4, #1
10006a32:	da00      	bge.n	10006a36 <d2fix+0x10>
10006a34:	2100      	movs	r1, #0
10006a36:	17cb      	asrs	r3, r1, #31
10006a38:	4c14      	ldr	r4, [pc, #80]	; (10006a8c <d2fix_a+0x4a>)
10006a3a:	4720      	bx	r4

10006a3c <ret_dzero>:
10006a3c:	2000      	movs	r0, #0
10006a3e:	2100      	movs	r1, #0
10006a40:	4770      	bx	lr

10006a42 <d2fix_a>:
10006a42:	4462      	add	r2, ip
10006a44:	3a34      	subs	r2, #52	; 0x34
10006a46:	d40c      	bmi.n	10006a62 <d2fix_a+0x20>
10006a48:	2a0c      	cmp	r2, #12
10006a4a:	da07      	bge.n	10006a5c <d2fix_a+0x1a>
10006a4c:	0004      	movs	r4, r0
10006a4e:	4091      	lsls	r1, r2
10006a50:	4090      	lsls	r0, r2
10006a52:	4252      	negs	r2, r2
10006a54:	3220      	adds	r2, #32
10006a56:	40d4      	lsrs	r4, r2
10006a58:	4321      	orrs	r1, r4
10006a5a:	bd10      	pop	{r4, pc}
10006a5c:	43d8      	mvns	r0, r3
10006a5e:	43d9      	mvns	r1, r3
10006a60:	bd10      	pop	{r4, pc}
10006a62:	3220      	adds	r2, #32
10006a64:	d407      	bmi.n	10006a76 <d2fix_a+0x34>
10006a66:	460c      	mov	r4, r1
10006a68:	4094      	lsls	r4, r2
10006a6a:	4252      	negs	r2, r2
10006a6c:	3220      	adds	r2, #32
10006a6e:	4111      	asrs	r1, r2
10006a70:	40d0      	lsrs	r0, r2
10006a72:	4320      	orrs	r0, r4
10006a74:	bd10      	pop	{r4, pc}
10006a76:	0008      	movs	r0, r1
10006a78:	17c9      	asrs	r1, r1, #31
10006a7a:	3220      	adds	r2, #32
10006a7c:	d403      	bmi.n	10006a86 <d2fix_a+0x44>
10006a7e:	4252      	negs	r2, r2
10006a80:	3220      	adds	r2, #32
10006a82:	4110      	asrs	r0, r2
10006a84:	bd10      	pop	{r4, pc}
10006a86:	0018      	movs	r0, r3
10006a88:	0019      	movs	r1, r3
10006a8a:	bd10      	pop	{r4, pc}
10006a8c:	10006a43 	.word	0x10006a43

10006a90 <dunpacks>:
10006a90:	0d0a      	lsrs	r2, r1, #20
10006a92:	0fcc      	lsrs	r4, r1, #31
10006a94:	1e53      	subs	r3, r2, #1
10006a96:	051b      	lsls	r3, r3, #20
10006a98:	1ac9      	subs	r1, r1, r3
10006a9a:	0552      	lsls	r2, r2, #21
10006a9c:	d303      	bcc.n	10006aa6 <l60_1>
10006a9e:	43c9      	mvns	r1, r1
10006aa0:	4240      	negs	r0, r0
10006aa2:	d300      	bcc.n	10006aa6 <l60_1>
10006aa4:	3101      	adds	r1, #1

10006aa6 <l60_1>:
10006aa6:	0d52      	lsrs	r2, r2, #21
10006aa8:	d003      	beq.n	10006ab2 <l60_2>
10006aaa:	1c53      	adds	r3, r2, #1
10006aac:	0adb      	lsrs	r3, r3, #11
10006aae:	d007      	beq.n	10006ac0 <l60_3>
10006ab0:	1b12      	subs	r2, r2, r4

10006ab2 <l60_2>:
10006ab2:	2000      	movs	r0, #0
10006ab4:	0064      	lsls	r4, r4, #1
10006ab6:	1c61      	adds	r1, r4, #1
10006ab8:	0789      	lsls	r1, r1, #30
10006aba:	1289      	asrs	r1, r1, #10
10006abc:	3a80      	subs	r2, #128	; 0x80
10006abe:	0312      	lsls	r2, r2, #12

10006ac0 <l60_3>:
10006ac0:	4b01      	ldr	r3, [pc, #4]	; (10006ac8 <l60_3+0x8>)
10006ac2:	1ad2      	subs	r2, r2, r3
10006ac4:	4770      	bx	lr
10006ac6:	0000      	.short	0x0000
10006ac8:	000003ff 	.word	0x000003ff

10006acc <__wrap___aeabi_lmul>:
10006acc:	4351      	muls	r1, r2
10006ace:	4343      	muls	r3, r0
10006ad0:	18c9      	adds	r1, r1, r3
10006ad2:	468c      	mov	ip, r1
10006ad4:	0c11      	lsrs	r1, r2, #16
10006ad6:	b283      	uxth	r3, r0
10006ad8:	434b      	muls	r3, r1
10006ada:	b410      	push	{r4}
10006adc:	0c04      	lsrs	r4, r0, #16
10006ade:	4361      	muls	r1, r4
10006ae0:	b292      	uxth	r2, r2
10006ae2:	b280      	uxth	r0, r0
10006ae4:	4350      	muls	r0, r2
10006ae6:	4362      	muls	r2, r4
10006ae8:	041c      	lsls	r4, r3, #16
10006aea:	0c1b      	lsrs	r3, r3, #16
10006aec:	1900      	adds	r0, r0, r4
10006aee:	bc10      	pop	{r4}
10006af0:	4159      	adcs	r1, r3
10006af2:	0413      	lsls	r3, r2, #16
10006af4:	0c12      	lsrs	r2, r2, #16
10006af6:	18c0      	adds	r0, r0, r3
10006af8:	4151      	adcs	r1, r2
10006afa:	4461      	add	r1, ip
10006afc:	4770      	bx	lr
	...

10006b00 <__wrap___aeabi_frsub>:
10006b00:	4048      	eors	r0, r1
10006b02:	4041      	eors	r1, r0
10006b04:	4048      	eors	r0, r1

10006b06 <__wrap___aeabi_fsub>:
10006b06:	4b0e      	ldr	r3, [pc, #56]	; (10006b40 <__wrap___aeabi_fmul+0x6>)
10006b08:	685b      	ldr	r3, [r3, #4]
10006b0a:	4718      	bx	r3

10006b0c <__wrap___aeabi_fadd>:
10006b0c:	4b0c      	ldr	r3, [pc, #48]	; (10006b40 <__wrap___aeabi_fmul+0x6>)
10006b0e:	681b      	ldr	r3, [r3, #0]
10006b10:	4718      	bx	r3

10006b12 <__wrap___aeabi_fdiv>:
10006b12:	4a0c      	ldr	r2, [pc, #48]	; (10006b44 <__wrap___aeabi_fmul+0xa>)
10006b14:	6f93      	ldr	r3, [r2, #120]	; 0x78
10006b16:	089b      	lsrs	r3, r3, #2
10006b18:	d202      	bcs.n	10006b20 <fdiv_save_state>

10006b1a <fdiv_shim_call>:
10006b1a:	4b09      	ldr	r3, [pc, #36]	; (10006b40 <__wrap___aeabi_fmul+0x6>)
10006b1c:	68db      	ldr	r3, [r3, #12]
10006b1e:	4718      	bx	r3

10006b20 <fdiv_save_state>:
10006b20:	b5f0      	push	{r4, r5, r6, r7, lr}
10006b22:	6e14      	ldr	r4, [r2, #96]	; 0x60
10006b24:	6e55      	ldr	r5, [r2, #100]	; 0x64
10006b26:	6f57      	ldr	r7, [r2, #116]	; 0x74
10006b28:	6f16      	ldr	r6, [r2, #112]	; 0x70
10006b2a:	f7ff fff6 	bl	10006b1a <fdiv_shim_call>
10006b2e:	4a05      	ldr	r2, [pc, #20]	; (10006b44 <__wrap___aeabi_fmul+0xa>)
10006b30:	6614      	str	r4, [r2, #96]	; 0x60
10006b32:	6655      	str	r5, [r2, #100]	; 0x64
10006b34:	6757      	str	r7, [r2, #116]	; 0x74
10006b36:	6716      	str	r6, [r2, #112]	; 0x70
10006b38:	bdf0      	pop	{r4, r5, r6, r7, pc}

10006b3a <__wrap___aeabi_fmul>:
10006b3a:	4b01      	ldr	r3, [pc, #4]	; (10006b40 <__wrap___aeabi_fmul+0x6>)
10006b3c:	689b      	ldr	r3, [r3, #8]
10006b3e:	4718      	bx	r3
10006b40:	20001660 	.word	0x20001660
10006b44:	d0000000 	.word	0xd0000000

10006b48 <__wrap___aeabi_cfrcmple>:
10006b48:	b507      	push	{r0, r1, r2, lr}
10006b4a:	4048      	eors	r0, r1
10006b4c:	4041      	eors	r1, r0
10006b4e:	4048      	eors	r0, r1
10006b50:	e001      	b.n	10006b56 <__aeabi_cfcmple_guts>
10006b52:	46c0      	nop			; (mov r8, r8)

10006b54 <__wrap___aeabi_cfcmpeq>:
10006b54:	b507      	push	{r0, r1, r2, lr}

10006b56 <__aeabi_cfcmple_guts>:
10006b56:	0042      	lsls	r2, r0, #1
10006b58:	0e12      	lsrs	r2, r2, #24
10006b5a:	d003      	beq.n	10006b64 <__aeabi_cfcmple_guts+0xe>
10006b5c:	2aff      	cmp	r2, #255	; 0xff
10006b5e:	d103      	bne.n	10006b68 <__aeabi_cfcmple_guts+0x12>
10006b60:	0242      	lsls	r2, r0, #9
10006b62:	d818      	bhi.n	10006b96 <__aeabi_cfcmple_guts+0x40>
10006b64:	0dc0      	lsrs	r0, r0, #23
10006b66:	05c0      	lsls	r0, r0, #23
10006b68:	004a      	lsls	r2, r1, #1
10006b6a:	0e12      	lsrs	r2, r2, #24
10006b6c:	d003      	beq.n	10006b76 <__aeabi_cfcmple_guts+0x20>
10006b6e:	2aff      	cmp	r2, #255	; 0xff
10006b70:	d103      	bne.n	10006b7a <__aeabi_cfcmple_guts+0x24>
10006b72:	024a      	lsls	r2, r1, #9
10006b74:	d80f      	bhi.n	10006b96 <__aeabi_cfcmple_guts+0x40>
10006b76:	0dc9      	lsrs	r1, r1, #23
10006b78:	05c9      	lsls	r1, r1, #23
10006b7a:	2201      	movs	r2, #1
10006b7c:	4041      	eors	r1, r0
10006b7e:	d405      	bmi.n	10006b8c <__aeabi_cfcmple_guts+0x36>
10006b80:	4041      	eors	r1, r0
10006b82:	d501      	bpl.n	10006b88 <__aeabi_cfcmple_guts+0x32>
10006b84:	4281      	cmp	r1, r0
10006b86:	bd07      	pop	{r0, r1, r2, pc}
10006b88:	4288      	cmp	r0, r1
10006b8a:	bd07      	pop	{r0, r1, r2, pc}
10006b8c:	4301      	orrs	r1, r0
10006b8e:	1849      	adds	r1, r1, r1
10006b90:	d001      	beq.n	10006b96 <__aeabi_cfcmple_guts+0x40>
10006b92:	43c0      	mvns	r0, r0
10006b94:	1800      	adds	r0, r0, r0
10006b96:	bd07      	pop	{r0, r1, r2, pc}

10006b98 <__wrap___aeabi_fcmplt>:
10006b98:	b500      	push	{lr}
10006b9a:	f7ff ffdb 	bl	10006b54 <__wrap___aeabi_cfcmpeq>
10006b9e:	4180      	sbcs	r0, r0
10006ba0:	bd00      	pop	{pc}
10006ba2:	46c0      	nop			; (mov r8, r8)

10006ba4 <__wrap___aeabi_fcmple>:
10006ba4:	b500      	push	{lr}
10006ba6:	f7ff ffd5 	bl	10006b54 <__wrap___aeabi_cfcmpeq>
10006baa:	d901      	bls.n	10006bb0 <__wrap___aeabi_fcmple+0xc>
10006bac:	2000      	movs	r0, #0
10006bae:	bd00      	pop	{pc}
10006bb0:	2001      	movs	r0, #1
10006bb2:	bd00      	pop	{pc}

10006bb4 <__wrap___aeabi_fcmpgt>:
10006bb4:	b500      	push	{lr}
10006bb6:	f7ff ffc7 	bl	10006b48 <__wrap___aeabi_cfrcmple>
10006bba:	4180      	sbcs	r0, r0
10006bbc:	bd00      	pop	{pc}

10006bbe <__wrap___aeabi_ui2f>:
10006bbe:	1a49      	subs	r1, r1, r1
10006bc0:	2800      	cmp	r0, #0
10006bc2:	d107      	bne.n	10006bd4 <__aeabi_i2f_main>
10006bc4:	4608      	mov	r0, r1
10006bc6:	4770      	bx	lr

10006bc8 <__wrap___aeabi_i2f>:
10006bc8:	0fc1      	lsrs	r1, r0, #31
10006bca:	07c9      	lsls	r1, r1, #31
10006bcc:	d500      	bpl.n	10006bd0 <__wrap___aeabi_i2f+0x8>
10006bce:	4240      	negs	r0, r0
10006bd0:	2800      	cmp	r0, #0
10006bd2:	d017      	beq.n	10006c04 <__aeabi_i2f_main+0x30>

10006bd4 <__aeabi_i2f_main>:
10006bd4:	46f4      	mov	ip, lr
10006bd6:	b403      	push	{r0, r1}
10006bd8:	4b0b      	ldr	r3, [pc, #44]	; (10006c08 <__aeabi_i2f_main+0x34>)
10006bda:	681b      	ldr	r3, [r3, #0]
10006bdc:	4798      	blx	r3
10006bde:	bc06      	pop	{r1, r2}
10006be0:	4081      	lsls	r1, r0
10006be2:	389e      	subs	r0, #158	; 0x9e
10006be4:	4240      	negs	r0, r0
10006be6:	3180      	adds	r1, #128	; 0x80
10006be8:	d207      	bcs.n	10006bfa <__aeabi_i2f_main+0x26>
10006bea:	060b      	lsls	r3, r1, #24
10006bec:	d007      	beq.n	10006bfe <__aeabi_i2f_main+0x2a>
10006bee:	0049      	lsls	r1, r1, #1
10006bf0:	0a49      	lsrs	r1, r1, #9
10006bf2:	05c0      	lsls	r0, r0, #23
10006bf4:	4310      	orrs	r0, r2
10006bf6:	4308      	orrs	r0, r1
10006bf8:	4760      	bx	ip
10006bfa:	3001      	adds	r0, #1
10006bfc:	e7f8      	b.n	10006bf0 <__aeabi_i2f_main+0x1c>
10006bfe:	0a49      	lsrs	r1, r1, #9
10006c00:	0289      	lsls	r1, r1, #10
10006c02:	e7f5      	b.n	10006bf0 <__aeabi_i2f_main+0x1c>
10006c04:	4770      	bx	lr
10006c06:	0000      	.short	0x0000
10006c08:	20002c24 	.word	0x20002c24

10006c0c <__wrap___aeabi_f2iz>:
10006c0c:	0041      	lsls	r1, r0, #1
10006c0e:	0e0a      	lsrs	r2, r1, #24
10006c10:	2380      	movs	r3, #128	; 0x80
10006c12:	061b      	lsls	r3, r3, #24
10006c14:	2a7e      	cmp	r2, #126	; 0x7e
10006c16:	dd0b      	ble.n	10006c30 <__wrap___aeabi_f2iz+0x24>
10006c18:	3a9e      	subs	r2, #158	; 0x9e
10006c1a:	da0b      	bge.n	10006c34 <__wrap___aeabi_f2iz+0x28>
10006c1c:	17c1      	asrs	r1, r0, #31
10006c1e:	0240      	lsls	r0, r0, #9
10006c20:	0840      	lsrs	r0, r0, #1
10006c22:	4318      	orrs	r0, r3
10006c24:	4252      	negs	r2, r2
10006c26:	40d0      	lsrs	r0, r2
10006c28:	0049      	lsls	r1, r1, #1
10006c2a:	3101      	adds	r1, #1
10006c2c:	4348      	muls	r0, r1
10006c2e:	4770      	bx	lr
10006c30:	2000      	movs	r0, #0
10006c32:	4770      	bx	lr
10006c34:	0fc0      	lsrs	r0, r0, #31
10006c36:	18c0      	adds	r0, r0, r3
10006c38:	3801      	subs	r0, #1
10006c3a:	4770      	bx	lr
10006c3c:	42c0      	cmn	r0, r0
10006c3e:	d30d      	bcc.n	10006c5c <float2int>
10006c40:	b500      	push	{lr}
10006c42:	0040      	lsls	r0, r0, #1
10006c44:	0840      	lsrs	r0, r0, #1
10006c46:	2100      	movs	r1, #0
10006c48:	f000 f812 	bl	10006c70 <__wrap___aeabi_f2uiz>
10006c4c:	2800      	cmp	r0, #0
10006c4e:	d401      	bmi.n	10006c54 <__wrap___aeabi_f2iz+0x48>
10006c50:	4240      	negs	r0, r0
10006c52:	bd00      	pop	{pc}
10006c54:	2080      	movs	r0, #128	; 0x80
10006c56:	0600      	lsls	r0, r0, #24
10006c58:	bd00      	pop	{pc}
	...

10006c5c <float2int>:
10006c5c:	4b03      	ldr	r3, [pc, #12]	; (10006c6c <float2int+0x10>)
10006c5e:	69db      	ldr	r3, [r3, #28]
10006c60:	46fc      	mov	ip, pc
10006c62:	4718      	bx	r3
10006c64:	6ea9df1c 	.word	0x6ea9df1c
10006c68:	00001000 	.word	0x00001000
10006c6c:	20001660 	.word	0x20001660

10006c70 <__wrap___aeabi_f2uiz>:
10006c70:	4b01      	ldr	r3, [pc, #4]	; (10006c78 <__wrap___aeabi_f2uiz+0x8>)
10006c72:	6a5b      	ldr	r3, [r3, #36]	; 0x24
10006c74:	4718      	bx	r3
10006c76:	0000      	.short	0x0000
10006c78:	20001660 	.word	0x20001660

10006c7c <fix2float>:
10006c7c:	4b01      	ldr	r3, [pc, #4]	; (10006c84 <fix2float+0x8>)
10006c7e:	6b1b      	ldr	r3, [r3, #48]	; 0x30
10006c80:	4718      	bx	r3
10006c82:	0000      	.short	0x0000
10006c84:	20001660 	.word	0x20001660

10006c88 <__wrap___aeabi_f2d>:
10006c88:	4b03      	ldr	r3, [pc, #12]	; (10006c98 <__wrap___aeabi_f2d+0x10>)
10006c8a:	6fdb      	ldr	r3, [r3, #124]	; 0x7c
10006c8c:	46fc      	mov	ip, pc
10006c8e:	4718      	bx	r3
10006c90:	6ec1df7c 	.word	0x6ec1df7c
10006c94:	00001000 	.word	0x00001000
10006c98:	20001660 	.word	0x20001660

10006c9c <__wrap_sinf>:
10006c9c:	0041      	lsls	r1, r0, #1
10006c9e:	0e09      	lsrs	r1, r1, #24
10006ca0:	2986      	cmp	r1, #134	; 0x86
10006ca2:	da02      	bge.n	10006caa <__wrap_sinf+0xe>
10006ca4:	4b04      	ldr	r3, [pc, #16]	; (10006cb8 <__wrap_sinf+0x1c>)
10006ca6:	6c1b      	ldr	r3, [r3, #64]	; 0x40
10006ca8:	4718      	bx	r3
10006caa:	4904      	ldr	r1, [pc, #16]	; (10006cbc <__wrap_sinf+0x20>)
10006cac:	b500      	push	{lr}
10006cae:	f000 f8df 	bl	10006e70 <__wrap_remainderf>
10006cb2:	bc02      	pop	{r1}
10006cb4:	468e      	mov	lr, r1
10006cb6:	e7f5      	b.n	10006ca4 <__wrap_sinf+0x8>
10006cb8:	20001660 	.word	0x20001660
10006cbc:	40c90fdb 	.word	0x40c90fdb

10006cc0 <__aeabi_float_init>:
10006cc0:	2313      	movs	r3, #19
10006cc2:	b510      	push	{r4, lr}
10006cc4:	4812      	ldr	r0, [pc, #72]	; (10006d10 <__aeabi_float_init+0x50>)
10006cc6:	781c      	ldrb	r4, [r3, #0]
10006cc8:	f7ff f890 	bl	10005dec <rom_data_lookup>
10006ccc:	0001      	movs	r1, r0
10006cce:	2c01      	cmp	r4, #1
10006cd0:	d00a      	beq.n	10006ce8 <__aeabi_float_init+0x28>
10006cd2:	dd03      	ble.n	10006cdc <__aeabi_float_init+0x1c>
10006cd4:	2280      	movs	r2, #128	; 0x80
10006cd6:	480f      	ldr	r0, [pc, #60]	; (10006d14 <__aeabi_float_init+0x54>)
10006cd8:	f000 f918 	bl	10006f0c <__wrap___aeabi_memcpy>
10006cdc:	480e      	ldr	r0, [pc, #56]	; (10006d18 <__aeabi_float_init+0x58>)
10006cde:	f7ff f87d 	bl	10005ddc <rom_func_lookup>
10006ce2:	4b0e      	ldr	r3, [pc, #56]	; (10006d1c <__aeabi_float_init+0x5c>)
10006ce4:	6018      	str	r0, [r3, #0]
10006ce6:	bd10      	pop	{r4, pc}
10006ce8:	4c0a      	ldr	r4, [pc, #40]	; (10006d14 <__aeabi_float_init+0x54>)
10006cea:	2254      	movs	r2, #84	; 0x54
10006cec:	0020      	movs	r0, r4
10006cee:	f000 f90d 	bl	10006f0c <__wrap___aeabi_memcpy>
10006cf2:	4b0b      	ldr	r3, [pc, #44]	; (10006d20 <__aeabi_float_init+0x60>)
10006cf4:	6563      	str	r3, [r4, #84]	; 0x54
10006cf6:	65a3      	str	r3, [r4, #88]	; 0x58
10006cf8:	65e3      	str	r3, [r4, #92]	; 0x5c
10006cfa:	6623      	str	r3, [r4, #96]	; 0x60
10006cfc:	6663      	str	r3, [r4, #100]	; 0x64
10006cfe:	66a3      	str	r3, [r4, #104]	; 0x68
10006d00:	66e3      	str	r3, [r4, #108]	; 0x6c
10006d02:	6723      	str	r3, [r4, #112]	; 0x70
10006d04:	6763      	str	r3, [r4, #116]	; 0x74
10006d06:	67a3      	str	r3, [r4, #120]	; 0x78
10006d08:	67e3      	str	r3, [r4, #124]	; 0x7c
10006d0a:	6223      	str	r3, [r4, #32]
10006d0c:	61e3      	str	r3, [r4, #28]
10006d0e:	e7e5      	b.n	10006cdc <__aeabi_float_init+0x1c>
10006d10:	00004653 	.word	0x00004653
10006d14:	20001660 	.word	0x20001660
10006d18:	0000334c 	.word	0x0000334c
10006d1c:	20002c24 	.word	0x20002c24
10006d20:	10006e7d 	.word	0x10006e7d

10006d24 <__wrap_remquof>:
10006d24:	b5f8      	push	{r3, r4, r5, r6, r7, lr}
10006d26:	4645      	mov	r5, r8
10006d28:	4657      	mov	r7, sl
10006d2a:	464e      	mov	r6, r9
10006d2c:	46de      	mov	lr, fp
10006d2e:	b5e0      	push	{r5, r6, r7, lr}
10006d30:	26ff      	movs	r6, #255	; 0xff
10006d32:	4688      	mov	r8, r1
10006d34:	0dc5      	lsrs	r5, r0, #23
10006d36:	0dc9      	lsrs	r1, r1, #23
10006d38:	4035      	ands	r5, r6
10006d3a:	0017      	movs	r7, r2
10006d3c:	1c04      	adds	r4, r0, #0
10006d3e:	400e      	ands	r6, r1
10006d40:	2a00      	cmp	r2, #0
10006d42:	d001      	beq.n	10006d48 <__wrap_remquof+0x24>
10006d44:	2300      	movs	r3, #0
10006d46:	6013      	str	r3, [r2, #0]
10006d48:	2dff      	cmp	r5, #255	; 0xff
10006d4a:	d060      	beq.n	10006e0e <__wrap_remquof+0xea>
10006d4c:	2e00      	cmp	r6, #0
10006d4e:	d05e      	beq.n	10006e0e <__wrap_remquof+0xea>
10006d50:	2d00      	cmp	r5, #0
10006d52:	d05f      	beq.n	10006e14 <__wrap_remquof+0xf0>
10006d54:	1c20      	adds	r0, r4, #0
10006d56:	2eff      	cmp	r6, #255	; 0xff
10006d58:	d053      	beq.n	10006e02 <__wrap_remquof+0xde>
10006d5a:	1e73      	subs	r3, r6, #1
10006d5c:	42ab      	cmp	r3, r5
10006d5e:	dc50      	bgt.n	10006e02 <__wrap_remquof+0xde>
10006d60:	0fe2      	lsrs	r2, r4, #31
10006d62:	4694      	mov	ip, r2
10006d64:	2280      	movs	r2, #128	; 0x80
10006d66:	0412      	lsls	r2, r2, #16
10006d68:	4691      	mov	r9, r2
10006d6a:	0264      	lsls	r4, r4, #9
10006d6c:	0a64      	lsrs	r4, r4, #9
10006d6e:	4314      	orrs	r4, r2
10006d70:	4642      	mov	r2, r8
10006d72:	4649      	mov	r1, r9
10006d74:	0252      	lsls	r2, r2, #9
10006d76:	0a52      	lsrs	r2, r2, #9
10006d78:	4311      	orrs	r1, r2
10006d7a:	4689      	mov	r9, r1
10006d7c:	42ab      	cmp	r3, r5
10006d7e:	d051      	beq.n	10006e24 <__wrap_remquof+0x100>
10006d80:	4663      	mov	r3, ip
10006d82:	2b00      	cmp	r3, #0
10006d84:	d058      	beq.n	10006e38 <__wrap_remquof+0x114>
10006d86:	2100      	movs	r1, #0
10006d88:	4264      	negs	r4, r4
10006d8a:	1bad      	subs	r5, r5, r6
10006d8c:	2d00      	cmp	r5, #0
10006d8e:	dd5c      	ble.n	10006e4a <__wrap_remquof+0x126>
10006d90:	464b      	mov	r3, r9
10006d92:	2001      	movs	r0, #1
10006d94:	11d9      	asrs	r1, r3, #7
10006d96:	4240      	negs	r0, r0
10006d98:	f7ff f87a 	bl	10005e90 <__wrap___aeabi_uidiv>
10006d9c:	231d      	movs	r3, #29
10006d9e:	4683      	mov	fp, r0
10006da0:	2100      	movs	r1, #0
10006da2:	469c      	mov	ip, r3
10006da4:	002a      	movs	r2, r5
10006da6:	2d0c      	cmp	r5, #12
10006da8:	dd00      	ble.n	10006dac <__wrap_remquof+0x88>
10006daa:	220c      	movs	r2, #12
10006dac:	4658      	mov	r0, fp
10006dae:	1263      	asrs	r3, r4, #9
10006db0:	4094      	lsls	r4, r2
10006db2:	4343      	muls	r3, r0
10006db4:	4660      	mov	r0, ip
10006db6:	46a2      	mov	sl, r4
10006db8:	1a80      	subs	r0, r0, r2
10006dba:	4103      	asrs	r3, r0
10006dbc:	464c      	mov	r4, r9
10006dbe:	4650      	mov	r0, sl
10006dc0:	4091      	lsls	r1, r2
10006dc2:	3301      	adds	r3, #1
10006dc4:	105b      	asrs	r3, r3, #1
10006dc6:	435c      	muls	r4, r3
10006dc8:	1859      	adds	r1, r3, r1
10006dca:	1b04      	subs	r4, r0, r4
10006dcc:	1aad      	subs	r5, r5, r2
10006dce:	2d00      	cmp	r5, #0
10006dd0:	dce8      	bgt.n	10006da4 <__wrap_remquof+0x80>
10006dd2:	45a1      	cmp	r9, r4
10006dd4:	dc37      	bgt.n	10006e46 <__wrap_remquof+0x122>
10006dd6:	464b      	mov	r3, r9
10006dd8:	1ae4      	subs	r4, r4, r3
10006dda:	45a1      	cmp	r9, r4
10006ddc:	dc46      	bgt.n	10006e6c <__wrap_remquof+0x148>
10006dde:	1ae4      	subs	r4, r4, r3
10006de0:	3102      	adds	r1, #2
10006de2:	0063      	lsls	r3, r4, #1
10006de4:	454b      	cmp	r3, r9
10006de6:	dc19      	bgt.n	10006e1c <__wrap_remquof+0xf8>
10006de8:	d016      	beq.n	10006e18 <__wrap_remquof+0xf4>
10006dea:	4643      	mov	r3, r8
10006dec:	2b00      	cmp	r3, #0
10006dee:	da00      	bge.n	10006df2 <__wrap_remquof+0xce>
10006df0:	4249      	negs	r1, r1
10006df2:	2f00      	cmp	r7, #0
10006df4:	d000      	beq.n	10006df8 <__wrap_remquof+0xd4>
10006df6:	6039      	str	r1, [r7, #0]
10006df8:	2196      	movs	r1, #150	; 0x96
10006dfa:	0020      	movs	r0, r4
10006dfc:	1b89      	subs	r1, r1, r6
10006dfe:	f7ff ff3d 	bl	10006c7c <fix2float>
10006e02:	bcf0      	pop	{r4, r5, r6, r7}
10006e04:	46bb      	mov	fp, r7
10006e06:	46b2      	mov	sl, r6
10006e08:	46a9      	mov	r9, r5
10006e0a:	46a0      	mov	r8, r4
10006e0c:	bdf8      	pop	{r3, r4, r5, r6, r7, pc}
10006e0e:	20ff      	movs	r0, #255	; 0xff
10006e10:	05c0      	lsls	r0, r0, #23
10006e12:	e7f6      	b.n	10006e02 <__wrap_remquof+0xde>
10006e14:	2000      	movs	r0, #0
10006e16:	e7f4      	b.n	10006e02 <__wrap_remquof+0xde>
10006e18:	07cb      	lsls	r3, r1, #31
10006e1a:	d5e6      	bpl.n	10006dea <__wrap_remquof+0xc6>
10006e1c:	464b      	mov	r3, r9
10006e1e:	3101      	adds	r1, #1
10006e20:	1ae4      	subs	r4, r4, r3
10006e22:	e7e2      	b.n	10006dea <__wrap_remquof+0xc6>
10006e24:	428c      	cmp	r4, r1
10006e26:	ddec      	ble.n	10006e02 <__wrap_remquof+0xde>
10006e28:	4663      	mov	r3, ip
10006e2a:	2b00      	cmp	r3, #0
10006e2c:	d113      	bne.n	10006e56 <__wrap_remquof+0x132>
10006e2e:	004b      	lsls	r3, r1, #1
10006e30:	002e      	movs	r6, r5
10006e32:	2101      	movs	r1, #1
10006e34:	1ae4      	subs	r4, r4, r3
10006e36:	e7d8      	b.n	10006dea <__wrap_remquof+0xc6>
10006e38:	1bad      	subs	r5, r5, r6
10006e3a:	2d00      	cmp	r5, #0
10006e3c:	dca8      	bgt.n	10006d90 <__wrap_remquof+0x6c>
10006e3e:	428c      	cmp	r4, r1
10006e40:	da11      	bge.n	10006e66 <__wrap_remquof+0x142>
10006e42:	2100      	movs	r1, #0
10006e44:	e7cd      	b.n	10006de2 <__wrap_remquof+0xbe>
10006e46:	2c00      	cmp	r4, #0
10006e48:	dacb      	bge.n	10006de2 <__wrap_remquof+0xbe>
10006e4a:	464b      	mov	r3, r9
10006e4c:	18e4      	adds	r4, r4, r3
10006e4e:	d508      	bpl.n	10006e62 <__wrap_remquof+0x13e>
10006e50:	444c      	add	r4, r9
10006e52:	3902      	subs	r1, #2
10006e54:	e7c5      	b.n	10006de2 <__wrap_remquof+0xbe>
10006e56:	004b      	lsls	r3, r1, #1
10006e58:	2101      	movs	r1, #1
10006e5a:	002e      	movs	r6, r5
10006e5c:	1b1c      	subs	r4, r3, r4
10006e5e:	4249      	negs	r1, r1
10006e60:	e7c3      	b.n	10006dea <__wrap_remquof+0xc6>
10006e62:	3901      	subs	r1, #1
10006e64:	e7bd      	b.n	10006de2 <__wrap_remquof+0xbe>
10006e66:	464b      	mov	r3, r9
10006e68:	2100      	movs	r1, #0
10006e6a:	1ae4      	subs	r4, r4, r3
10006e6c:	3101      	adds	r1, #1
10006e6e:	e7b8      	b.n	10006de2 <__wrap_remquof+0xbe>

10006e70 <__wrap_remainderf>:
10006e70:	b510      	push	{r4, lr}
10006e72:	2200      	movs	r2, #0
10006e74:	f7ff ff56 	bl	10006d24 <__wrap_remquof>
10006e78:	bd10      	pop	{r4, pc}
10006e7a:	46c0      	nop			; (mov r8, r8)

10006e7c <float_table_shim_on_use_helper>:
10006e7c:	b507      	push	{r0, r1, r2, lr}
10006e7e:	4660      	mov	r0, ip
10006e80:	8801      	ldrh	r1, [r0, #0]
10006e82:	0a0a      	lsrs	r2, r1, #8
10006e84:	3002      	adds	r0, #2
10006e86:	2adf      	cmp	r2, #223	; 0xdf
10006e88:	d1fa      	bne.n	10006e80 <float_table_shim_on_use_helper+0x4>
10006e8a:	b2c9      	uxtb	r1, r1
10006e8c:	0882      	lsrs	r2, r0, #2
10006e8e:	d304      	bcc.n	10006e9a <float_table_shim_on_use_helper+0x1e>
10006e90:	8802      	ldrh	r2, [r0, #0]
10006e92:	8840      	ldrh	r0, [r0, #2]
10006e94:	0400      	lsls	r0, r0, #16
10006e96:	4310      	orrs	r0, r2
10006e98:	e000      	b.n	10006e9c <float_table_shim_on_use_helper+0x20>
10006e9a:	6800      	ldr	r0, [r0, #0]
10006e9c:	4a01      	ldr	r2, [pc, #4]	; (10006ea4 <float_table_shim_on_use_helper+0x28>)
10006e9e:	5050      	str	r0, [r2, r1]
10006ea0:	9003      	str	r0, [sp, #12]
10006ea2:	bd07      	pop	{r0, r1, r2, pc}
10006ea4:	20001660 	.word	0x20001660

10006ea8 <float2int_shim>:
10006ea8:	2100      	movs	r1, #0

10006eaa <float2fix_shim>:
10006eaa:	15c2      	asrs	r2, r0, #23
10006eac:	3280      	adds	r2, #128	; 0x80
10006eae:	3280      	adds	r2, #128	; 0x80
10006eb0:	d001      	beq.n	10006eb6 <float2fix_shim+0xc>
10006eb2:	4a02      	ldr	r2, [pc, #8]	; (10006ebc <float2fix_shim+0x12>)
10006eb4:	4710      	bx	r2
10006eb6:	2000      	movs	r0, #0
10006eb8:	4770      	bx	lr
10006eba:	0000      	.short	0x0000
10006ebc:	00002acd 	.word	0x00002acd

10006ec0 <float2double_shim>:
10006ec0:	0fc3      	lsrs	r3, r0, #31
10006ec2:	07db      	lsls	r3, r3, #31
10006ec4:	0041      	lsls	r1, r0, #1
10006ec6:	0e0a      	lsrs	r2, r1, #24
10006ec8:	d007      	beq.n	10006eda <float2double_shim+0x1a>
10006eca:	2aff      	cmp	r2, #255	; 0xff
10006ecc:	d008      	beq.n	10006ee0 <float2double_shim+0x20>
10006ece:	0909      	lsrs	r1, r1, #4
10006ed0:	4a05      	ldr	r2, [pc, #20]	; (10006ee8 <float2double_shim+0x28>)
10006ed2:	1889      	adds	r1, r1, r2
10006ed4:	4319      	orrs	r1, r3
10006ed6:	0740      	lsls	r0, r0, #29
10006ed8:	4770      	bx	lr
10006eda:	0019      	movs	r1, r3
10006edc:	2000      	movs	r0, #0
10006ede:	4770      	bx	lr
10006ee0:	4902      	ldr	r1, [pc, #8]	; (10006eec <float2double_shim+0x2c>)
10006ee2:	18c9      	adds	r1, r1, r3
10006ee4:	e7fa      	b.n	10006edc <float2double_shim+0x1c>
10006ee6:	0000      	.short	0x0000
10006ee8:	38000000 	.word	0x38000000
10006eec:	7ff00000 	.word	0x7ff00000

10006ef0 <__aeabi_mem_init>:
10006ef0:	4801      	ldr	r0, [pc, #4]	; (10006ef8 <__aeabi_mem_init+0x8>)
10006ef2:	2104      	movs	r1, #4
10006ef4:	4b01      	ldr	r3, [pc, #4]	; (10006efc <__aeabi_mem_init+0xc>)
10006ef6:	4718      	bx	r3
10006ef8:	20000fd0 	.word	0x20000fd0
10006efc:	10005dfd 	.word	0x10005dfd

10006f00 <__wrap_memset>:
10006f00:	4b01      	ldr	r3, [pc, #4]	; (10006f08 <__wrap_memset+0x8>)
10006f02:	681b      	ldr	r3, [r3, #0]
10006f04:	4718      	bx	r3
10006f06:	0000      	.short	0x0000
10006f08:	20000fd0 	.word	0x20000fd0

10006f0c <__wrap___aeabi_memcpy>:
10006f0c:	4b01      	ldr	r3, [pc, #4]	; (10006f14 <__wrap___aeabi_memcpy+0x8>)
10006f0e:	685b      	ldr	r3, [r3, #4]
10006f10:	4718      	bx	r3
10006f12:	0000      	.short	0x0000
10006f14:	20000fd0 	.word	0x20000fd0

10006f18 <stdio_out_chars_no_crlf>:
10006f18:	0003      	movs	r3, r0
10006f1a:	b510      	push	{r4, lr}
10006f1c:	0008      	movs	r0, r1
10006f1e:	0011      	movs	r1, r2
10006f20:	681b      	ldr	r3, [r3, #0]
10006f22:	4798      	blx	r3
10006f24:	bd10      	pop	{r4, pc}
10006f26:	46c0      	nop			; (mov r8, r8)

10006f28 <stdio_out_chars_crlf>:
10006f28:	b5f0      	push	{r4, r5, r6, r7, lr}
10006f2a:	4646      	mov	r6, r8
10006f2c:	464f      	mov	r7, r9
10006f2e:	46d6      	mov	lr, sl
10006f30:	b5c0      	push	{r6, r7, lr}
10006f32:	7d43      	ldrb	r3, [r0, #21]
10006f34:	4680      	mov	r8, r0
10006f36:	000e      	movs	r6, r1
10006f38:	0017      	movs	r7, r2
10006f3a:	2b00      	cmp	r3, #0
10006f3c:	d046      	beq.n	10006fcc <stdio_out_chars_crlf+0xa4>
10006f3e:	2a00      	cmp	r2, #0
10006f40:	dd3f      	ble.n	10006fc2 <stdio_out_chars_crlf+0x9a>
10006f42:	1e4b      	subs	r3, r1, #1
10006f44:	4699      	mov	r9, r3
10006f46:	4b24      	ldr	r3, [pc, #144]	; (10006fd8 <stdio_out_chars_crlf+0xb0>)
10006f48:	2501      	movs	r5, #1
10006f4a:	2400      	movs	r4, #0
10006f4c:	2000      	movs	r0, #0
10006f4e:	469a      	mov	sl, r3
10006f50:	e00d      	b.n	10006f6e <stdio_out_chars_crlf+0x46>
10006f52:	464b      	mov	r3, r9
10006f54:	5d1b      	ldrb	r3, [r3, r4]
10006f56:	3b0d      	subs	r3, #13
10006f58:	425a      	negs	r2, r3
10006f5a:	4153      	adcs	r3, r2
10006f5c:	5d32      	ldrb	r2, [r6, r4]
10006f5e:	b2db      	uxtb	r3, r3
10006f60:	2a0a      	cmp	r2, #10
10006f62:	d00b      	beq.n	10006f7c <stdio_out_chars_crlf+0x54>
10006f64:	002b      	movs	r3, r5
10006f66:	3401      	adds	r4, #1
10006f68:	3501      	adds	r5, #1
10006f6a:	429f      	cmp	r7, r3
10006f6c:	dd1a      	ble.n	10006fa4 <stdio_out_chars_crlf+0x7c>
10006f6e:	2c00      	cmp	r4, #0
10006f70:	d1ef      	bne.n	10006f52 <stdio_out_chars_crlf+0x2a>
10006f72:	4643      	mov	r3, r8
10006f74:	5d32      	ldrb	r2, [r6, r4]
10006f76:	7d1b      	ldrb	r3, [r3, #20]
10006f78:	2a0a      	cmp	r2, #10
10006f7a:	d1f3      	bne.n	10006f64 <stdio_out_chars_crlf+0x3c>
10006f7c:	2b00      	cmp	r3, #0
10006f7e:	d1f1      	bne.n	10006f64 <stdio_out_chars_crlf+0x3c>
10006f80:	42a0      	cmp	r0, r4
10006f82:	da04      	bge.n	10006f8e <stdio_out_chars_crlf+0x66>
10006f84:	4643      	mov	r3, r8
10006f86:	1a21      	subs	r1, r4, r0
10006f88:	681b      	ldr	r3, [r3, #0]
10006f8a:	1830      	adds	r0, r6, r0
10006f8c:	4798      	blx	r3
10006f8e:	4643      	mov	r3, r8
10006f90:	4650      	mov	r0, sl
10006f92:	681b      	ldr	r3, [r3, #0]
10006f94:	2102      	movs	r1, #2
10006f96:	4798      	blx	r3
10006f98:	3401      	adds	r4, #1
10006f9a:	0028      	movs	r0, r5
10006f9c:	002b      	movs	r3, r5
10006f9e:	3501      	adds	r5, #1
10006fa0:	429f      	cmp	r7, r3
10006fa2:	dce4      	bgt.n	10006f6e <stdio_out_chars_crlf+0x46>
10006fa4:	4287      	cmp	r7, r0
10006fa6:	dd04      	ble.n	10006fb2 <stdio_out_chars_crlf+0x8a>
10006fa8:	4643      	mov	r3, r8
10006faa:	1a39      	subs	r1, r7, r0
10006fac:	681b      	ldr	r3, [r3, #0]
10006fae:	1830      	adds	r0, r6, r0
10006fb0:	4798      	blx	r3
10006fb2:	19f6      	adds	r6, r6, r7
10006fb4:	3e01      	subs	r6, #1
10006fb6:	7833      	ldrb	r3, [r6, #0]
10006fb8:	3b0d      	subs	r3, #13
10006fba:	425a      	negs	r2, r3
10006fbc:	4153      	adcs	r3, r2
10006fbe:	4642      	mov	r2, r8
10006fc0:	7513      	strb	r3, [r2, #20]
10006fc2:	bce0      	pop	{r5, r6, r7}
10006fc4:	46ba      	mov	sl, r7
10006fc6:	46b1      	mov	r9, r6
10006fc8:	46a8      	mov	r8, r5
10006fca:	bdf0      	pop	{r4, r5, r6, r7, pc}
10006fcc:	6803      	ldr	r3, [r0, #0]
10006fce:	0011      	movs	r1, r2
10006fd0:	0030      	movs	r0, r6
10006fd2:	4798      	blx	r3
10006fd4:	e7f5      	b.n	10006fc2 <stdio_out_chars_crlf+0x9a>
10006fd6:	46c0      	nop			; (mov r8, r8)
10006fd8:	1000a5b8 	.word	0x1000a5b8

10006fdc <stdio_put_string.isra.0>:
10006fdc:	b5f0      	push	{r4, r5, r6, r7, lr}
10006fde:	46de      	mov	lr, fp
10006fe0:	4657      	mov	r7, sl
10006fe2:	464e      	mov	r6, r9
10006fe4:	4645      	mov	r5, r8
10006fe6:	b5e0      	push	{r5, r6, r7, lr}
10006fe8:	b085      	sub	sp, #20
10006fea:	0017      	movs	r7, r2
10006fec:	001c      	movs	r4, r3
10006fee:	0006      	movs	r6, r0
10006ff0:	000d      	movs	r5, r1
10006ff2:	f7fc fe85 	bl	10003d00 <time_us_64>
10006ff6:	2300      	movs	r3, #0
10006ff8:	4a30      	ldr	r2, [pc, #192]	; (100070bc <stdio_put_string.isra.0+0xe0>)
10006ffa:	1812      	adds	r2, r2, r0
10006ffc:	414b      	adcs	r3, r1
10006ffe:	2b00      	cmp	r3, #0
10007000:	db58      	blt.n	100070b4 <stdio_put_string.isra.0+0xd8>
10007002:	492f      	ldr	r1, [pc, #188]	; (100070c0 <stdio_put_string.isra.0+0xe4>)
10007004:	0008      	movs	r0, r1
10007006:	468a      	mov	sl, r1
10007008:	f002 fd92 	bl	10009b30 <__mutex_try_enter_block_until_veneer>
1000700c:	9001      	str	r0, [sp, #4]
1000700e:	1c6b      	adds	r3, r5, #1
10007010:	d103      	bne.n	1000701a <stdio_put_string.isra.0+0x3e>
10007012:	0030      	movs	r0, r6
10007014:	f002 fa2a 	bl	1000946c <strlen>
10007018:	0005      	movs	r5, r0
1000701a:	2c00      	cmp	r4, #0
1000701c:	d125      	bne.n	1000706a <stdio_put_string.isra.0+0x8e>
1000701e:	4b29      	ldr	r3, [pc, #164]	; (100070c4 <stdio_put_string.isra.0+0xe8>)
10007020:	4698      	mov	r8, r3
10007022:	4b29      	ldr	r3, [pc, #164]	; (100070c8 <stdio_put_string.isra.0+0xec>)
10007024:	681c      	ldr	r4, [r3, #0]
10007026:	2c00      	cmp	r4, #0
10007028:	d015      	beq.n	10007056 <stdio_put_string.isra.0+0x7a>
1000702a:	2f00      	cmp	r7, #0
1000702c:	d120      	bne.n	10007070 <stdio_put_string.isra.0+0x94>
1000702e:	4f27      	ldr	r7, [pc, #156]	; (100070cc <stdio_put_string.isra.0+0xf0>)
10007030:	e002      	b.n	10007038 <stdio_put_string.isra.0+0x5c>
10007032:	6924      	ldr	r4, [r4, #16]
10007034:	2c00      	cmp	r4, #0
10007036:	d00e      	beq.n	10007056 <stdio_put_string.isra.0+0x7a>
10007038:	6823      	ldr	r3, [r4, #0]
1000703a:	2b00      	cmp	r3, #0
1000703c:	d0f9      	beq.n	10007032 <stdio_put_string.isra.0+0x56>
1000703e:	683b      	ldr	r3, [r7, #0]
10007040:	2b00      	cmp	r3, #0
10007042:	d001      	beq.n	10007048 <stdio_put_string.isra.0+0x6c>
10007044:	42a3      	cmp	r3, r4
10007046:	d1f4      	bne.n	10007032 <stdio_put_string.isra.0+0x56>
10007048:	0020      	movs	r0, r4
1000704a:	002a      	movs	r2, r5
1000704c:	0031      	movs	r1, r6
1000704e:	47c0      	blx	r8
10007050:	6924      	ldr	r4, [r4, #16]
10007052:	2c00      	cmp	r4, #0
10007054:	d1f0      	bne.n	10007038 <stdio_put_string.isra.0+0x5c>
10007056:	9b01      	ldr	r3, [sp, #4]
10007058:	2b00      	cmp	r3, #0
1000705a:	d127      	bne.n	100070ac <stdio_put_string.isra.0+0xd0>
1000705c:	b005      	add	sp, #20
1000705e:	bcf0      	pop	{r4, r5, r6, r7}
10007060:	46bb      	mov	fp, r7
10007062:	46b2      	mov	sl, r6
10007064:	46a9      	mov	r9, r5
10007066:	46a0      	mov	r8, r4
10007068:	bdf0      	pop	{r4, r5, r6, r7, pc}
1000706a:	4b19      	ldr	r3, [pc, #100]	; (100070d0 <stdio_put_string.isra.0+0xf4>)
1000706c:	4698      	mov	r8, r3
1000706e:	e7d8      	b.n	10007022 <stdio_put_string.isra.0+0x46>
10007070:	4b16      	ldr	r3, [pc, #88]	; (100070cc <stdio_put_string.isra.0+0xf0>)
10007072:	4699      	mov	r9, r3
10007074:	ab02      	add	r3, sp, #8
10007076:	1ddf      	adds	r7, r3, #7
10007078:	230a      	movs	r3, #10
1000707a:	469b      	mov	fp, r3
1000707c:	e002      	b.n	10007084 <stdio_put_string.isra.0+0xa8>
1000707e:	6924      	ldr	r4, [r4, #16]
10007080:	2c00      	cmp	r4, #0
10007082:	d0e8      	beq.n	10007056 <stdio_put_string.isra.0+0x7a>
10007084:	6823      	ldr	r3, [r4, #0]
10007086:	2b00      	cmp	r3, #0
10007088:	d0f9      	beq.n	1000707e <stdio_put_string.isra.0+0xa2>
1000708a:	464b      	mov	r3, r9
1000708c:	681b      	ldr	r3, [r3, #0]
1000708e:	2b00      	cmp	r3, #0
10007090:	d001      	beq.n	10007096 <stdio_put_string.isra.0+0xba>
10007092:	42a3      	cmp	r3, r4
10007094:	d1f3      	bne.n	1000707e <stdio_put_string.isra.0+0xa2>
10007096:	002a      	movs	r2, r5
10007098:	0031      	movs	r1, r6
1000709a:	0020      	movs	r0, r4
1000709c:	47c0      	blx	r8
1000709e:	465b      	mov	r3, fp
100070a0:	2201      	movs	r2, #1
100070a2:	0039      	movs	r1, r7
100070a4:	0020      	movs	r0, r4
100070a6:	703b      	strb	r3, [r7, #0]
100070a8:	47c0      	blx	r8
100070aa:	e7e8      	b.n	1000707e <stdio_put_string.isra.0+0xa2>
100070ac:	4650      	mov	r0, sl
100070ae:	f002 fd07 	bl	10009ac0 <__mutex_exit_veneer>
100070b2:	e7d3      	b.n	1000705c <stdio_put_string.isra.0+0x80>
100070b4:	2201      	movs	r2, #1
100070b6:	4b07      	ldr	r3, [pc, #28]	; (100070d4 <stdio_put_string.isra.0+0xf8>)
100070b8:	4252      	negs	r2, r2
100070ba:	e7a2      	b.n	10007002 <stdio_put_string.isra.0+0x26>
100070bc:	000f4240 	.word	0x000f4240
100070c0:	20001440 	.word	0x20001440
100070c4:	10006f29 	.word	0x10006f29
100070c8:	200027fc 	.word	0x200027fc
100070cc:	20002804 	.word	0x20002804
100070d0:	10006f19 	.word	0x10006f19
100070d4:	7fffffff 	.word	0x7fffffff

100070d8 <__wrap_putchar>:
100070d8:	b5f0      	push	{r4, r5, r6, r7, lr}
100070da:	46ce      	mov	lr, r9
100070dc:	4647      	mov	r7, r8
100070de:	b580      	push	{r7, lr}
100070e0:	b083      	sub	sp, #12
100070e2:	466b      	mov	r3, sp
100070e4:	0006      	movs	r6, r0
100070e6:	1ddd      	adds	r5, r3, #7
100070e8:	7028      	strb	r0, [r5, #0]
100070ea:	f7fc fe09 	bl	10003d00 <time_us_64>
100070ee:	2300      	movs	r3, #0
100070f0:	4a1a      	ldr	r2, [pc, #104]	; (1000715c <__wrap_putchar+0x84>)
100070f2:	1812      	adds	r2, r2, r0
100070f4:	414b      	adcs	r3, r1
100070f6:	2b00      	cmp	r3, #0
100070f8:	db2b      	blt.n	10007152 <__wrap_putchar+0x7a>
100070fa:	4919      	ldr	r1, [pc, #100]	; (10007160 <__wrap_putchar+0x88>)
100070fc:	0008      	movs	r0, r1
100070fe:	4688      	mov	r8, r1
10007100:	f002 fd16 	bl	10009b30 <__mutex_try_enter_block_until_veneer>
10007104:	4b17      	ldr	r3, [pc, #92]	; (10007164 <__wrap_putchar+0x8c>)
10007106:	4681      	mov	r9, r0
10007108:	681c      	ldr	r4, [r3, #0]
1000710a:	2c00      	cmp	r4, #0
1000710c:	d014      	beq.n	10007138 <__wrap_putchar+0x60>
1000710e:	4f16      	ldr	r7, [pc, #88]	; (10007168 <__wrap_putchar+0x90>)
10007110:	e002      	b.n	10007118 <__wrap_putchar+0x40>
10007112:	6924      	ldr	r4, [r4, #16]
10007114:	2c00      	cmp	r4, #0
10007116:	d00f      	beq.n	10007138 <__wrap_putchar+0x60>
10007118:	6823      	ldr	r3, [r4, #0]
1000711a:	2b00      	cmp	r3, #0
1000711c:	d0f9      	beq.n	10007112 <__wrap_putchar+0x3a>
1000711e:	683b      	ldr	r3, [r7, #0]
10007120:	2b00      	cmp	r3, #0
10007122:	d001      	beq.n	10007128 <__wrap_putchar+0x50>
10007124:	42a3      	cmp	r3, r4
10007126:	d1f4      	bne.n	10007112 <__wrap_putchar+0x3a>
10007128:	0020      	movs	r0, r4
1000712a:	2201      	movs	r2, #1
1000712c:	0029      	movs	r1, r5
1000712e:	f7ff fefb 	bl	10006f28 <stdio_out_chars_crlf>
10007132:	6924      	ldr	r4, [r4, #16]
10007134:	2c00      	cmp	r4, #0
10007136:	d1ef      	bne.n	10007118 <__wrap_putchar+0x40>
10007138:	464b      	mov	r3, r9
1000713a:	2b00      	cmp	r3, #0
1000713c:	d105      	bne.n	1000714a <__wrap_putchar+0x72>
1000713e:	0030      	movs	r0, r6
10007140:	b003      	add	sp, #12
10007142:	bcc0      	pop	{r6, r7}
10007144:	46b9      	mov	r9, r7
10007146:	46b0      	mov	r8, r6
10007148:	bdf0      	pop	{r4, r5, r6, r7, pc}
1000714a:	4640      	mov	r0, r8
1000714c:	f002 fcb8 	bl	10009ac0 <__mutex_exit_veneer>
10007150:	e7f5      	b.n	1000713e <__wrap_putchar+0x66>
10007152:	2201      	movs	r2, #1
10007154:	4b05      	ldr	r3, [pc, #20]	; (1000716c <__wrap_putchar+0x94>)
10007156:	4252      	negs	r2, r2
10007158:	e7cf      	b.n	100070fa <__wrap_putchar+0x22>
1000715a:	46c0      	nop			; (mov r8, r8)
1000715c:	000f4240 	.word	0x000f4240
10007160:	20001440 	.word	0x20001440
10007164:	200027fc 	.word	0x200027fc
10007168:	20002804 	.word	0x20002804
1000716c:	7fffffff 	.word	0x7fffffff

10007170 <__wrap_puts>:
10007170:	b570      	push	{r4, r5, r6, lr}
10007172:	0004      	movs	r4, r0
10007174:	f002 f97a 	bl	1000946c <strlen>
10007178:	2300      	movs	r3, #0
1000717a:	0001      	movs	r1, r0
1000717c:	0005      	movs	r5, r0
1000717e:	2201      	movs	r2, #1
10007180:	0020      	movs	r0, r4
10007182:	f7ff ff2b 	bl	10006fdc <stdio_put_string.isra.0>
10007186:	4b08      	ldr	r3, [pc, #32]	; (100071a8 <__wrap_puts+0x38>)
10007188:	681c      	ldr	r4, [r3, #0]
1000718a:	2c00      	cmp	r4, #0
1000718c:	d006      	beq.n	1000719c <__wrap_puts+0x2c>
1000718e:	6863      	ldr	r3, [r4, #4]
10007190:	2b00      	cmp	r3, #0
10007192:	d005      	beq.n	100071a0 <__wrap_puts+0x30>
10007194:	4798      	blx	r3
10007196:	6924      	ldr	r4, [r4, #16]
10007198:	2c00      	cmp	r4, #0
1000719a:	d1f8      	bne.n	1000718e <__wrap_puts+0x1e>
1000719c:	0028      	movs	r0, r5
1000719e:	bd70      	pop	{r4, r5, r6, pc}
100071a0:	6924      	ldr	r4, [r4, #16]
100071a2:	2c00      	cmp	r4, #0
100071a4:	d1f3      	bne.n	1000718e <__wrap_puts+0x1e>
100071a6:	e7f9      	b.n	1000719c <__wrap_puts+0x2c>
100071a8:	200027fc 	.word	0x200027fc

100071ac <stdio_init_all>:
100071ac:	2000      	movs	r0, #0
100071ae:	4770      	bx	lr

100071b0 <core1_trampoline>:
100071b0:	bd03      	pop	{r0, r1, pc}
100071b2:	46c0      	nop			; (mov r8, r8)

100071b4 <core1_wrapper>:
100071b4:	b510      	push	{r4, lr}
100071b6:	0004      	movs	r4, r0
100071b8:	f7fc f978 	bl	100034ac <irq_init_priorities>
100071bc:	47a0      	blx	r4
100071be:	bd10      	pop	{r4, pc}

100071c0 <multicore_launch_core1_raw>:
100071c0:	b5f0      	push	{r4, r5, r6, r7, lr}
100071c2:	0004      	movs	r4, r0
100071c4:	b087      	sub	sp, #28
100071c6:	200f      	movs	r0, #15
100071c8:	000e      	movs	r6, r1
100071ca:	0017      	movs	r7, r2
100071cc:	f7fb ff0a 	bl	10002fe4 <irq_is_enabled>
100071d0:	2100      	movs	r1, #0
100071d2:	0005      	movs	r5, r0
100071d4:	200f      	movs	r0, #15
100071d6:	f7fb fef3 	bl	10002fc0 <irq_set_enabled>
100071da:	2300      	movs	r3, #0
100071dc:	2200      	movs	r2, #0
100071de:	9200      	str	r2, [sp, #0]
100071e0:	9301      	str	r3, [sp, #4]
100071e2:	2301      	movs	r3, #1
100071e4:	9302      	str	r3, [sp, #8]
100071e6:	23d0      	movs	r3, #208	; 0xd0
100071e8:	9604      	str	r6, [sp, #16]
100071ea:	9405      	str	r4, [sp, #20]
100071ec:	2600      	movs	r6, #0
100071ee:	2400      	movs	r4, #0
100071f0:	2101      	movs	r1, #1
100071f2:	2002      	movs	r0, #2
100071f4:	9703      	str	r7, [sp, #12]
100071f6:	061b      	lsls	r3, r3, #24
100071f8:	2c00      	cmp	r4, #0
100071fa:	d014      	beq.n	10007226 <multicore_launch_core1_raw+0x66>
100071fc:	6d1a      	ldr	r2, [r3, #80]	; 0x50
100071fe:	4210      	tst	r0, r2
10007200:	d0fc      	beq.n	100071fc <multicore_launch_core1_raw+0x3c>
10007202:	655c      	str	r4, [r3, #84]	; 0x54
10007204:	bf40      	sev
10007206:	6d1a      	ldr	r2, [r3, #80]	; 0x50
10007208:	4211      	tst	r1, r2
1000720a:	d103      	bne.n	10007214 <multicore_launch_core1_raw+0x54>
1000720c:	bf20      	wfe
1000720e:	6d1a      	ldr	r2, [r3, #80]	; 0x50
10007210:	4211      	tst	r1, r2
10007212:	d0fb      	beq.n	1000720c <multicore_launch_core1_raw+0x4c>
10007214:	6d9a      	ldr	r2, [r3, #88]	; 0x58
10007216:	42a2      	cmp	r2, r4
10007218:	d00a      	beq.n	10007230 <multicore_launch_core1_raw+0x70>
1000721a:	2600      	movs	r6, #0
1000721c:	466c      	mov	r4, sp
1000721e:	00b2      	lsls	r2, r6, #2
10007220:	58a4      	ldr	r4, [r4, r2]
10007222:	e7e9      	b.n	100071f8 <multicore_launch_core1_raw+0x38>
10007224:	6d9a      	ldr	r2, [r3, #88]	; 0x58
10007226:	6d1a      	ldr	r2, [r3, #80]	; 0x50
10007228:	4211      	tst	r1, r2
1000722a:	d1fb      	bne.n	10007224 <multicore_launch_core1_raw+0x64>
1000722c:	bf40      	sev
1000722e:	e7e5      	b.n	100071fc <multicore_launch_core1_raw+0x3c>
10007230:	3601      	adds	r6, #1
10007232:	2e05      	cmp	r6, #5
10007234:	d9f2      	bls.n	1000721c <multicore_launch_core1_raw+0x5c>
10007236:	0029      	movs	r1, r5
10007238:	200f      	movs	r0, #15
1000723a:	f7fb fec1 	bl	10002fc0 <irq_set_enabled>
1000723e:	b007      	add	sp, #28
10007240:	bdf0      	pop	{r4, r5, r6, r7, pc}
10007242:	46c0      	nop			; (mov r8, r8)

10007244 <multicore_launch_core1>:
10007244:	4b0b      	ldr	r3, [pc, #44]	; (10007274 <multicore_launch_core1+0x30>)
10007246:	4a0c      	ldr	r2, [pc, #48]	; (10007278 <multicore_launch_core1+0x34>)
10007248:	b510      	push	{r4, lr}
1000724a:	4293      	cmp	r3, r2
1000724c:	d201      	bcs.n	10007252 <multicore_launch_core1+0xe>
1000724e:	2301      	movs	r3, #1
10007250:	425b      	negs	r3, r3
10007252:	0019      	movs	r1, r3
10007254:	4a09      	ldr	r2, [pc, #36]	; (1000727c <multicore_launch_core1+0x38>)
10007256:	5098      	str	r0, [r3, r2]
10007258:	3204      	adds	r2, #4
1000725a:	509b      	str	r3, [r3, r2]
1000725c:	4a08      	ldr	r2, [pc, #32]	; (10007280 <multicore_launch_core1+0x3c>)
1000725e:	4b09      	ldr	r3, [pc, #36]	; (10007284 <multicore_launch_core1+0x40>)
10007260:	4809      	ldr	r0, [pc, #36]	; (10007288 <multicore_launch_core1+0x44>)
10007262:	50ca      	str	r2, [r1, r3]
10007264:	4b09      	ldr	r3, [pc, #36]	; (1000728c <multicore_launch_core1+0x48>)
10007266:	689a      	ldr	r2, [r3, #8]
10007268:	4b04      	ldr	r3, [pc, #16]	; (1000727c <multicore_launch_core1+0x38>)
1000726a:	469c      	mov	ip, r3
1000726c:	4461      	add	r1, ip
1000726e:	f7ff ffa7 	bl	100071c0 <multicore_launch_core1_raw>
10007272:	bd10      	pop	{r4, pc}
10007274:	20040800 	.word	0x20040800
10007278:	20040000 	.word	0x20040000
1000727c:	000007f4 	.word	0x000007f4
10007280:	100071b5 	.word	0x100071b5
10007284:	000007fc 	.word	0x000007fc
10007288:	100071b1 	.word	0x100071b1
1000728c:	e000ed00 	.word	0xe000ed00

10007290 <adc_init>:
10007290:	2301      	movs	r3, #1
10007292:	2101      	movs	r1, #1
10007294:	4a08      	ldr	r2, [pc, #32]	; (100072b8 <adc_init+0x28>)
10007296:	6013      	str	r3, [r2, #0]
10007298:	4a08      	ldr	r2, [pc, #32]	; (100072bc <adc_init+0x2c>)
1000729a:	6013      	str	r3, [r2, #0]
1000729c:	4a08      	ldr	r2, [pc, #32]	; (100072c0 <adc_init+0x30>)
1000729e:	0008      	movs	r0, r1
100072a0:	6893      	ldr	r3, [r2, #8]
100072a2:	4398      	bics	r0, r3
100072a4:	d1fb      	bne.n	1000729e <adc_init+0xe>
100072a6:	4a07      	ldr	r2, [pc, #28]	; (100072c4 <adc_init+0x34>)
100072a8:	6011      	str	r1, [r2, #0]
100072aa:	2180      	movs	r1, #128	; 0x80
100072ac:	0049      	lsls	r1, r1, #1
100072ae:	6813      	ldr	r3, [r2, #0]
100072b0:	420b      	tst	r3, r1
100072b2:	d0fc      	beq.n	100072ae <adc_init+0x1e>
100072b4:	4770      	bx	lr
100072b6:	46c0      	nop			; (mov r8, r8)
100072b8:	4000e000 	.word	0x4000e000
100072bc:	4000f000 	.word	0x4000f000
100072c0:	4000c000 	.word	0x4000c000
100072c4:	4004c000 	.word	0x4004c000

100072c8 <pio_add_program>:
100072c8:	b5f0      	push	{r4, r5, r6, r7, lr}
100072ca:	46d6      	mov	lr, sl
100072cc:	464f      	mov	r7, r9
100072ce:	4646      	mov	r6, r8
100072d0:	4688      	mov	r8, r1
100072d2:	b5c0      	push	{r6, r7, lr}
100072d4:	2405      	movs	r4, #5
100072d6:	0006      	movs	r6, r0
100072d8:	f7fb fdc2 	bl	10002e60 <hw_claim_lock>
100072dc:	4643      	mov	r3, r8
100072de:	791f      	ldrb	r7, [r3, #4]
100072e0:	571c      	ldrsb	r4, [r3, r4]
100072e2:	4b28      	ldr	r3, [pc, #160]	; (10007384 <pio_add_program+0xbc>)
100072e4:	4681      	mov	r9, r0
100072e6:	18f0      	adds	r0, r6, r3
100072e8:	4243      	negs	r3, r0
100072ea:	4158      	adcs	r0, r3
100072ec:	4b26      	ldr	r3, [pc, #152]	; (10007388 <pio_add_program+0xc0>)
100072ee:	469a      	mov	sl, r3
100072f0:	0083      	lsls	r3, r0, #2
100072f2:	469c      	mov	ip, r3
100072f4:	4653      	mov	r3, sl
100072f6:	4662      	mov	r2, ip
100072f8:	5898      	ldr	r0, [r3, r2]
100072fa:	2201      	movs	r2, #1
100072fc:	2320      	movs	r3, #32
100072fe:	40ba      	lsls	r2, r7
10007300:	1bdb      	subs	r3, r3, r7
10007302:	3a01      	subs	r2, #1
10007304:	2c00      	cmp	r4, #0
10007306:	db32      	blt.n	1000736e <pio_add_program+0xa6>
10007308:	429c      	cmp	r4, r3
1000730a:	dc2d      	bgt.n	10007368 <pio_add_program+0xa0>
1000730c:	40a2      	lsls	r2, r4
1000730e:	0015      	movs	r5, r2
10007310:	4210      	tst	r0, r2
10007312:	d129      	bne.n	10007368 <pio_add_program+0xa0>
10007314:	2f00      	cmp	r7, #0
10007316:	d01a      	beq.n	1000734e <pio_add_program+0x86>
10007318:	4643      	mov	r3, r8
1000731a:	785a      	ldrb	r2, [r3, #1]
1000731c:	7819      	ldrb	r1, [r3, #0]
1000731e:	0212      	lsls	r2, r2, #8
10007320:	4311      	orrs	r1, r2
10007322:	4642      	mov	r2, r8
10007324:	789b      	ldrb	r3, [r3, #2]
10007326:	78d2      	ldrb	r2, [r2, #3]
10007328:	041b      	lsls	r3, r3, #16
1000732a:	430b      	orrs	r3, r1
1000732c:	0612      	lsls	r2, r2, #24
1000732e:	431a      	orrs	r2, r3
10007330:	4690      	mov	r8, r2
10007332:	2200      	movs	r2, #0
10007334:	4641      	mov	r1, r8
10007336:	0053      	lsls	r3, r2, #1
10007338:	5ac9      	ldrh	r1, [r1, r3]
1000733a:	0b4b      	lsrs	r3, r1, #13
1000733c:	d100      	bne.n	10007340 <pio_add_program+0x78>
1000733e:	1909      	adds	r1, r1, r4
10007340:	1913      	adds	r3, r2, r4
10007342:	3312      	adds	r3, #18
10007344:	009b      	lsls	r3, r3, #2
10007346:	3201      	adds	r2, #1
10007348:	5199      	str	r1, [r3, r6]
1000734a:	4297      	cmp	r7, r2
1000734c:	d8f2      	bhi.n	10007334 <pio_add_program+0x6c>
1000734e:	4653      	mov	r3, sl
10007350:	4662      	mov	r2, ip
10007352:	4305      	orrs	r5, r0
10007354:	509d      	str	r5, [r3, r2]
10007356:	4648      	mov	r0, r9
10007358:	f7fb fd8e 	bl	10002e78 <hw_claim_unlock>
1000735c:	0020      	movs	r0, r4
1000735e:	bce0      	pop	{r5, r6, r7}
10007360:	46ba      	mov	sl, r7
10007362:	46b1      	mov	r9, r6
10007364:	46a8      	mov	r8, r5
10007366:	bdf0      	pop	{r4, r5, r6, r7, pc}
10007368:	4808      	ldr	r0, [pc, #32]	; (1000738c <pio_add_program+0xc4>)
1000736a:	f7fd fa2f 	bl	100047cc <panic>
1000736e:	2b00      	cmp	r3, #0
10007370:	da02      	bge.n	10007378 <pio_add_program+0xb0>
10007372:	e7f9      	b.n	10007368 <pio_add_program+0xa0>
10007374:	3b01      	subs	r3, #1
10007376:	d3f7      	bcc.n	10007368 <pio_add_program+0xa0>
10007378:	0015      	movs	r5, r2
1000737a:	409d      	lsls	r5, r3
1000737c:	001c      	movs	r4, r3
1000737e:	4205      	tst	r5, r0
10007380:	d1f8      	bne.n	10007374 <pio_add_program+0xac>
10007382:	e7c7      	b.n	10007314 <pio_add_program+0x4c>
10007384:	afd00000 	.word	0xafd00000
10007388:	20002678 	.word	0x20002678
1000738c:	1000a5bc 	.word	0x1000a5bc

10007390 <pio_sm_set_consecutive_pindirs>:
10007390:	b5f0      	push	{r4, r5, r6, r7, lr}
10007392:	4657      	mov	r7, sl
10007394:	464e      	mov	r6, r9
10007396:	4645      	mov	r5, r8
10007398:	46de      	mov	lr, fp
1000739a:	4689      	mov	r9, r1
1000739c:	b5e0      	push	{r5, r6, r7, lr}
1000739e:	b083      	sub	sp, #12
100073a0:	a90c      	add	r1, sp, #48	; 0x30
100073a2:	780d      	ldrb	r5, [r1, #0]
100073a4:	4649      	mov	r1, r9
100073a6:	0049      	lsls	r1, r1, #1
100073a8:	4688      	mov	r8, r1
100073aa:	4449      	add	r1, r9
100073ac:	00c9      	lsls	r1, r1, #3
100073ae:	1846      	adds	r6, r0, r1
100073b0:	0037      	movs	r7, r6
100073b2:	0034      	movs	r4, r6
100073b4:	37dc      	adds	r7, #220	; 0xdc
100073b6:	9001      	str	r0, [sp, #4]
100073b8:	6838      	ldr	r0, [r7, #0]
100073ba:	34cc      	adds	r4, #204	; 0xcc
100073bc:	4683      	mov	fp, r0
100073be:	6820      	ldr	r0, [r4, #0]
100073c0:	24c0      	movs	r4, #192	; 0xc0
100073c2:	4682      	mov	sl, r0
100073c4:	9801      	ldr	r0, [sp, #4]
100073c6:	31cc      	adds	r1, #204	; 0xcc
100073c8:	4684      	mov	ip, r0
100073ca:	01a4      	lsls	r4, r4, #6
100073cc:	4461      	add	r1, ip
100073ce:	4321      	orrs	r1, r4
100073d0:	2480      	movs	r4, #128	; 0x80
100073d2:	02a4      	lsls	r4, r4, #10
100073d4:	600c      	str	r4, [r1, #0]
100073d6:	1e69      	subs	r1, r5, #1
100073d8:	418d      	sbcs	r5, r1
100073da:	211f      	movs	r1, #31
100073dc:	426d      	negs	r5, r5
100073de:	400d      	ands	r5, r1
100073e0:	4916      	ldr	r1, [pc, #88]	; (1000743c <pio_sm_set_consecutive_pindirs+0xac>)
100073e2:	468c      	mov	ip, r1
100073e4:	4465      	add	r5, ip
100073e6:	2b05      	cmp	r3, #5
100073e8:	d90e      	bls.n	10007408 <pio_sm_set_consecutive_pindirs+0x78>
100073ea:	21a0      	movs	r1, #160	; 0xa0
100073ec:	0549      	lsls	r1, r1, #21
100073ee:	468c      	mov	ip, r1
100073f0:	211f      	movs	r1, #31
100073f2:	36d8      	adds	r6, #216	; 0xd8
100073f4:	4660      	mov	r0, ip
100073f6:	0154      	lsls	r4, r2, #5
100073f8:	4304      	orrs	r4, r0
100073fa:	3205      	adds	r2, #5
100073fc:	3b05      	subs	r3, #5
100073fe:	603c      	str	r4, [r7, #0]
10007400:	400a      	ands	r2, r1
10007402:	6035      	str	r5, [r6, #0]
10007404:	2b05      	cmp	r3, #5
10007406:	d8f5      	bhi.n	100073f4 <pio_sm_set_consecutive_pindirs+0x64>
10007408:	4641      	mov	r1, r8
1000740a:	0152      	lsls	r2, r2, #5
1000740c:	069b      	lsls	r3, r3, #26
1000740e:	4313      	orrs	r3, r2
10007410:	4449      	add	r1, r9
10007412:	9a01      	ldr	r2, [sp, #4]
10007414:	00c9      	lsls	r1, r1, #3
10007416:	1850      	adds	r0, r2, r1
10007418:	0002      	movs	r2, r0
1000741a:	32dc      	adds	r2, #220	; 0xdc
1000741c:	6013      	str	r3, [r2, #0]
1000741e:	0003      	movs	r3, r0
10007420:	33d8      	adds	r3, #216	; 0xd8
10007422:	601d      	str	r5, [r3, #0]
10007424:	465b      	mov	r3, fp
10007426:	6013      	str	r3, [r2, #0]
10007428:	4653      	mov	r3, sl
1000742a:	30cc      	adds	r0, #204	; 0xcc
1000742c:	6003      	str	r3, [r0, #0]
1000742e:	b003      	add	sp, #12
10007430:	bcf0      	pop	{r4, r5, r6, r7}
10007432:	46bb      	mov	fp, r7
10007434:	46b2      	mov	sl, r6
10007436:	46a9      	mov	r9, r5
10007438:	46a0      	mov	r8, r4
1000743a:	bdf0      	pop	{r4, r5, r6, r7, pc}
1000743c:	0000e080 	.word	0x0000e080

10007440 <pio_sm_init>:
10007440:	b5f0      	push	{r4, r5, r6, r7, lr}
10007442:	2501      	movs	r5, #1
10007444:	408d      	lsls	r5, r1
10007446:	6804      	ldr	r4, [r0, #0]
10007448:	43ac      	bics	r4, r5
1000744a:	004d      	lsls	r5, r1, #1
1000744c:	6004      	str	r4, [r0, #0]
1000744e:	186c      	adds	r4, r5, r1
10007450:	00e4      	lsls	r4, r4, #3
10007452:	1904      	adds	r4, r0, r4
10007454:	0026      	movs	r6, r4
10007456:	36c8      	adds	r6, #200	; 0xc8
10007458:	2b00      	cmp	r3, #0
1000745a:	d028      	beq.n	100074ae <pio_sm_init+0x6e>
1000745c:	681f      	ldr	r7, [r3, #0]
1000745e:	34dc      	adds	r4, #220	; 0xdc
10007460:	6037      	str	r7, [r6, #0]
10007462:	685f      	ldr	r7, [r3, #4]
10007464:	6077      	str	r7, [r6, #4]
10007466:	689f      	ldr	r7, [r3, #8]
10007468:	68db      	ldr	r3, [r3, #12]
1000746a:	60b7      	str	r7, [r6, #8]
1000746c:	6023      	str	r3, [r4, #0]
1000746e:	186d      	adds	r5, r5, r1
10007470:	00eb      	lsls	r3, r5, #3
10007472:	001d      	movs	r5, r3
10007474:	2480      	movs	r4, #128	; 0x80
10007476:	35d0      	adds	r5, #208	; 0xd0
10007478:	1945      	adds	r5, r0, r5
1000747a:	0164      	lsls	r4, r4, #5
1000747c:	432c      	orrs	r4, r5
1000747e:	2580      	movs	r5, #128	; 0x80
10007480:	062d      	lsls	r5, r5, #24
10007482:	6025      	str	r5, [r4, #0]
10007484:	6025      	str	r5, [r4, #0]
10007486:	2501      	movs	r5, #1
10007488:	4c0f      	ldr	r4, [pc, #60]	; (100074c8 <pio_sm_init+0x88>)
1000748a:	002e      	movs	r6, r5
1000748c:	408c      	lsls	r4, r1
1000748e:	6084      	str	r4, [r0, #8]
10007490:	1d0c      	adds	r4, r1, #4
10007492:	40a6      	lsls	r6, r4
10007494:	2480      	movs	r4, #128	; 0x80
10007496:	3108      	adds	r1, #8
10007498:	408d      	lsls	r5, r1
1000749a:	211f      	movs	r1, #31
1000749c:	01a4      	lsls	r4, r4, #6
1000749e:	4304      	orrs	r4, r0
100074a0:	18c0      	adds	r0, r0, r3
100074a2:	400a      	ands	r2, r1
100074a4:	30d8      	adds	r0, #216	; 0xd8
100074a6:	6026      	str	r6, [r4, #0]
100074a8:	6025      	str	r5, [r4, #0]
100074aa:	6002      	str	r2, [r0, #0]
100074ac:	bdf0      	pop	{r4, r5, r6, r7, pc}
100074ae:	2780      	movs	r7, #128	; 0x80
100074b0:	027f      	lsls	r7, r7, #9
100074b2:	6037      	str	r7, [r6, #0]
100074b4:	27f8      	movs	r7, #248	; 0xf8
100074b6:	027f      	lsls	r7, r7, #9
100074b8:	6077      	str	r7, [r6, #4]
100074ba:	27c0      	movs	r7, #192	; 0xc0
100074bc:	34dc      	adds	r4, #220	; 0xdc
100074be:	033f      	lsls	r7, r7, #12
100074c0:	60b7      	str	r7, [r6, #8]
100074c2:	6023      	str	r3, [r4, #0]
100074c4:	e7d3      	b.n	1000746e <pio_sm_init+0x2e>
100074c6:	46c0      	nop			; (mov r8, r8)
100074c8:	01010101 	.word	0x01010101

100074cc <dcd_int_enable>:
100074cc:	b510      	push	{r4, lr}
100074ce:	2101      	movs	r1, #1
100074d0:	2005      	movs	r0, #5
100074d2:	f7fb fd75 	bl	10002fc0 <irq_set_enabled>
100074d6:	bd10      	pop	{r4, pc}

100074d8 <dcd_set_address>:
100074d8:	b510      	push	{r4, lr}
100074da:	2200      	movs	r2, #0
100074dc:	2100      	movs	r1, #0
100074de:	4802      	ldr	r0, [pc, #8]	; (100074e8 <dcd_set_address+0x10>)
100074e0:	f000 f95a 	bl	10007798 <hw_endpoint_xfer_start>
100074e4:	bd10      	pop	{r4, pc}
100074e6:	46c0      	nop			; (mov r8, r8)
100074e8:	20002828 	.word	0x20002828

100074ec <dcd_connect>:
100074ec:	2280      	movs	r2, #128	; 0x80
100074ee:	4b02      	ldr	r3, [pc, #8]	; (100074f8 <dcd_connect+0xc>)
100074f0:	0252      	lsls	r2, r2, #9
100074f2:	64da      	str	r2, [r3, #76]	; 0x4c
100074f4:	4770      	bx	lr
100074f6:	46c0      	nop			; (mov r8, r8)
100074f8:	50112000 	.word	0x50112000

100074fc <dcd_init>:
100074fc:	b5f0      	push	{r4, r5, r6, r7, lr}
100074fe:	46c6      	mov	lr, r8
10007500:	b500      	push	{lr}
10007502:	0006      	movs	r6, r0
10007504:	f000 f922 	bl	1000774c <rp2040_usb_init>
10007508:	230c      	movs	r3, #12
1000750a:	4d1b      	ldr	r5, [pc, #108]	; (10007578 <dcd_init+0x7c>)
1000750c:	22ff      	movs	r2, #255	; 0xff
1000750e:	67ab      	str	r3, [r5, #120]	; 0x78
10007510:	2005      	movs	r0, #5
10007512:	491a      	ldr	r1, [pc, #104]	; (1000757c <dcd_init+0x80>)
10007514:	f7fb fda4 	bl	10003060 <irq_add_shared_handler>
10007518:	2340      	movs	r3, #64	; 0x40
1000751a:	4698      	mov	r8, r3
1000751c:	4c18      	ldr	r4, [pc, #96]	; (10007580 <dcd_init+0x84>)
1000751e:	2240      	movs	r2, #64	; 0x40
10007520:	2100      	movs	r1, #0
10007522:	0020      	movs	r0, r4
10007524:	f7ff fcec 	bl	10006f00 <__wrap_memset>
10007528:	4643      	mov	r3, r8
1000752a:	2701      	movs	r7, #1
1000752c:	8323      	strh	r3, [r4, #24]
1000752e:	2121      	movs	r1, #33	; 0x21
10007530:	2300      	movs	r3, #0
10007532:	4a14      	ldr	r2, [pc, #80]	; (10007584 <dcd_init+0x88>)
10007534:	7067      	strb	r7, [r4, #1]
10007536:	60a2      	str	r2, [r4, #8]
10007538:	6013      	str	r3, [r2, #0]
1000753a:	5463      	strb	r3, [r4, r1]
1000753c:	315f      	adds	r1, #95	; 0x5f
1000753e:	8461      	strh	r1, [r4, #34]	; 0x22
10007540:	4641      	mov	r1, r8
10007542:	8721      	strh	r1, [r4, #56]	; 0x38
10007544:	3905      	subs	r1, #5
10007546:	5463      	strb	r3, [r4, r1]
10007548:	4a0f      	ldr	r2, [pc, #60]	; (10007588 <dcd_init+0x8c>)
1000754a:	4910      	ldr	r1, [pc, #64]	; (1000758c <dcd_init+0x90>)
1000754c:	6063      	str	r3, [r4, #4]
1000754e:	60e2      	str	r2, [r4, #12]
10007550:	62a1      	str	r1, [r4, #40]	; 0x28
10007552:	600b      	str	r3, [r1, #0]
10007554:	6263      	str	r3, [r4, #36]	; 0x24
10007556:	62e2      	str	r2, [r4, #44]	; 0x2c
10007558:	f002 fb1a 	bl	10009b90 <__reset_non_control_endpoints_veneer>
1000755c:	2380      	movs	r3, #128	; 0x80
1000755e:	059b      	lsls	r3, r3, #22
10007560:	642f      	str	r7, [r5, #64]	; 0x40
10007562:	64eb      	str	r3, [r5, #76]	; 0x4c
10007564:	2390      	movs	r3, #144	; 0x90
10007566:	4a0a      	ldr	r2, [pc, #40]	; (10007590 <dcd_init+0x94>)
10007568:	0030      	movs	r0, r6
1000756a:	50ea      	str	r2, [r5, r3]
1000756c:	f7ff ffbe 	bl	100074ec <dcd_connect>
10007570:	bc80      	pop	{r7}
10007572:	46b8      	mov	r8, r7
10007574:	bdf0      	pop	{r4, r5, r6, r7, pc}
10007576:	46c0      	nop			; (mov r8, r8)
10007578:	50110000 	.word	0x50110000
1000757c:	200004b9 	.word	0x200004b9
10007580:	20002808 	.word	0x20002808
10007584:	50100084 	.word	0x50100084
10007588:	50100100 	.word	0x50100100
1000758c:	50100080 	.word	0x50100080
10007590:	0001d010 	.word	0x0001d010

10007594 <dcd_edpt0_status_complete>:
10007594:	780b      	ldrb	r3, [r1, #0]
10007596:	065b      	lsls	r3, r3, #25
10007598:	d102      	bne.n	100075a0 <dcd_edpt0_status_complete+0xc>
1000759a:	784b      	ldrb	r3, [r1, #1]
1000759c:	2b05      	cmp	r3, #5
1000759e:	d000      	beq.n	100075a2 <dcd_edpt0_status_complete+0xe>
100075a0:	4770      	bx	lr
100075a2:	788a      	ldrb	r2, [r1, #2]
100075a4:	4b01      	ldr	r3, [pc, #4]	; (100075ac <dcd_edpt0_status_complete+0x18>)
100075a6:	601a      	str	r2, [r3, #0]
100075a8:	e7fa      	b.n	100075a0 <dcd_edpt0_status_complete+0xc>
100075aa:	46c0      	nop			; (mov r8, r8)
100075ac:	50110000 	.word	0x50110000

100075b0 <dcd_edpt_open>:
100075b0:	b5f0      	push	{r4, r5, r6, r7, lr}
100075b2:	46c6      	mov	lr, r8
100075b4:	b500      	push	{lr}
100075b6:	794b      	ldrb	r3, [r1, #5]
100075b8:	790c      	ldrb	r4, [r1, #4]
100075ba:	021b      	lsls	r3, r3, #8
100075bc:	7888      	ldrb	r0, [r1, #2]
100075be:	4323      	orrs	r3, r4
100075c0:	78cc      	ldrb	r4, [r1, #3]
100075c2:	217f      	movs	r1, #127	; 0x7f
100075c4:	07a4      	lsls	r4, r4, #30
100075c6:	4001      	ands	r1, r0
100075c8:	09c5      	lsrs	r5, r0, #7
100075ca:	0fa2      	lsrs	r2, r4, #30
100075cc:	004f      	lsls	r7, r1, #1
100075ce:	0014      	movs	r4, r2
100075d0:	4e32      	ldr	r6, [pc, #200]	; (1000769c <dcd_edpt_open+0xec>)
100075d2:	197a      	adds	r2, r7, r5
100075d4:	0152      	lsls	r2, r2, #5
100075d6:	18b2      	adds	r2, r6, r2
100075d8:	7090      	strb	r0, [r2, #2]
100075da:	2001      	movs	r0, #1
100075dc:	4068      	eors	r0, r5
100075de:	7050      	strb	r0, [r2, #1]
100075e0:	2000      	movs	r0, #0
100075e2:	055b      	lsls	r3, r3, #21
100075e4:	0d5b      	lsrs	r3, r3, #21
100075e6:	70d0      	strb	r0, [r2, #3]
100075e8:	8313      	strh	r3, [r2, #24]
100075ea:	76d4      	strb	r4, [r2, #27]
100075ec:	4680      	mov	r8, r0
100075ee:	00ca      	lsls	r2, r1, #3
100075f0:	2d01      	cmp	r5, #1
100075f2:	d033      	beq.n	1000765c <dcd_edpt_open+0xac>
100075f4:	482a      	ldr	r0, [pc, #168]	; (100076a0 <dcd_edpt_open+0xf0>)
100075f6:	4684      	mov	ip, r0
100075f8:	0188      	lsls	r0, r1, #6
100075fa:	4462      	add	r2, ip
100075fc:	4684      	mov	ip, r0
100075fe:	44b4      	add	ip, r6
10007600:	4660      	mov	r0, ip
10007602:	6082      	str	r2, [r0, #8]
10007604:	4640      	mov	r0, r8
10007606:	6010      	str	r0, [r2, #0]
10007608:	2900      	cmp	r1, #0
1000760a:	d033      	beq.n	10007674 <dcd_edpt_open+0xc4>
1000760c:	4a25      	ldr	r2, [pc, #148]	; (100076a4 <dcd_edpt_open+0xf4>)
1000760e:	00c9      	lsls	r1, r1, #3
10007610:	4690      	mov	r8, r2
10007612:	4662      	mov	r2, ip
10007614:	4441      	add	r1, r8
10007616:	6051      	str	r1, [r2, #4]
10007618:	223f      	movs	r2, #63	; 0x3f
1000761a:	333f      	adds	r3, #63	; 0x3f
1000761c:	4393      	bics	r3, r2
1000761e:	2c02      	cmp	r4, #2
10007620:	d100      	bne.n	10007624 <dcd_edpt_open+0x74>
10007622:	005b      	lsls	r3, r3, #1
10007624:	4820      	ldr	r0, [pc, #128]	; (100076a8 <dcd_edpt_open+0xf8>)
10007626:	197a      	adds	r2, r7, r5
10007628:	6801      	ldr	r1, [r0, #0]
1000762a:	0152      	lsls	r2, r2, #5
1000762c:	18b2      	adds	r2, r6, r2
1000762e:	60d1      	str	r1, [r2, #12]
10007630:	4a1e      	ldr	r2, [pc, #120]	; (100076ac <dcd_edpt_open+0xfc>)
10007632:	18cb      	adds	r3, r1, r3
10007634:	6003      	str	r3, [r0, #0]
10007636:	4051      	eors	r1, r2
10007638:	4053      	eors	r3, r2
1000763a:	2280      	movs	r2, #128	; 0x80
1000763c:	4688      	mov	r8, r1
1000763e:	0152      	lsls	r2, r2, #5
10007640:	4293      	cmp	r3, r2
10007642:	d828      	bhi.n	10007696 <dcd_edpt_open+0xe6>
10007644:	4643      	mov	r3, r8
10007646:	06a4      	lsls	r4, r4, #26
10007648:	431c      	orrs	r4, r3
1000764a:	2380      	movs	r3, #128	; 0x80
1000764c:	197f      	adds	r7, r7, r5
1000764e:	017f      	lsls	r7, r7, #5
10007650:	061b      	lsls	r3, r3, #24
10007652:	19f6      	adds	r6, r6, r7
10007654:	431c      	orrs	r4, r3
10007656:	6873      	ldr	r3, [r6, #4]
10007658:	601c      	str	r4, [r3, #0]
1000765a:	e011      	b.n	10007680 <dcd_edpt_open+0xd0>
1000765c:	4814      	ldr	r0, [pc, #80]	; (100076b0 <dcd_edpt_open+0x100>)
1000765e:	4684      	mov	ip, r0
10007660:	0188      	lsls	r0, r1, #6
10007662:	4462      	add	r2, ip
10007664:	4684      	mov	ip, r0
10007666:	44b4      	add	ip, r6
10007668:	4660      	mov	r0, ip
1000766a:	6282      	str	r2, [r0, #40]	; 0x28
1000766c:	4640      	mov	r0, r8
1000766e:	6010      	str	r0, [r2, #0]
10007670:	2900      	cmp	r1, #0
10007672:	d109      	bne.n	10007688 <dcd_edpt_open+0xd8>
10007674:	2300      	movs	r3, #0
10007676:	016d      	lsls	r5, r5, #5
10007678:	1976      	adds	r6, r6, r5
1000767a:	6073      	str	r3, [r6, #4]
1000767c:	4b0d      	ldr	r3, [pc, #52]	; (100076b4 <dcd_edpt_open+0x104>)
1000767e:	60f3      	str	r3, [r6, #12]
10007680:	2001      	movs	r0, #1
10007682:	bc80      	pop	{r7}
10007684:	46b8      	mov	r8, r7
10007686:	bdf0      	pop	{r4, r5, r6, r7, pc}
10007688:	4a08      	ldr	r2, [pc, #32]	; (100076ac <dcd_edpt_open+0xfc>)
1000768a:	00c9      	lsls	r1, r1, #3
1000768c:	4690      	mov	r8, r2
1000768e:	4662      	mov	r2, ip
10007690:	4441      	add	r1, r8
10007692:	6251      	str	r1, [r2, #36]	; 0x24
10007694:	e7c0      	b.n	10007618 <dcd_edpt_open+0x68>
10007696:	f7fd f8b1 	bl	100047fc <hard_assertion_failure>
1000769a:	e7d3      	b.n	10007644 <dcd_edpt_open+0x94>
1000769c:	20002808 	.word	0x20002808
100076a0:	50100084 	.word	0x50100084
100076a4:	50100004 	.word	0x50100004
100076a8:	20002c10 	.word	0x20002c10
100076ac:	50100000 	.word	0x50100000
100076b0:	50100080 	.word	0x50100080
100076b4:	50100100 	.word	0x50100100

100076b8 <dcd_edpt_close_all>:
100076b8:	b510      	push	{r4, lr}
100076ba:	f002 fa69 	bl	10009b90 <__reset_non_control_endpoints_veneer>
100076be:	bd10      	pop	{r4, pc}

100076c0 <dcd_edpt_xfer>:
100076c0:	b510      	push	{r4, lr}
100076c2:	207f      	movs	r0, #127	; 0x7f
100076c4:	000c      	movs	r4, r1
100076c6:	4020      	ands	r0, r4
100076c8:	0040      	lsls	r0, r0, #1
100076ca:	09e4      	lsrs	r4, r4, #7
100076cc:	0011      	movs	r1, r2
100076ce:	1900      	adds	r0, r0, r4
100076d0:	001a      	movs	r2, r3
100076d2:	4b03      	ldr	r3, [pc, #12]	; (100076e0 <dcd_edpt_xfer+0x20>)
100076d4:	0140      	lsls	r0, r0, #5
100076d6:	18c0      	adds	r0, r0, r3
100076d8:	f000 f85e 	bl	10007798 <hw_endpoint_xfer_start>
100076dc:	2001      	movs	r0, #1
100076de:	bd10      	pop	{r4, pc}
100076e0:	20002808 	.word	0x20002808

100076e4 <dcd_edpt_stall>:
100076e4:	227f      	movs	r2, #127	; 0x7f
100076e6:	0013      	movs	r3, r2
100076e8:	b510      	push	{r4, lr}
100076ea:	400b      	ands	r3, r1
100076ec:	420a      	tst	r2, r1
100076ee:	d00b      	beq.n	10007708 <dcd_edpt_stall+0x24>
100076f0:	09c9      	lsrs	r1, r1, #7
100076f2:	2280      	movs	r2, #128	; 0x80
100076f4:	0058      	lsls	r0, r3, #1
100076f6:	1840      	adds	r0, r0, r1
100076f8:	4906      	ldr	r1, [pc, #24]	; (10007714 <dcd_edpt_stall+0x30>)
100076fa:	0140      	lsls	r0, r0, #5
100076fc:	1840      	adds	r0, r0, r1
100076fe:	0112      	lsls	r2, r2, #4
10007700:	2100      	movs	r1, #0
10007702:	f002 fa35 	bl	10009b70 <___hw_endpoint_buffer_control_update32_veneer>
10007706:	bd10      	pop	{r4, pc}
10007708:	2202      	movs	r2, #2
1000770a:	4803      	ldr	r0, [pc, #12]	; (10007718 <dcd_edpt_stall+0x34>)
1000770c:	09c9      	lsrs	r1, r1, #7
1000770e:	1a52      	subs	r2, r2, r1
10007710:	6682      	str	r2, [r0, #104]	; 0x68
10007712:	e7ee      	b.n	100076f2 <dcd_edpt_stall+0xe>
10007714:	20002808 	.word	0x20002808
10007718:	50112000 	.word	0x50112000

1000771c <dcd_edpt_clear_stall>:
1000771c:	227f      	movs	r2, #127	; 0x7f
1000771e:	0010      	movs	r0, r2
10007720:	b510      	push	{r4, lr}
10007722:	4008      	ands	r0, r1
10007724:	420a      	tst	r2, r1
10007726:	d100      	bne.n	1000772a <dcd_edpt_clear_stall+0xe>
10007728:	bd10      	pop	{r4, pc}
1000772a:	2300      	movs	r3, #0
1000772c:	09c9      	lsrs	r1, r1, #7
1000772e:	0040      	lsls	r0, r0, #1
10007730:	1840      	adds	r0, r0, r1
10007732:	4904      	ldr	r1, [pc, #16]	; (10007744 <dcd_edpt_clear_stall+0x28>)
10007734:	0140      	lsls	r0, r0, #5
10007736:	1808      	adds	r0, r1, r0
10007738:	2200      	movs	r2, #0
1000773a:	4903      	ldr	r1, [pc, #12]	; (10007748 <dcd_edpt_clear_stall+0x2c>)
1000773c:	70c3      	strb	r3, [r0, #3]
1000773e:	f002 fa17 	bl	10009b70 <___hw_endpoint_buffer_control_update32_veneer>
10007742:	e7f1      	b.n	10007728 <dcd_edpt_clear_stall+0xc>
10007744:	20002808 	.word	0x20002808
10007748:	fffff7ff 	.word	0xfffff7ff

1000774c <rp2040_usb_init>:
1000774c:	2280      	movs	r2, #128	; 0x80
1000774e:	4b0d      	ldr	r3, [pc, #52]	; (10007784 <rp2040_usb_init+0x38>)
10007750:	0452      	lsls	r2, r2, #17
10007752:	b510      	push	{r4, lr}
10007754:	601a      	str	r2, [r3, #0]
10007756:	4b0c      	ldr	r3, [pc, #48]	; (10007788 <rp2040_usb_init+0x3c>)
10007758:	490c      	ldr	r1, [pc, #48]	; (1000778c <rp2040_usb_init+0x40>)
1000775a:	601a      	str	r2, [r3, #0]
1000775c:	0010      	movs	r0, r2
1000775e:	688b      	ldr	r3, [r1, #8]
10007760:	4398      	bics	r0, r3
10007762:	d1fb      	bne.n	1000775c <rp2040_usb_init+0x10>
10007764:	4c0a      	ldr	r4, [pc, #40]	; (10007790 <rp2040_usb_init+0x44>)
10007766:	229c      	movs	r2, #156	; 0x9c
10007768:	2100      	movs	r1, #0
1000776a:	0020      	movs	r0, r4
1000776c:	f7ff fbc8 	bl	10006f00 <__wrap_memset>
10007770:	2280      	movs	r2, #128	; 0x80
10007772:	2100      	movs	r1, #0
10007774:	0152      	lsls	r2, r2, #5
10007776:	4807      	ldr	r0, [pc, #28]	; (10007794 <rp2040_usb_init+0x48>)
10007778:	f7ff fbc2 	bl	10006f00 <__wrap_memset>
1000777c:	2309      	movs	r3, #9
1000777e:	6763      	str	r3, [r4, #116]	; 0x74
10007780:	bd10      	pop	{r4, pc}
10007782:	46c0      	nop			; (mov r8, r8)
10007784:	4000e000 	.word	0x4000e000
10007788:	4000f000 	.word	0x4000f000
1000778c:	4000c000 	.word	0x4000c000
10007790:	50110000 	.word	0x50110000
10007794:	50100000 	.word	0x50100000

10007798 <hw_endpoint_xfer_start>:
10007798:	b570      	push	{r4, r5, r6, lr}
1000779a:	7e83      	ldrb	r3, [r0, #26]
1000779c:	0004      	movs	r4, r0
1000779e:	000d      	movs	r5, r1
100077a0:	0016      	movs	r6, r2
100077a2:	2b00      	cmp	r3, #0
100077a4:	d117      	bne.n	100077d6 <hw_endpoint_xfer_start+0x3e>
100077a6:	2300      	movs	r3, #0
100077a8:	82e3      	strh	r3, [r4, #22]
100077aa:	3301      	adds	r3, #1
100077ac:	0020      	movs	r0, r4
100077ae:	82a6      	strh	r6, [r4, #20]
100077b0:	76a3      	strb	r3, [r4, #26]
100077b2:	6125      	str	r5, [r4, #16]
100077b4:	f002 f9cc 	bl	10009b50 <__e15_is_bulkin_ep_veneer>
100077b8:	2800      	cmp	r0, #0
100077ba:	d004      	beq.n	100077c6 <hw_endpoint_xfer_start+0x2e>
100077bc:	2180      	movs	r1, #128	; 0x80
100077be:	2390      	movs	r3, #144	; 0x90
100077c0:	4a08      	ldr	r2, [pc, #32]	; (100077e4 <hw_endpoint_xfer_start+0x4c>)
100077c2:	0289      	lsls	r1, r1, #10
100077c4:	50d1      	str	r1, [r2, r3]
100077c6:	0020      	movs	r0, r4
100077c8:	f002 f9ea 	bl	10009ba0 <__e15_is_critical_frame_period_veneer>
100077cc:	2800      	cmp	r0, #0
100077ce:	d005      	beq.n	100077dc <hw_endpoint_xfer_start+0x44>
100077d0:	2301      	movs	r3, #1
100077d2:	7723      	strb	r3, [r4, #28]
100077d4:	bd70      	pop	{r4, r5, r6, pc}
100077d6:	f002 f9c3 	bl	10009b60 <__hw_endpoint_reset_transfer_veneer>
100077da:	e7e4      	b.n	100077a6 <hw_endpoint_xfer_start+0xe>
100077dc:	0020      	movs	r0, r4
100077de:	f002 f9af 	bl	10009b40 <__hw_endpoint_start_next_buffer_veneer>
100077e2:	e7f7      	b.n	100077d4 <hw_endpoint_xfer_start+0x3c>
100077e4:	50112000 	.word	0x50112000

100077e8 <configuration_reset>:
100077e8:	b5f0      	push	{r4, r5, r6, r7, lr}
100077ea:	46c6      	mov	lr, r8
100077ec:	b500      	push	{lr}
100077ee:	4e22      	ldr	r6, [pc, #136]	; (10007878 <configuration_reset+0x90>)
100077f0:	4a22      	ldr	r2, [pc, #136]	; (1000787c <configuration_reset+0x94>)
100077f2:	0005      	movs	r5, r0
100077f4:	2400      	movs	r4, #0
100077f6:	7833      	ldrb	r3, [r6, #0]
100077f8:	2a00      	cmp	r2, #0
100077fa:	d02a      	beq.n	10007852 <configuration_reset+0x6a>
100077fc:	4a20      	ldr	r2, [pc, #128]	; (10007880 <configuration_reset+0x98>)
100077fe:	4f21      	ldr	r7, [pc, #132]	; (10007884 <configuration_reset+0x9c>)
10007800:	4690      	mov	r8, r2
10007802:	42a3      	cmp	r3, r4
10007804:	d82e      	bhi.n	10007864 <configuration_reset+0x7c>
10007806:	1ae3      	subs	r3, r4, r3
10007808:	b2db      	uxtb	r3, r3
1000780a:	2b01      	cmp	r3, #1
1000780c:	d902      	bls.n	10007814 <configuration_reset+0x2c>
1000780e:	bc80      	pop	{r7}
10007810:	46b8      	mov	r8, r7
10007812:	bdf0      	pop	{r4, r5, r6, r7, pc}
10007814:	005a      	lsls	r2, r3, #1
10007816:	18d3      	adds	r3, r2, r3
10007818:	00db      	lsls	r3, r3, #3
1000781a:	18fb      	adds	r3, r7, r3
1000781c:	685b      	ldr	r3, [r3, #4]
1000781e:	0028      	movs	r0, r5
10007820:	4798      	blx	r3
10007822:	7833      	ldrb	r3, [r6, #0]
10007824:	3401      	adds	r4, #1
10007826:	b2e4      	uxtb	r4, r4
10007828:	1c5a      	adds	r2, r3, #1
1000782a:	42a2      	cmp	r2, r4
1000782c:	dae9      	bge.n	10007802 <configuration_reset+0x1a>
1000782e:	4c16      	ldr	r4, [pc, #88]	; (10007888 <configuration_reset+0xa0>)
10007830:	2253      	movs	r2, #83	; 0x53
10007832:	2100      	movs	r1, #0
10007834:	0020      	movs	r0, r4
10007836:	f7ff fb63 	bl	10006f00 <__wrap_memset>
1000783a:	2210      	movs	r2, #16
1000783c:	21ff      	movs	r1, #255	; 0xff
1000783e:	1ce0      	adds	r0, r4, #3
10007840:	f7ff fb5e 	bl	10006f00 <__wrap_memset>
10007844:	0020      	movs	r0, r4
10007846:	2220      	movs	r2, #32
10007848:	21ff      	movs	r1, #255	; 0xff
1000784a:	3013      	adds	r0, #19
1000784c:	f7ff fb58 	bl	10006f00 <__wrap_memset>
10007850:	e7dd      	b.n	1000780e <configuration_reset+0x26>
10007852:	f000 ff27 	bl	100086a4 <cdcd_reset>
10007856:	0028      	movs	r0, r5
10007858:	f001 f932 	bl	10008ac0 <hidd_reset>
1000785c:	7833      	ldrb	r3, [r6, #0]
1000785e:	2b00      	cmp	r3, #0
10007860:	d1d5      	bne.n	1000780e <configuration_reset+0x26>
10007862:	e7e4      	b.n	1000782e <configuration_reset+0x46>
10007864:	4642      	mov	r2, r8
10007866:	6812      	ldr	r2, [r2, #0]
10007868:	0063      	lsls	r3, r4, #1
1000786a:	4694      	mov	ip, r2
1000786c:	191b      	adds	r3, r3, r4
1000786e:	00db      	lsls	r3, r3, #3
10007870:	4463      	add	r3, ip
10007872:	2b00      	cmp	r3, #0
10007874:	d1d2      	bne.n	1000781c <configuration_reset+0x34>
10007876:	e7ca      	b.n	1000780e <configuration_reset+0x26>
10007878:	20002c3f 	.word	0x20002c3f
1000787c:	10002175 	.word	0x10002175
10007880:	200020a8 	.word	0x200020a8
10007884:	1000a6c4 	.word	0x1000a6c4
10007888:	2000255c 	.word	0x2000255c

1000788c <tud_mounted>:
1000788c:	4b02      	ldr	r3, [pc, #8]	; (10007898 <tud_mounted+0xc>)
1000788e:	7858      	ldrb	r0, [r3, #1]
10007890:	1e43      	subs	r3, r0, #1
10007892:	4198      	sbcs	r0, r3
10007894:	b2c0      	uxtb	r0, r0
10007896:	4770      	bx	lr
10007898:	2000255c 	.word	0x2000255c

1000789c <tud_suspended>:
1000789c:	4b02      	ldr	r3, [pc, #8]	; (100078a8 <tud_suspended+0xc>)
1000789e:	7818      	ldrb	r0, [r3, #0]
100078a0:	0740      	lsls	r0, r0, #29
100078a2:	0fc0      	lsrs	r0, r0, #31
100078a4:	4770      	bx	lr
100078a6:	46c0      	nop			; (mov r8, r8)
100078a8:	2000255c 	.word	0x2000255c

100078ac <tud_inited>:
100078ac:	4b03      	ldr	r3, [pc, #12]	; (100078bc <tud_inited+0x10>)
100078ae:	7818      	ldrb	r0, [r3, #0]
100078b0:	38ff      	subs	r0, #255	; 0xff
100078b2:	1e43      	subs	r3, r0, #1
100078b4:	4198      	sbcs	r0, r3
100078b6:	b2c0      	uxtb	r0, r0
100078b8:	4770      	bx	lr
100078ba:	46c0      	nop			; (mov r8, r8)
100078bc:	20001004 	.word	0x20001004

100078c0 <tud_init>:
100078c0:	b5f8      	push	{r3, r4, r5, r6, r7, lr}
100078c2:	46ce      	mov	lr, r9
100078c4:	4647      	mov	r7, r8
100078c6:	b580      	push	{r7, lr}
100078c8:	4e31      	ldr	r6, [pc, #196]	; (10007990 <tud_init+0xd0>)
100078ca:	0004      	movs	r4, r0
100078cc:	7833      	ldrb	r3, [r6, #0]
100078ce:	2001      	movs	r0, #1
100078d0:	2bff      	cmp	r3, #255	; 0xff
100078d2:	d003      	beq.n	100078dc <tud_init+0x1c>
100078d4:	bcc0      	pop	{r6, r7}
100078d6:	46b9      	mov	r9, r7
100078d8:	46b0      	mov	r8, r6
100078da:	bdf8      	pop	{r3, r4, r5, r6, r7, pc}
100078dc:	2253      	movs	r2, #83	; 0x53
100078de:	2100      	movs	r1, #0
100078e0:	482c      	ldr	r0, [pc, #176]	; (10007994 <tud_init+0xd4>)
100078e2:	f7ff fb0d 	bl	10006f00 <__wrap_memset>
100078e6:	4d2c      	ldr	r5, [pc, #176]	; (10007998 <tud_init+0xd8>)
100078e8:	0028      	movs	r0, r5
100078ea:	f7fb fdf9 	bl	100034e0 <mutex_init>
100078ee:	4b2b      	ldr	r3, [pc, #172]	; (1000799c <tud_init+0xdc>)
100078f0:	601d      	str	r5, [r3, #0]
100078f2:	4d2b      	ldr	r5, [pc, #172]	; (100079a0 <tud_init+0xe0>)
100078f4:	0028      	movs	r0, r5
100078f6:	3014      	adds	r0, #20
100078f8:	f7fb fe0e 	bl	10003518 <critical_section_init>
100078fc:	0028      	movs	r0, r5
100078fe:	f001 fd11 	bl	10009324 <tu_fifo_clear>
10007902:	4b28      	ldr	r3, [pc, #160]	; (100079a4 <tud_init+0xe4>)
10007904:	4f28      	ldr	r7, [pc, #160]	; (100079a8 <tud_init+0xe8>)
10007906:	601d      	str	r5, [r3, #0]
10007908:	4b28      	ldr	r3, [pc, #160]	; (100079ac <tud_init+0xec>)
1000790a:	4698      	mov	r8, r3
1000790c:	2b00      	cmp	r3, #0
1000790e:	d004      	beq.n	1000791a <tud_init+0x5a>
10007910:	0038      	movs	r0, r7
10007912:	f7fa fc2f 	bl	10002174 <usbd_app_driver_get_cb>
10007916:	4b26      	ldr	r3, [pc, #152]	; (100079b0 <tud_init+0xf0>)
10007918:	6018      	str	r0, [r3, #0]
1000791a:	4642      	mov	r2, r8
1000791c:	2500      	movs	r5, #0
1000791e:	783b      	ldrb	r3, [r7, #0]
10007920:	2a00      	cmp	r2, #0
10007922:	d020      	beq.n	10007966 <tud_init+0xa6>
10007924:	4a23      	ldr	r2, [pc, #140]	; (100079b4 <tud_init+0xf4>)
10007926:	4690      	mov	r8, r2
10007928:	4a21      	ldr	r2, [pc, #132]	; (100079b0 <tud_init+0xf0>)
1000792a:	4691      	mov	r9, r2
1000792c:	42ab      	cmp	r3, r5
1000792e:	d823      	bhi.n	10007978 <tud_init+0xb8>
10007930:	1aeb      	subs	r3, r5, r3
10007932:	b2db      	uxtb	r3, r3
10007934:	2b01      	cmp	r3, #1
10007936:	d901      	bls.n	1000793c <tud_init+0x7c>
10007938:	2000      	movs	r0, #0
1000793a:	e7cb      	b.n	100078d4 <tud_init+0x14>
1000793c:	005a      	lsls	r2, r3, #1
1000793e:	18d3      	adds	r3, r2, r3
10007940:	00db      	lsls	r3, r3, #3
10007942:	4443      	add	r3, r8
10007944:	681b      	ldr	r3, [r3, #0]
10007946:	4798      	blx	r3
10007948:	783b      	ldrb	r3, [r7, #0]
1000794a:	3501      	adds	r5, #1
1000794c:	b2ed      	uxtb	r5, r5
1000794e:	1c5a      	adds	r2, r3, #1
10007950:	42aa      	cmp	r2, r5
10007952:	daeb      	bge.n	1000792c <tud_init+0x6c>
10007954:	0020      	movs	r0, r4
10007956:	7034      	strb	r4, [r6, #0]
10007958:	f7ff fdd0 	bl	100074fc <dcd_init>
1000795c:	0020      	movs	r0, r4
1000795e:	f7ff fdb5 	bl	100074cc <dcd_int_enable>
10007962:	2001      	movs	r0, #1
10007964:	e7b6      	b.n	100078d4 <tud_init+0x14>
10007966:	f000 fe5f 	bl	10008628 <cdcd_init>
1000796a:	f001 f89f 	bl	10008aac <hidd_init>
1000796e:	783b      	ldrb	r3, [r7, #0]
10007970:	2b00      	cmp	r3, #0
10007972:	d0ef      	beq.n	10007954 <tud_init+0x94>
10007974:	2000      	movs	r0, #0
10007976:	e7ad      	b.n	100078d4 <tud_init+0x14>
10007978:	464a      	mov	r2, r9
1000797a:	6812      	ldr	r2, [r2, #0]
1000797c:	006b      	lsls	r3, r5, #1
1000797e:	4694      	mov	ip, r2
10007980:	195b      	adds	r3, r3, r5
10007982:	00db      	lsls	r3, r3, #3
10007984:	4463      	add	r3, ip
10007986:	2b00      	cmp	r3, #0
10007988:	d1dc      	bne.n	10007944 <tud_init+0x84>
1000798a:	2000      	movs	r0, #0
1000798c:	e7a2      	b.n	100078d4 <tud_init+0x14>
1000798e:	46c0      	nop			; (mov r8, r8)
10007990:	20001004 	.word	0x20001004
10007994:	2000255c 	.word	0x2000255c
10007998:	20002514 	.word	0x20002514
1000799c:	200025b0 	.word	0x200025b0
100079a0:	20000fe8 	.word	0x20000fe8
100079a4:	200025b4 	.word	0x200025b4
100079a8:	20002c3f 	.word	0x20002c3f
100079ac:	10002175 	.word	0x10002175
100079b0:	200020a8 	.word	0x200020a8
100079b4:	1000a6c4 	.word	0x1000a6c4

100079b8 <tud_task_ext>:
100079b8:	b5f0      	push	{r4, r5, r6, r7, lr}
100079ba:	46de      	mov	lr, fp
100079bc:	4657      	mov	r7, sl
100079be:	464e      	mov	r6, r9
100079c0:	4645      	mov	r5, r8
100079c2:	b5e0      	push	{r5, r6, r7, lr}
100079c4:	b08f      	sub	sp, #60	; 0x3c
100079c6:	f001 f9e5 	bl	10008d94 <tusb_inited>
100079ca:	2800      	cmp	r0, #0
100079cc:	d053      	beq.n	10007a76 <tud_task_ext+0xbe>
100079ce:	4bc9      	ldr	r3, [pc, #804]	; (10007cf4 <tud_task_ext+0x33c>)
100079d0:	4fc9      	ldr	r7, [pc, #804]	; (10007cf8 <tud_task_ext+0x340>)
100079d2:	4699      	mov	r9, r3
100079d4:	2318      	movs	r3, #24
100079d6:	469a      	mov	sl, r3
100079d8:	3b05      	subs	r3, #5
100079da:	469b      	mov	fp, r3
100079dc:	4dc7      	ldr	r5, [pc, #796]	; (10007cfc <tud_task_ext+0x344>)
100079de:	ac0b      	add	r4, sp, #44	; 0x2c
100079e0:	44bb      	add	fp, r7
100079e2:	682e      	ldr	r6, [r5, #0]
100079e4:	6972      	ldr	r2, [r6, #20]
100079e6:	f3ef 8110 	mrs	r1, PRIMASK
100079ea:	b672      	cpsid	i
100079ec:	6813      	ldr	r3, [r2, #0]
100079ee:	2b00      	cmp	r3, #0
100079f0:	d0fc      	beq.n	100079ec <tud_task_ext+0x34>
100079f2:	f3bf 8f5f 	dmb	sy
100079f6:	61b1      	str	r1, [r6, #24]
100079f8:	0030      	movs	r0, r6
100079fa:	0021      	movs	r1, r4
100079fc:	f001 fad4 	bl	10008fa8 <tu_fifo_read>
10007a00:	6972      	ldr	r2, [r6, #20]
10007a02:	69b3      	ldr	r3, [r6, #24]
10007a04:	f3bf 8f5f 	dmb	sy
10007a08:	2100      	movs	r1, #0
10007a0a:	6011      	str	r1, [r2, #0]
10007a0c:	f383 8810 	msr	PRIMASK, r3
10007a10:	2800      	cmp	r0, #0
10007a12:	d030      	beq.n	10007a76 <tud_task_ext+0xbe>
10007a14:	7863      	ldrb	r3, [r4, #1]
10007a16:	2b08      	cmp	r3, #8
10007a18:	d8e3      	bhi.n	100079e2 <tud_task_ext+0x2a>
10007a1a:	464a      	mov	r2, r9
10007a1c:	009b      	lsls	r3, r3, #2
10007a1e:	58d3      	ldr	r3, [r2, r3]
10007a20:	469f      	mov	pc, r3
10007a22:	6863      	ldr	r3, [r4, #4]
10007a24:	2b00      	cmp	r3, #0
10007a26:	d0dc      	beq.n	100079e2 <tud_task_ext+0x2a>
10007a28:	68a0      	ldr	r0, [r4, #8]
10007a2a:	4798      	blx	r3
10007a2c:	e7d9      	b.n	100079e2 <tud_task_ext+0x2a>
10007a2e:	227f      	movs	r2, #127	; 0x7f
10007a30:	7921      	ldrb	r1, [r4, #4]
10007a32:	4bb1      	ldr	r3, [pc, #708]	; (10007cf8 <tud_task_ext+0x340>)
10007a34:	400a      	ands	r2, r1
10007a36:	0056      	lsls	r6, r2, #1
10007a38:	199b      	adds	r3, r3, r6
10007a3a:	4698      	mov	r8, r3
10007a3c:	09c8      	lsrs	r0, r1, #7
10007a3e:	4480      	add	r8, r0
10007a40:	4640      	mov	r0, r8
10007a42:	2301      	movs	r3, #1
10007a44:	3030      	adds	r0, #48	; 0x30
10007a46:	78c6      	ldrb	r6, [r0, #3]
10007a48:	439e      	bics	r6, r3
10007a4a:	70c6      	strb	r6, [r0, #3]
10007a4c:	78c6      	ldrb	r6, [r0, #3]
10007a4e:	3303      	adds	r3, #3
10007a50:	439e      	bics	r6, r3
10007a52:	70c6      	strb	r6, [r0, #3]
10007a54:	2a00      	cmp	r2, #0
10007a56:	d100      	bne.n	10007a5a <tud_task_ext+0xa2>
10007a58:	e081      	b.n	10007b5e <tud_task_ext+0x1a6>
10007a5a:	4643      	mov	r3, r8
10007a5c:	4aa8      	ldr	r2, [pc, #672]	; (10007d00 <tud_task_ext+0x348>)
10007a5e:	7cdb      	ldrb	r3, [r3, #19]
10007a60:	2a00      	cmp	r2, #0
10007a62:	d006      	beq.n	10007a72 <tud_task_ext+0xba>
10007a64:	4aa7      	ldr	r2, [pc, #668]	; (10007d04 <tud_task_ext+0x34c>)
10007a66:	7812      	ldrb	r2, [r2, #0]
10007a68:	4293      	cmp	r3, r2
10007a6a:	d200      	bcs.n	10007a6e <tud_task_ext+0xb6>
10007a6c:	e0ce      	b.n	10007c0c <tud_task_ext+0x254>
10007a6e:	1a9b      	subs	r3, r3, r2
10007a70:	b2db      	uxtb	r3, r3
10007a72:	2b01      	cmp	r3, #1
10007a74:	d968      	bls.n	10007b48 <tud_task_ext+0x190>
10007a76:	b00f      	add	sp, #60	; 0x3c
10007a78:	bcf0      	pop	{r4, r5, r6, r7}
10007a7a:	46bb      	mov	fp, r7
10007a7c:	46b2      	mov	sl, r6
10007a7e:	46a9      	mov	r9, r5
10007a80:	46a0      	mov	r8, r4
10007a82:	bdf0      	pop	{r4, r5, r6, r7, pc}
10007a84:	2201      	movs	r2, #1
10007a86:	783b      	ldrb	r3, [r7, #0]
10007a88:	2001      	movs	r0, #1
10007a8a:	4313      	orrs	r3, r2
10007a8c:	703b      	strb	r3, [r7, #0]
10007a8e:	2333      	movs	r3, #51	; 0x33
10007a90:	2104      	movs	r1, #4
10007a92:	5cfa      	ldrb	r2, [r7, r3]
10007a94:	4382      	bics	r2, r0
10007a96:	54fa      	strb	r2, [r7, r3]
10007a98:	5cfa      	ldrb	r2, [r7, r3]
10007a9a:	438a      	bics	r2, r1
10007a9c:	54fa      	strb	r2, [r7, r3]
10007a9e:	3301      	adds	r3, #1
10007aa0:	5cfa      	ldrb	r2, [r7, r3]
10007aa2:	4382      	bics	r2, r0
10007aa4:	54fa      	strb	r2, [r7, r3]
10007aa6:	5cfa      	ldrb	r2, [r7, r3]
10007aa8:	2000      	movs	r0, #0
10007aaa:	438a      	bics	r2, r1
10007aac:	54fa      	strb	r2, [r7, r3]
10007aae:	7823      	ldrb	r3, [r4, #0]
10007ab0:	4698      	mov	r8, r3
10007ab2:	f000 fc75 	bl	100083a0 <usbd_control_set_complete_callback>
10007ab6:	2260      	movs	r2, #96	; 0x60
10007ab8:	7923      	ldrb	r3, [r4, #4]
10007aba:	401a      	ands	r2, r3
10007abc:	2a60      	cmp	r2, #96	; 0x60
10007abe:	d00a      	beq.n	10007ad6 <tud_task_ext+0x11e>
10007ac0:	2a40      	cmp	r2, #64	; 0x40
10007ac2:	d052      	beq.n	10007b6a <tud_task_ext+0x1b2>
10007ac4:	06db      	lsls	r3, r3, #27
10007ac6:	0edb      	lsrs	r3, r3, #27
10007ac8:	2b01      	cmp	r3, #1
10007aca:	d100      	bne.n	10007ace <tud_task_ext+0x116>
10007acc:	e0a7      	b.n	10007c1e <tud_task_ext+0x266>
10007ace:	2b02      	cmp	r3, #2
10007ad0:	d065      	beq.n	10007b9e <tud_task_ext+0x1e6>
10007ad2:	2b00      	cmp	r3, #0
10007ad4:	d057      	beq.n	10007b86 <tud_task_ext+0x1ce>
10007ad6:	7820      	ldrb	r0, [r4, #0]
10007ad8:	2100      	movs	r1, #0
10007ada:	f7ff fe03 	bl	100076e4 <dcd_edpt_stall>
10007ade:	2180      	movs	r1, #128	; 0x80
10007ae0:	7820      	ldrb	r0, [r4, #0]
10007ae2:	f7ff fdff 	bl	100076e4 <dcd_edpt_stall>
10007ae6:	e77c      	b.n	100079e2 <tud_task_ext+0x2a>
10007ae8:	4b83      	ldr	r3, [pc, #524]	; (10007cf8 <tud_task_ext+0x340>)
10007aea:	781b      	ldrb	r3, [r3, #0]
10007aec:	07db      	lsls	r3, r3, #31
10007aee:	d400      	bmi.n	10007af2 <tud_task_ext+0x13a>
10007af0:	e777      	b.n	100079e2 <tud_task_ext+0x2a>
10007af2:	4b85      	ldr	r3, [pc, #532]	; (10007d08 <tud_task_ext+0x350>)
10007af4:	2b00      	cmp	r3, #0
10007af6:	d100      	bne.n	10007afa <tud_task_ext+0x142>
10007af8:	e773      	b.n	100079e2 <tud_task_ext+0x2a>
10007afa:	e000      	b.n	10007afe <tud_task_ext+0x146>
10007afc:	bf00      	nop
10007afe:	e770      	b.n	100079e2 <tud_task_ext+0x2a>
10007b00:	4b7d      	ldr	r3, [pc, #500]	; (10007cf8 <tud_task_ext+0x340>)
10007b02:	781a      	ldrb	r2, [r3, #0]
10007b04:	07d2      	lsls	r2, r2, #31
10007b06:	d400      	bmi.n	10007b0a <tud_task_ext+0x152>
10007b08:	e76b      	b.n	100079e2 <tud_task_ext+0x2a>
10007b0a:	4a80      	ldr	r2, [pc, #512]	; (10007d0c <tud_task_ext+0x354>)
10007b0c:	2a00      	cmp	r2, #0
10007b0e:	d100      	bne.n	10007b12 <tud_task_ext+0x15a>
10007b10:	e767      	b.n	100079e2 <tud_task_ext+0x2a>
10007b12:	7818      	ldrb	r0, [r3, #0]
10007b14:	0700      	lsls	r0, r0, #28
10007b16:	0fc0      	lsrs	r0, r0, #31
10007b18:	e000      	b.n	10007b1c <tud_task_ext+0x164>
10007b1a:	bf00      	nop
10007b1c:	e761      	b.n	100079e2 <tud_task_ext+0x2a>
10007b1e:	7820      	ldrb	r0, [r4, #0]
10007b20:	f7ff fe62 	bl	100077e8 <configuration_reset>
10007b24:	f000 fc32 	bl	1000838c <usbd_control_reset>
10007b28:	4b79      	ldr	r3, [pc, #484]	; (10007d10 <tud_task_ext+0x358>)
10007b2a:	2b00      	cmp	r3, #0
10007b2c:	d100      	bne.n	10007b30 <tud_task_ext+0x178>
10007b2e:	e758      	b.n	100079e2 <tud_task_ext+0x2a>
10007b30:	e000      	b.n	10007b34 <tud_task_ext+0x17c>
10007b32:	bf00      	nop
10007b34:	e755      	b.n	100079e2 <tud_task_ext+0x2a>
10007b36:	7820      	ldrb	r0, [r4, #0]
10007b38:	f7ff fe56 	bl	100077e8 <configuration_reset>
10007b3c:	f000 fc26 	bl	1000838c <usbd_control_reset>
10007b40:	7922      	ldrb	r2, [r4, #4]
10007b42:	4b6d      	ldr	r3, [pc, #436]	; (10007cf8 <tud_task_ext+0x340>)
10007b44:	709a      	strb	r2, [r3, #2]
10007b46:	e74c      	b.n	100079e2 <tud_task_ext+0x2a>
10007b48:	005a      	lsls	r2, r3, #1
10007b4a:	18d2      	adds	r2, r2, r3
10007b4c:	4b71      	ldr	r3, [pc, #452]	; (10007d14 <tud_task_ext+0x35c>)
10007b4e:	00d2      	lsls	r2, r2, #3
10007b50:	189b      	adds	r3, r3, r2
10007b52:	691e      	ldr	r6, [r3, #16]
10007b54:	7962      	ldrb	r2, [r4, #5]
10007b56:	7820      	ldrb	r0, [r4, #0]
10007b58:	68a3      	ldr	r3, [r4, #8]
10007b5a:	47b0      	blx	r6
10007b5c:	e741      	b.n	100079e2 <tud_task_ext+0x2a>
10007b5e:	7962      	ldrb	r2, [r4, #5]
10007b60:	7820      	ldrb	r0, [r4, #0]
10007b62:	68a3      	ldr	r3, [r4, #8]
10007b64:	f000 fc30 	bl	100083c8 <usbd_control_xfer_cb>
10007b68:	e73b      	b.n	100079e2 <tud_task_ext+0x2a>
10007b6a:	486b      	ldr	r0, [pc, #428]	; (10007d18 <tud_task_ext+0x360>)
10007b6c:	2800      	cmp	r0, #0
10007b6e:	d0b2      	beq.n	10007ad6 <tud_task_ext+0x11e>
10007b70:	f000 fc16 	bl	100083a0 <usbd_control_set_complete_callback>
10007b74:	2101      	movs	r1, #1
10007b76:	4640      	mov	r0, r8
10007b78:	aa0c      	add	r2, sp, #48	; 0x30
10007b7a:	e000      	b.n	10007b7e <tud_task_ext+0x1c6>
10007b7c:	bf00      	nop
10007b7e:	2800      	cmp	r0, #0
10007b80:	d000      	beq.n	10007b84 <tud_task_ext+0x1cc>
10007b82:	e72e      	b.n	100079e2 <tud_task_ext+0x2a>
10007b84:	e7a7      	b.n	10007ad6 <tud_task_ext+0x11e>
10007b86:	2a20      	cmp	r2, #32
10007b88:	d100      	bne.n	10007b8c <tud_task_ext+0x1d4>
10007b8a:	e162      	b.n	10007e52 <tud_task_ext+0x49a>
10007b8c:	2a00      	cmp	r2, #0
10007b8e:	d1a2      	bne.n	10007ad6 <tud_task_ext+0x11e>
10007b90:	7963      	ldrb	r3, [r4, #5]
10007b92:	2b09      	cmp	r3, #9
10007b94:	d89f      	bhi.n	10007ad6 <tud_task_ext+0x11e>
10007b96:	4a61      	ldr	r2, [pc, #388]	; (10007d1c <tud_task_ext+0x364>)
10007b98:	009b      	lsls	r3, r3, #2
10007b9a:	58d3      	ldr	r3, [r2, r3]
10007b9c:	469f      	mov	pc, r3
10007b9e:	2370      	movs	r3, #112	; 0x70
10007ba0:	7a21      	ldrb	r1, [r4, #8]
10007ba2:	420b      	tst	r3, r1
10007ba4:	d197      	bne.n	10007ad6 <tud_task_ext+0x11e>
10007ba6:	330f      	adds	r3, #15
10007ba8:	400b      	ands	r3, r1
10007baa:	005b      	lsls	r3, r3, #1
10007bac:	18f8      	adds	r0, r7, r3
10007bae:	09ce      	lsrs	r6, r1, #7
10007bb0:	9301      	str	r3, [sp, #4]
10007bb2:	4b53      	ldr	r3, [pc, #332]	; (10007d00 <tud_task_ext+0x348>)
10007bb4:	1980      	adds	r0, r0, r6
10007bb6:	7cc0      	ldrb	r0, [r0, #19]
10007bb8:	2b00      	cmp	r3, #0
10007bba:	d006      	beq.n	10007bca <tud_task_ext+0x212>
10007bbc:	4b51      	ldr	r3, [pc, #324]	; (10007d04 <tud_task_ext+0x34c>)
10007bbe:	781b      	ldrb	r3, [r3, #0]
10007bc0:	4298      	cmp	r0, r3
10007bc2:	d200      	bcs.n	10007bc6 <tud_task_ext+0x20e>
10007bc4:	e085      	b.n	10007cd2 <tud_task_ext+0x31a>
10007bc6:	1ac0      	subs	r0, r0, r3
10007bc8:	b2c0      	uxtb	r0, r0
10007bca:	2801      	cmp	r0, #1
10007bcc:	d960      	bls.n	10007c90 <tud_task_ext+0x2d8>
10007bce:	2a00      	cmp	r2, #0
10007bd0:	d181      	bne.n	10007ad6 <tud_task_ext+0x11e>
10007bd2:	2300      	movs	r3, #0
10007bd4:	9302      	str	r3, [sp, #8]
10007bd6:	7960      	ldrb	r0, [r4, #5]
10007bd8:	2302      	movs	r3, #2
10007bda:	0002      	movs	r2, r0
10007bdc:	9003      	str	r0, [sp, #12]
10007bde:	439a      	bics	r2, r3
10007be0:	2a01      	cmp	r2, #1
10007be2:	d100      	bne.n	10007be6 <tud_task_ext+0x22e>
10007be4:	e14e      	b.n	10007e84 <tud_task_ext+0x4cc>
10007be6:	2800      	cmp	r0, #0
10007be8:	d000      	beq.n	10007bec <tud_task_ext+0x234>
10007bea:	e774      	b.n	10007ad6 <tud_task_ext+0x11e>
10007bec:	9b01      	ldr	r3, [sp, #4]
10007bee:	aa0a      	add	r2, sp, #40	; 0x28
10007bf0:	18fb      	adds	r3, r7, r3
10007bf2:	199e      	adds	r6, r3, r6
10007bf4:	3630      	adds	r6, #48	; 0x30
10007bf6:	78f3      	ldrb	r3, [r6, #3]
10007bf8:	3202      	adds	r2, #2
10007bfa:	079b      	lsls	r3, r3, #30
10007bfc:	0fdb      	lsrs	r3, r3, #31
10007bfe:	8013      	strh	r3, [r2, #0]
10007c00:	4640      	mov	r0, r8
10007c02:	2302      	movs	r3, #2
10007c04:	a90c      	add	r1, sp, #48	; 0x30
10007c06:	f000 fb63 	bl	100082d0 <tud_control_xfer>
10007c0a:	e6ea      	b.n	100079e2 <tud_task_ext+0x2a>
10007c0c:	005a      	lsls	r2, r3, #1
10007c0e:	18d2      	adds	r2, r2, r3
10007c10:	4b43      	ldr	r3, [pc, #268]	; (10007d20 <tud_task_ext+0x368>)
10007c12:	00d2      	lsls	r2, r2, #3
10007c14:	681b      	ldr	r3, [r3, #0]
10007c16:	189b      	adds	r3, r3, r2
10007c18:	2b00      	cmp	r3, #0
10007c1a:	d19a      	bne.n	10007b52 <tud_task_ext+0x19a>
10007c1c:	e72b      	b.n	10007a76 <tud_task_ext+0xbe>
10007c1e:	7a23      	ldrb	r3, [r4, #8]
10007c20:	2b0f      	cmp	r3, #15
10007c22:	d900      	bls.n	10007c26 <tud_task_ext+0x26e>
10007c24:	e757      	b.n	10007ad6 <tud_task_ext+0x11e>
10007c26:	4a36      	ldr	r2, [pc, #216]	; (10007d00 <tud_task_ext+0x348>)
10007c28:	18fb      	adds	r3, r7, r3
10007c2a:	78db      	ldrb	r3, [r3, #3]
10007c2c:	2a00      	cmp	r2, #0
10007c2e:	d005      	beq.n	10007c3c <tud_task_ext+0x284>
10007c30:	4a34      	ldr	r2, [pc, #208]	; (10007d04 <tud_task_ext+0x34c>)
10007c32:	7812      	ldrb	r2, [r2, #0]
10007c34:	4293      	cmp	r3, r2
10007c36:	d342      	bcc.n	10007cbe <tud_task_ext+0x306>
10007c38:	1a9b      	subs	r3, r3, r2
10007c3a:	b2db      	uxtb	r3, r3
10007c3c:	2b01      	cmp	r3, #1
10007c3e:	d900      	bls.n	10007c42 <tud_task_ext+0x28a>
10007c40:	e749      	b.n	10007ad6 <tud_task_ext+0x11e>
10007c42:	005e      	lsls	r6, r3, #1
10007c44:	18f3      	adds	r3, r6, r3
10007c46:	4e33      	ldr	r6, [pc, #204]	; (10007d14 <tud_task_ext+0x35c>)
10007c48:	00db      	lsls	r3, r3, #3
10007c4a:	18f6      	adds	r6, r6, r3
10007c4c:	68f0      	ldr	r0, [r6, #12]
10007c4e:	f000 fba7 	bl	100083a0 <usbd_control_set_complete_callback>
10007c52:	2101      	movs	r1, #1
10007c54:	4640      	mov	r0, r8
10007c56:	68f3      	ldr	r3, [r6, #12]
10007c58:	aa0c      	add	r2, sp, #48	; 0x30
10007c5a:	4798      	blx	r3
10007c5c:	2800      	cmp	r0, #0
10007c5e:	d000      	beq.n	10007c62 <tud_task_ext+0x2aa>
10007c60:	e6bf      	b.n	100079e2 <tud_task_ext+0x2a>
10007c62:	2260      	movs	r2, #96	; 0x60
10007c64:	0016      	movs	r6, r2
10007c66:	7923      	ldrb	r3, [r4, #4]
10007c68:	401e      	ands	r6, r3
10007c6a:	421a      	tst	r2, r3
10007c6c:	d000      	beq.n	10007c70 <tud_task_ext+0x2b8>
10007c6e:	e732      	b.n	10007ad6 <tud_task_ext+0x11e>
10007c70:	7963      	ldrb	r3, [r4, #5]
10007c72:	3b0a      	subs	r3, #10
10007c74:	2b01      	cmp	r3, #1
10007c76:	d900      	bls.n	10007c7a <tud_task_ext+0x2c2>
10007c78:	e72d      	b.n	10007ad6 <tud_task_ext+0x11e>
10007c7a:	f000 fb91 	bl	100083a0 <usbd_control_set_complete_callback>
10007c7e:	7963      	ldrb	r3, [r4, #5]
10007c80:	2b0a      	cmp	r3, #10
10007c82:	d100      	bne.n	10007c86 <tud_task_ext+0x2ce>
10007c84:	e14c      	b.n	10007f20 <tud_task_ext+0x568>
10007c86:	4640      	mov	r0, r8
10007c88:	a90c      	add	r1, sp, #48	; 0x30
10007c8a:	f000 fb09 	bl	100082a0 <tud_control_status>
10007c8e:	e6a8      	b.n	100079e2 <tud_task_ext+0x2a>
10007c90:	0043      	lsls	r3, r0, #1
10007c92:	469c      	mov	ip, r3
10007c94:	4b1f      	ldr	r3, [pc, #124]	; (10007d14 <tud_task_ext+0x35c>)
10007c96:	4460      	add	r0, ip
10007c98:	00c0      	lsls	r0, r0, #3
10007c9a:	469c      	mov	ip, r3
10007c9c:	0003      	movs	r3, r0
10007c9e:	4463      	add	r3, ip
10007ca0:	9302      	str	r3, [sp, #8]
10007ca2:	2a00      	cmp	r2, #0
10007ca4:	d097      	beq.n	10007bd6 <tud_task_ext+0x21e>
10007ca6:	9e02      	ldr	r6, [sp, #8]
10007ca8:	68f3      	ldr	r3, [r6, #12]
10007caa:	0018      	movs	r0, r3
10007cac:	9301      	str	r3, [sp, #4]
10007cae:	f000 fb77 	bl	100083a0 <usbd_control_set_complete_callback>
10007cb2:	2101      	movs	r1, #1
10007cb4:	4640      	mov	r0, r8
10007cb6:	68f3      	ldr	r3, [r6, #12]
10007cb8:	aa0c      	add	r2, sp, #48	; 0x30
10007cba:	4798      	blx	r3
10007cbc:	e75f      	b.n	10007b7e <tud_task_ext+0x1c6>
10007cbe:	4a18      	ldr	r2, [pc, #96]	; (10007d20 <tud_task_ext+0x368>)
10007cc0:	005e      	lsls	r6, r3, #1
10007cc2:	18f3      	adds	r3, r6, r3
10007cc4:	6816      	ldr	r6, [r2, #0]
10007cc6:	00db      	lsls	r3, r3, #3
10007cc8:	18f6      	adds	r6, r6, r3
10007cca:	2e00      	cmp	r6, #0
10007ccc:	d100      	bne.n	10007cd0 <tud_task_ext+0x318>
10007cce:	e702      	b.n	10007ad6 <tud_task_ext+0x11e>
10007cd0:	e7bc      	b.n	10007c4c <tud_task_ext+0x294>
10007cd2:	0043      	lsls	r3, r0, #1
10007cd4:	469c      	mov	ip, r3
10007cd6:	4b12      	ldr	r3, [pc, #72]	; (10007d20 <tud_task_ext+0x368>)
10007cd8:	4460      	add	r0, ip
10007cda:	681b      	ldr	r3, [r3, #0]
10007cdc:	00c0      	lsls	r0, r0, #3
10007cde:	469c      	mov	ip, r3
10007ce0:	0003      	movs	r3, r0
10007ce2:	4463      	add	r3, ip
10007ce4:	9302      	str	r3, [sp, #8]
10007ce6:	2a00      	cmp	r2, #0
10007ce8:	d100      	bne.n	10007cec <tud_task_ext+0x334>
10007cea:	e774      	b.n	10007bd6 <tud_task_ext+0x21e>
10007cec:	2b00      	cmp	r3, #0
10007cee:	d1da      	bne.n	10007ca6 <tud_task_ext+0x2ee>
10007cf0:	e6f1      	b.n	10007ad6 <tud_task_ext+0x11e>
10007cf2:	46c0      	nop			; (mov r8, r8)
10007cf4:	1000a638 	.word	0x1000a638
10007cf8:	2000255c 	.word	0x2000255c
10007cfc:	200025b4 	.word	0x200025b4
10007d00:	10002175 	.word	0x10002175
10007d04:	20002c3f 	.word	0x20002c3f
	...
10007d14:	1000a6c4 	.word	0x1000a6c4
10007d18:	00000000 	.word	0x00000000
10007d1c:	1000a65c 	.word	0x1000a65c
10007d20:	200020a8 	.word	0x200020a8
10007d24:	79a3      	ldrb	r3, [r4, #6]
10007d26:	9306      	str	r3, [sp, #24]
10007d28:	001a      	movs	r2, r3
10007d2a:	787b      	ldrb	r3, [r7, #1]
10007d2c:	429a      	cmp	r2, r3
10007d2e:	d007      	beq.n	10007d40 <tud_task_ext+0x388>
10007d30:	787b      	ldrb	r3, [r7, #1]
10007d32:	2b00      	cmp	r3, #0
10007d34:	d000      	beq.n	10007d38 <tud_task_ext+0x380>
10007d36:	e165      	b.n	10008004 <tud_task_ext+0x64c>
10007d38:	9b06      	ldr	r3, [sp, #24]
10007d3a:	2b00      	cmp	r3, #0
10007d3c:	d000      	beq.n	10007d40 <tud_task_ext+0x388>
10007d3e:	e0f8      	b.n	10007f32 <tud_task_ext+0x57a>
10007d40:	9b06      	ldr	r3, [sp, #24]
10007d42:	4640      	mov	r0, r8
10007d44:	a90c      	add	r1, sp, #48	; 0x30
10007d46:	707b      	strb	r3, [r7, #1]
10007d48:	f000 faaa 	bl	100082a0 <tud_control_status>
10007d4c:	e649      	b.n	100079e2 <tud_task_ext+0x2a>
10007d4e:	787b      	ldrb	r3, [r7, #1]
10007d50:	aa0a      	add	r2, sp, #40	; 0x28
10007d52:	3202      	adds	r2, #2
10007d54:	7013      	strb	r3, [r2, #0]
10007d56:	4640      	mov	r0, r8
10007d58:	2301      	movs	r3, #1
10007d5a:	a90c      	add	r1, sp, #48	; 0x30
10007d5c:	f000 fab8 	bl	100082d0 <tud_control_xfer>
10007d60:	e63f      	b.n	100079e2 <tud_task_ext+0x2a>
10007d62:	88e0      	ldrh	r0, [r4, #6]
10007d64:	0a03      	lsrs	r3, r0, #8
10007d66:	b2c0      	uxtb	r0, r0
10007d68:	2b0f      	cmp	r3, #15
10007d6a:	d900      	bls.n	10007d6e <tud_task_ext+0x3b6>
10007d6c:	e6b3      	b.n	10007ad6 <tud_task_ext+0x11e>
10007d6e:	49c3      	ldr	r1, [pc, #780]	; (1000807c <tud_task_ext+0x6c4>)
10007d70:	009a      	lsls	r2, r3, #2
10007d72:	588a      	ldr	r2, [r1, r2]
10007d74:	4697      	mov	pc, r2
10007d76:	a80c      	add	r0, sp, #48	; 0x30
10007d78:	f000 fb18 	bl	100083ac <usbd_control_set_request>
10007d7c:	4640      	mov	r0, r8
10007d7e:	79a1      	ldrb	r1, [r4, #6]
10007d80:	f7ff fbaa 	bl	100074d8 <dcd_set_address>
10007d84:	2202      	movs	r2, #2
10007d86:	783b      	ldrb	r3, [r7, #0]
10007d88:	4313      	orrs	r3, r2
10007d8a:	703b      	strb	r3, [r7, #0]
10007d8c:	e629      	b.n	100079e2 <tud_task_ext+0x2a>
10007d8e:	88e3      	ldrh	r3, [r4, #6]
10007d90:	2b01      	cmp	r3, #1
10007d92:	d000      	beq.n	10007d96 <tud_task_ext+0x3de>
10007d94:	e69f      	b.n	10007ad6 <tud_task_ext+0x11e>
10007d96:	2208      	movs	r2, #8
10007d98:	783b      	ldrb	r3, [r7, #0]
10007d9a:	4640      	mov	r0, r8
10007d9c:	4393      	bics	r3, r2
10007d9e:	a90c      	add	r1, sp, #48	; 0x30
10007da0:	703b      	strb	r3, [r7, #0]
10007da2:	f000 fa7d 	bl	100082a0 <tud_control_status>
10007da6:	e61c      	b.n	100079e2 <tud_task_ext+0x2a>
10007da8:	2002      	movs	r0, #2
10007daa:	7839      	ldrb	r1, [r7, #0]
10007dac:	ab0a      	add	r3, sp, #40	; 0x28
10007dae:	1c9a      	adds	r2, r3, #2
10007db0:	068b      	lsls	r3, r1, #26
10007db2:	0889      	lsrs	r1, r1, #2
10007db4:	0fdb      	lsrs	r3, r3, #31
10007db6:	4001      	ands	r1, r0
10007db8:	430b      	orrs	r3, r1
10007dba:	e720      	b.n	10007bfe <tud_task_ext+0x246>
10007dbc:	88e3      	ldrh	r3, [r4, #6]
10007dbe:	2b01      	cmp	r3, #1
10007dc0:	d000      	beq.n	10007dc4 <tud_task_ext+0x40c>
10007dc2:	e688      	b.n	10007ad6 <tud_task_ext+0x11e>
10007dc4:	2208      	movs	r2, #8
10007dc6:	783b      	ldrb	r3, [r7, #0]
10007dc8:	4640      	mov	r0, r8
10007dca:	4313      	orrs	r3, r2
10007dcc:	a90c      	add	r1, sp, #48	; 0x30
10007dce:	703b      	strb	r3, [r7, #0]
10007dd0:	f000 fa66 	bl	100082a0 <tud_control_status>
10007dd4:	e605      	b.n	100079e2 <tud_task_ext+0x2a>
10007dd6:	4baa      	ldr	r3, [pc, #680]	; (10008080 <tud_task_ext+0x6c8>)
10007dd8:	2b00      	cmp	r3, #0
10007dda:	d100      	bne.n	10007dde <tud_task_ext+0x426>
10007ddc:	e67b      	b.n	10007ad6 <tud_task_ext+0x11e>
10007dde:	e000      	b.n	10007de2 <tud_task_ext+0x42a>
10007de0:	bf00      	nop
10007de2:	1e02      	subs	r2, r0, #0
10007de4:	d100      	bne.n	10007de8 <tud_task_ext+0x430>
10007de6:	e676      	b.n	10007ad6 <tud_task_ext+0x11e>
10007de8:	78d3      	ldrb	r3, [r2, #3]
10007dea:	7891      	ldrb	r1, [r2, #2]
10007dec:	021b      	lsls	r3, r3, #8
10007dee:	430b      	orrs	r3, r1
10007df0:	4640      	mov	r0, r8
10007df2:	a90c      	add	r1, sp, #48	; 0x30
10007df4:	f000 fa6c 	bl	100082d0 <tud_control_xfer>
10007df8:	e6c1      	b.n	10007b7e <tud_task_ext+0x1c6>
10007dfa:	4ba2      	ldr	r3, [pc, #648]	; (10008084 <tud_task_ext+0x6cc>)
10007dfc:	2b00      	cmp	r3, #0
10007dfe:	d100      	bne.n	10007e02 <tud_task_ext+0x44a>
10007e00:	e669      	b.n	10007ad6 <tud_task_ext+0x11e>
10007e02:	e000      	b.n	10007e06 <tud_task_ext+0x44e>
10007e04:	bf00      	nop
10007e06:	1e02      	subs	r2, r0, #0
10007e08:	d100      	bne.n	10007e0c <tud_task_ext+0x454>
10007e0a:	e664      	b.n	10007ad6 <tud_task_ext+0x11e>
10007e0c:	4640      	mov	r0, r8
10007e0e:	7813      	ldrb	r3, [r2, #0]
10007e10:	a90c      	add	r1, sp, #48	; 0x30
10007e12:	f000 fa5d 	bl	100082d0 <tud_control_xfer>
10007e16:	e6b2      	b.n	10007b7e <tud_task_ext+0x1c6>
10007e18:	8921      	ldrh	r1, [r4, #8]
10007e1a:	f7f9 ffe5 	bl	10001de8 <tud_descriptor_string_cb>
10007e1e:	1e02      	subs	r2, r0, #0
10007e20:	d1f4      	bne.n	10007e0c <tud_task_ext+0x454>
10007e22:	e658      	b.n	10007ad6 <tud_task_ext+0x11e>
10007e24:	2b02      	cmp	r3, #2
10007e26:	d100      	bne.n	10007e2a <tud_task_ext+0x472>
10007e28:	e0f5      	b.n	10008016 <tud_task_ext+0x65e>
10007e2a:	4b97      	ldr	r3, [pc, #604]	; (10008088 <tud_task_ext+0x6d0>)
10007e2c:	2b00      	cmp	r3, #0
10007e2e:	d100      	bne.n	10007e32 <tud_task_ext+0x47a>
10007e30:	e651      	b.n	10007ad6 <tud_task_ext+0x11e>
10007e32:	e000      	b.n	10007e36 <tud_task_ext+0x47e>
10007e34:	bf00      	nop
10007e36:	0002      	movs	r2, r0
10007e38:	2a00      	cmp	r2, #0
10007e3a:	d100      	bne.n	10007e3e <tud_task_ext+0x486>
10007e3c:	e64b      	b.n	10007ad6 <tud_task_ext+0x11e>
10007e3e:	e7d3      	b.n	10007de8 <tud_task_ext+0x430>
10007e40:	f7f9 ffa0 	bl	10001d84 <tud_descriptor_device_cb>
10007e44:	2312      	movs	r3, #18
10007e46:	0002      	movs	r2, r0
10007e48:	a90c      	add	r1, sp, #48	; 0x30
10007e4a:	4640      	mov	r0, r8
10007e4c:	f000 fa40 	bl	100082d0 <tud_control_xfer>
10007e50:	e695      	b.n	10007b7e <tud_task_ext+0x1c6>
10007e52:	7a23      	ldrb	r3, [r4, #8]
10007e54:	2b0f      	cmp	r3, #15
10007e56:	d900      	bls.n	10007e5a <tud_task_ext+0x4a2>
10007e58:	e63d      	b.n	10007ad6 <tud_task_ext+0x11e>
10007e5a:	4a8c      	ldr	r2, [pc, #560]	; (1000808c <tud_task_ext+0x6d4>)
10007e5c:	18fb      	adds	r3, r7, r3
10007e5e:	78db      	ldrb	r3, [r3, #3]
10007e60:	2a00      	cmp	r2, #0
10007e62:	d005      	beq.n	10007e70 <tud_task_ext+0x4b8>
10007e64:	4a8a      	ldr	r2, [pc, #552]	; (10008090 <tud_task_ext+0x6d8>)
10007e66:	7812      	ldrb	r2, [r2, #0]
10007e68:	4293      	cmp	r3, r2
10007e6a:	d32e      	bcc.n	10007eca <tud_task_ext+0x512>
10007e6c:	1a9b      	subs	r3, r3, r2
10007e6e:	b2db      	uxtb	r3, r3
10007e70:	2b01      	cmp	r3, #1
10007e72:	d900      	bls.n	10007e76 <tud_task_ext+0x4be>
10007e74:	e62f      	b.n	10007ad6 <tud_task_ext+0x11e>
10007e76:	005e      	lsls	r6, r3, #1
10007e78:	18f3      	adds	r3, r6, r3
10007e7a:	4e86      	ldr	r6, [pc, #536]	; (10008094 <tud_task_ext+0x6dc>)
10007e7c:	00db      	lsls	r3, r3, #3
10007e7e:	18f6      	adds	r6, r6, r3
10007e80:	68f0      	ldr	r0, [r6, #12]
10007e82:	e714      	b.n	10007cae <tud_task_ext+0x2f6>
10007e84:	88e2      	ldrh	r2, [r4, #6]
10007e86:	2a00      	cmp	r2, #0
10007e88:	d108      	bne.n	10007e9c <tud_task_ext+0x4e4>
10007e8a:	2801      	cmp	r0, #1
10007e8c:	d027      	beq.n	10007ede <tud_task_ext+0x526>
10007e8e:	9b01      	ldr	r3, [sp, #4]
10007e90:	18fb      	adds	r3, r7, r3
10007e92:	199e      	adds	r6, r3, r6
10007e94:	3630      	adds	r6, #48	; 0x30
10007e96:	78f3      	ldrb	r3, [r6, #3]
10007e98:	079b      	lsls	r3, r3, #30
10007e9a:	d534      	bpl.n	10007f06 <tud_task_ext+0x54e>
10007e9c:	9e02      	ldr	r6, [sp, #8]
10007e9e:	2e00      	cmp	r6, #0
10007ea0:	d100      	bne.n	10007ea4 <tud_task_ext+0x4ec>
10007ea2:	e59e      	b.n	100079e2 <tud_task_ext+0x2a>
10007ea4:	68f3      	ldr	r3, [r6, #12]
10007ea6:	0018      	movs	r0, r3
10007ea8:	9301      	str	r3, [sp, #4]
10007eaa:	f000 fa79 	bl	100083a0 <usbd_control_set_complete_callback>
10007eae:	68f3      	ldr	r3, [r6, #12]
10007eb0:	2101      	movs	r1, #1
10007eb2:	aa0c      	add	r2, sp, #48	; 0x30
10007eb4:	4640      	mov	r0, r8
10007eb6:	4798      	blx	r3
10007eb8:	2000      	movs	r0, #0
10007eba:	f000 fa71 	bl	100083a0 <usbd_control_set_complete_callback>
10007ebe:	2334      	movs	r3, #52	; 0x34
10007ec0:	5cfb      	ldrb	r3, [r7, r3]
10007ec2:	07db      	lsls	r3, r3, #31
10007ec4:	d500      	bpl.n	10007ec8 <tud_task_ext+0x510>
10007ec6:	e58c      	b.n	100079e2 <tud_task_ext+0x2a>
10007ec8:	e6dd      	b.n	10007c86 <tud_task_ext+0x2ce>
10007eca:	4a73      	ldr	r2, [pc, #460]	; (10008098 <tud_task_ext+0x6e0>)
10007ecc:	005e      	lsls	r6, r3, #1
10007ece:	18f3      	adds	r3, r6, r3
10007ed0:	6816      	ldr	r6, [r2, #0]
10007ed2:	00db      	lsls	r3, r3, #3
10007ed4:	18f6      	adds	r6, r6, r3
10007ed6:	2e00      	cmp	r6, #0
10007ed8:	d100      	bne.n	10007edc <tud_task_ext+0x524>
10007eda:	e5fc      	b.n	10007ad6 <tud_task_ext+0x11e>
10007edc:	e7d0      	b.n	10007e80 <tud_task_ext+0x4c8>
10007ede:	9b01      	ldr	r3, [sp, #4]
10007ee0:	18fb      	adds	r3, r7, r3
10007ee2:	199e      	adds	r6, r3, r6
10007ee4:	3630      	adds	r6, #48	; 0x30
10007ee6:	78f3      	ldrb	r3, [r6, #3]
10007ee8:	079b      	lsls	r3, r3, #30
10007eea:	d5d7      	bpl.n	10007e9c <tud_task_ext+0x4e4>
10007eec:	4b6b      	ldr	r3, [pc, #428]	; (1000809c <tud_task_ext+0x6e4>)
10007eee:	7818      	ldrb	r0, [r3, #0]
10007ef0:	f7ff fc14 	bl	1000771c <dcd_edpt_clear_stall>
10007ef4:	2202      	movs	r2, #2
10007ef6:	78f3      	ldrb	r3, [r6, #3]
10007ef8:	4393      	bics	r3, r2
10007efa:	70f3      	strb	r3, [r6, #3]
10007efc:	78f3      	ldrb	r3, [r6, #3]
10007efe:	9a03      	ldr	r2, [sp, #12]
10007f00:	4393      	bics	r3, r2
10007f02:	70f3      	strb	r3, [r6, #3]
10007f04:	e7ca      	b.n	10007e9c <tud_task_ext+0x4e4>
10007f06:	4b65      	ldr	r3, [pc, #404]	; (1000809c <tud_task_ext+0x6e4>)
10007f08:	7818      	ldrb	r0, [r3, #0]
10007f0a:	f7ff fbeb 	bl	100076e4 <dcd_edpt_stall>
10007f0e:	2202      	movs	r2, #2
10007f10:	78f3      	ldrb	r3, [r6, #3]
10007f12:	4313      	orrs	r3, r2
10007f14:	2201      	movs	r2, #1
10007f16:	70f3      	strb	r3, [r6, #3]
10007f18:	78f3      	ldrb	r3, [r6, #3]
10007f1a:	4313      	orrs	r3, r2
10007f1c:	70f3      	strb	r3, [r6, #3]
10007f1e:	e7bd      	b.n	10007e9c <tud_task_ext+0x4e4>
10007f20:	ab0a      	add	r3, sp, #40	; 0x28
10007f22:	1c9a      	adds	r2, r3, #2
10007f24:	4640      	mov	r0, r8
10007f26:	2301      	movs	r3, #1
10007f28:	a90c      	add	r1, sp, #48	; 0x30
10007f2a:	7016      	strb	r6, [r2, #0]
10007f2c:	f000 f9d0 	bl	100082d0 <tud_control_xfer>
10007f30:	e557      	b.n	100079e2 <tud_task_ext+0x2a>
10007f32:	1e58      	subs	r0, r3, #1
10007f34:	b2c0      	uxtb	r0, r0
10007f36:	f7f9 ff45 	bl	10001dc4 <tud_descriptor_configuration_cb>
10007f3a:	2800      	cmp	r0, #0
10007f3c:	d100      	bne.n	10007f40 <tud_task_ext+0x588>
10007f3e:	e5ca      	b.n	10007ad6 <tud_task_ext+0x11e>
10007f40:	7843      	ldrb	r3, [r0, #1]
10007f42:	9308      	str	r3, [sp, #32]
10007f44:	2b02      	cmp	r3, #2
10007f46:	d000      	beq.n	10007f4a <tud_task_ext+0x592>
10007f48:	e5c5      	b.n	10007ad6 <tud_task_ext+0x11e>
10007f4a:	2101      	movs	r1, #1
10007f4c:	0006      	movs	r6, r0
10007f4e:	79c2      	ldrb	r2, [r0, #7]
10007f50:	3609      	adds	r6, #9
10007f52:	1193      	asrs	r3, r2, #6
10007f54:	1152      	asrs	r2, r2, #5
10007f56:	400b      	ands	r3, r1
10007f58:	400a      	ands	r2, r1
10007f5a:	0112      	lsls	r2, r2, #4
10007f5c:	015b      	lsls	r3, r3, #5
10007f5e:	4313      	orrs	r3, r2
10007f60:	783a      	ldrb	r2, [r7, #0]
10007f62:	312f      	adds	r1, #47	; 0x2f
10007f64:	438a      	bics	r2, r1
10007f66:	4313      	orrs	r3, r2
10007f68:	703b      	strb	r3, [r7, #0]
10007f6a:	78c3      	ldrb	r3, [r0, #3]
10007f6c:	7882      	ldrb	r2, [r0, #2]
10007f6e:	021b      	lsls	r3, r3, #8
10007f70:	4313      	orrs	r3, r2
10007f72:	18c3      	adds	r3, r0, r3
10007f74:	9307      	str	r3, [sp, #28]
10007f76:	4643      	mov	r3, r8
10007f78:	46b0      	mov	r8, r6
10007f7a:	9304      	str	r3, [sp, #16]
10007f7c:	9b07      	ldr	r3, [sp, #28]
10007f7e:	4543      	cmp	r3, r8
10007f80:	d800      	bhi.n	10007f84 <tud_task_ext+0x5cc>
10007f82:	e0ae      	b.n	100080e2 <tud_task_ext+0x72a>
10007f84:	4643      	mov	r3, r8
10007f86:	2201      	movs	r2, #1
10007f88:	785b      	ldrb	r3, [r3, #1]
10007f8a:	9203      	str	r2, [sp, #12]
10007f8c:	2b0b      	cmp	r3, #11
10007f8e:	d105      	bne.n	10007f9c <tud_task_ext+0x5e4>
10007f90:	4643      	mov	r3, r8
10007f92:	78db      	ldrb	r3, [r3, #3]
10007f94:	9303      	str	r3, [sp, #12]
10007f96:	4643      	mov	r3, r8
10007f98:	781b      	ldrb	r3, [r3, #0]
10007f9a:	4498      	add	r8, r3
10007f9c:	4643      	mov	r3, r8
10007f9e:	785b      	ldrb	r3, [r3, #1]
10007fa0:	2b04      	cmp	r3, #4
10007fa2:	d000      	beq.n	10007fa6 <tud_task_ext+0x5ee>
10007fa4:	e597      	b.n	10007ad6 <tud_task_ext+0x11e>
10007fa6:	4642      	mov	r2, r8
10007fa8:	2100      	movs	r1, #0
10007faa:	9b07      	ldr	r3, [sp, #28]
10007fac:	9101      	str	r1, [sp, #4]
10007fae:	1a9b      	subs	r3, r3, r2
10007fb0:	b29b      	uxth	r3, r3
10007fb2:	9302      	str	r3, [sp, #8]
10007fb4:	4a35      	ldr	r2, [pc, #212]	; (1000808c <tud_task_ext+0x6d4>)
10007fb6:	4b36      	ldr	r3, [pc, #216]	; (10008090 <tud_task_ext+0x6d8>)
10007fb8:	9105      	str	r1, [sp, #20]
10007fba:	781b      	ldrb	r3, [r3, #0]
10007fbc:	428a      	cmp	r2, r1
10007fbe:	d039      	beq.n	10008034 <tud_task_ext+0x67c>
10007fc0:	9a01      	ldr	r2, [sp, #4]
10007fc2:	429a      	cmp	r2, r3
10007fc4:	d32b      	bcc.n	1000801e <tud_task_ext+0x666>
10007fc6:	1ad3      	subs	r3, r2, r3
10007fc8:	b2db      	uxtb	r3, r3
10007fca:	2b01      	cmp	r3, #1
10007fcc:	d900      	bls.n	10007fd0 <tud_task_ext+0x618>
10007fce:	e582      	b.n	10007ad6 <tud_task_ext+0x11e>
10007fd0:	4652      	mov	r2, sl
10007fd2:	4353      	muls	r3, r2
10007fd4:	4a2f      	ldr	r2, [pc, #188]	; (10008094 <tud_task_ext+0x6dc>)
10007fd6:	18d6      	adds	r6, r2, r3
10007fd8:	4641      	mov	r1, r8
10007fda:	9a02      	ldr	r2, [sp, #8]
10007fdc:	9804      	ldr	r0, [sp, #16]
10007fde:	68b3      	ldr	r3, [r6, #8]
10007fe0:	4798      	blx	r3
10007fe2:	4684      	mov	ip, r0
10007fe4:	2808      	cmp	r0, #8
10007fe6:	d902      	bls.n	10007fee <tud_task_ext+0x636>
10007fe8:	9a02      	ldr	r2, [sp, #8]
10007fea:	4282      	cmp	r2, r0
10007fec:	d23f      	bcs.n	1000806e <tud_task_ext+0x6b6>
10007fee:	9b01      	ldr	r3, [sp, #4]
10007ff0:	3301      	adds	r3, #1
10007ff2:	b2d9      	uxtb	r1, r3
10007ff4:	4b26      	ldr	r3, [pc, #152]	; (10008090 <tud_task_ext+0x6d8>)
10007ff6:	9101      	str	r1, [sp, #4]
10007ff8:	781b      	ldrb	r3, [r3, #0]
10007ffa:	9105      	str	r1, [sp, #20]
10007ffc:	1c5a      	adds	r2, r3, #1
10007ffe:	428a      	cmp	r2, r1
10008000:	dade      	bge.n	10007fc0 <tud_task_ext+0x608>
10008002:	e568      	b.n	10007ad6 <tud_task_ext+0x11e>
10008004:	4640      	mov	r0, r8
10008006:	f7ff fb57 	bl	100076b8 <dcd_edpt_close_all>
1000800a:	78be      	ldrb	r6, [r7, #2]
1000800c:	4640      	mov	r0, r8
1000800e:	f7ff fbeb 	bl	100077e8 <configuration_reset>
10008012:	70be      	strb	r6, [r7, #2]
10008014:	e690      	b.n	10007d38 <tud_task_ext+0x380>
10008016:	f7f9 fed5 	bl	10001dc4 <tud_descriptor_configuration_cb>
1000801a:	0002      	movs	r2, r0
1000801c:	e70c      	b.n	10007e38 <tud_task_ext+0x480>
1000801e:	4b1e      	ldr	r3, [pc, #120]	; (10008098 <tud_task_ext+0x6e0>)
10008020:	4656      	mov	r6, sl
10008022:	681b      	ldr	r3, [r3, #0]
10008024:	4356      	muls	r6, r2
10008026:	9309      	str	r3, [sp, #36]	; 0x24
10008028:	9b09      	ldr	r3, [sp, #36]	; 0x24
1000802a:	469c      	mov	ip, r3
1000802c:	4466      	add	r6, ip
1000802e:	2e00      	cmp	r6, #0
10008030:	d1d2      	bne.n	10007fd8 <tud_task_ext+0x620>
10008032:	e550      	b.n	10007ad6 <tud_task_ext+0x11e>
10008034:	9e02      	ldr	r6, [sp, #8]
10008036:	4641      	mov	r1, r8
10008038:	0032      	movs	r2, r6
1000803a:	9804      	ldr	r0, [sp, #16]
1000803c:	f000 fb48 	bl	100086d0 <cdcd_open>
10008040:	4684      	mov	ip, r0
10008042:	2808      	cmp	r0, #8
10008044:	d901      	bls.n	1000804a <tud_task_ext+0x692>
10008046:	4286      	cmp	r6, r0
10008048:	d254      	bcs.n	100080f4 <tud_task_ext+0x73c>
1000804a:	9e02      	ldr	r6, [sp, #8]
1000804c:	4641      	mov	r1, r8
1000804e:	0032      	movs	r2, r6
10008050:	9804      	ldr	r0, [sp, #16]
10008052:	f000 fd3f 	bl	10008ad4 <hidd_open>
10008056:	4684      	mov	ip, r0
10008058:	2808      	cmp	r0, #8
1000805a:	d800      	bhi.n	1000805e <tud_task_ext+0x6a6>
1000805c:	e53b      	b.n	10007ad6 <tud_task_ext+0x11e>
1000805e:	4286      	cmp	r6, r0
10008060:	d200      	bcs.n	10008064 <tud_task_ext+0x6ac>
10008062:	e538      	b.n	10007ad6 <tud_task_ext+0x11e>
10008064:	2301      	movs	r3, #1
10008066:	4e0b      	ldr	r6, [pc, #44]	; (10008094 <tud_task_ext+0x6dc>)
10008068:	9301      	str	r3, [sp, #4]
1000806a:	3618      	adds	r6, #24
1000806c:	9305      	str	r3, [sp, #20]
1000806e:	9b03      	ldr	r3, [sp, #12]
10008070:	2b01      	cmp	r3, #1
10008072:	d041      	beq.n	100080f8 <tud_task_ext+0x740>
10008074:	2200      	movs	r2, #0
10008076:	4640      	mov	r0, r8
10008078:	e01e      	b.n	100080b8 <tud_task_ext+0x700>
1000807a:	46c0      	nop			; (mov r8, r8)
1000807c:	1000a684 	.word	0x1000a684
	...
1000808c:	10002175 	.word	0x10002175
10008090:	20002c3f 	.word	0x20002c3f
10008094:	1000a6c4 	.word	0x1000a6c4
10008098:	200020a8 	.word	0x200020a8
1000809c:	20001004 	.word	0x20001004
100080a0:	7883      	ldrb	r3, [r0, #2]
100080a2:	18d3      	adds	r3, r2, r3
100080a4:	b2db      	uxtb	r3, r3
100080a6:	18fb      	adds	r3, r7, r3
100080a8:	78d9      	ldrb	r1, [r3, #3]
100080aa:	29ff      	cmp	r1, #255	; 0xff
100080ac:	d000      	beq.n	100080b0 <tud_task_ext+0x6f8>
100080ae:	e512      	b.n	10007ad6 <tud_task_ext+0x11e>
100080b0:	9901      	ldr	r1, [sp, #4]
100080b2:	3201      	adds	r2, #1
100080b4:	70d9      	strb	r1, [r3, #3]
100080b6:	b2d2      	uxtb	r2, r2
100080b8:	9b03      	ldr	r3, [sp, #12]
100080ba:	429a      	cmp	r2, r3
100080bc:	d1f0      	bne.n	100080a0 <tud_task_ext+0x6e8>
100080be:	4666      	mov	r6, ip
100080c0:	4662      	mov	r2, ip
100080c2:	4680      	mov	r8, r0
100080c4:	0001      	movs	r1, r0
100080c6:	9b01      	ldr	r3, [sp, #4]
100080c8:	4658      	mov	r0, fp
100080ca:	f000 fee7 	bl	10008e9c <tu_edpt_bind_driver>
100080ce:	46b4      	mov	ip, r6
100080d0:	4b0d      	ldr	r3, [pc, #52]	; (10008108 <tud_task_ext+0x750>)
100080d2:	9a05      	ldr	r2, [sp, #20]
100080d4:	781b      	ldrb	r3, [r3, #0]
100080d6:	44e0      	add	r8, ip
100080d8:	3301      	adds	r3, #1
100080da:	429a      	cmp	r2, r3
100080dc:	dc00      	bgt.n	100080e0 <tud_task_ext+0x728>
100080de:	e74d      	b.n	10007f7c <tud_task_ext+0x5c4>
100080e0:	e4f9      	b.n	10007ad6 <tud_task_ext+0x11e>
100080e2:	9b04      	ldr	r3, [sp, #16]
100080e4:	4698      	mov	r8, r3
100080e6:	4b09      	ldr	r3, [pc, #36]	; (1000810c <tud_task_ext+0x754>)
100080e8:	2b00      	cmp	r3, #0
100080ea:	d100      	bne.n	100080ee <tud_task_ext+0x736>
100080ec:	e628      	b.n	10007d40 <tud_task_ext+0x388>
100080ee:	e000      	b.n	100080f2 <tud_task_ext+0x73a>
100080f0:	bf00      	nop
100080f2:	e625      	b.n	10007d40 <tud_task_ext+0x388>
100080f4:	4e06      	ldr	r6, [pc, #24]	; (10008110 <tud_task_ext+0x758>)
100080f6:	e7ba      	b.n	1000806e <tud_task_ext+0x6b6>
100080f8:	4b06      	ldr	r3, [pc, #24]	; (10008114 <tud_task_ext+0x75c>)
100080fa:	68b2      	ldr	r2, [r6, #8]
100080fc:	429a      	cmp	r2, r3
100080fe:	d1b9      	bne.n	10008074 <tud_task_ext+0x6bc>
10008100:	9b08      	ldr	r3, [sp, #32]
10008102:	9303      	str	r3, [sp, #12]
10008104:	e7b6      	b.n	10008074 <tud_task_ext+0x6bc>
10008106:	46c0      	nop			; (mov r8, r8)
10008108:	20002c3f 	.word	0x20002c3f
1000810c:	00000000 	.word	0x00000000
10008110:	1000a6c4 	.word	0x1000a6c4
10008114:	100086d1 	.word	0x100086d1

10008118 <usbd_open_edpt_pair>:
10008118:	b5f8      	push	{r3, r4, r5, r6, r7, lr}
1000811a:	4657      	mov	r7, sl
1000811c:	464e      	mov	r6, r9
1000811e:	46de      	mov	lr, fp
10008120:	4645      	mov	r5, r8
10008122:	000c      	movs	r4, r1
10008124:	b5e0      	push	{r5, r6, r7, lr}
10008126:	0016      	movs	r6, r2
10008128:	001f      	movs	r7, r3
1000812a:	2a00      	cmp	r2, #0
1000812c:	d03c      	beq.n	100081a8 <usbd_open_edpt_pair+0x90>
1000812e:	2370      	movs	r3, #112	; 0x70
10008130:	4698      	mov	r8, r3
10008132:	4b1e      	ldr	r3, [pc, #120]	; (100081ac <usbd_open_edpt_pair+0x94>)
10008134:	2500      	movs	r5, #0
10008136:	469b      	mov	fp, r3
10008138:	4b1d      	ldr	r3, [pc, #116]	; (100081b0 <usbd_open_edpt_pair+0x98>)
1000813a:	469a      	mov	sl, r3
1000813c:	e01a      	b.n	10008174 <usbd_open_edpt_pair+0x5c>
1000813e:	465b      	mov	r3, fp
10008140:	781b      	ldrb	r3, [r3, #0]
10008142:	0020      	movs	r0, r4
10008144:	4699      	mov	r9, r3
10008146:	4653      	mov	r3, sl
10008148:	7899      	ldrb	r1, [r3, #2]
1000814a:	f000 fe6b 	bl	10008e24 <tu_edpt_validate>
1000814e:	2800      	cmp	r0, #0
10008150:	d01c      	beq.n	1000818c <usbd_open_edpt_pair+0x74>
10008152:	0021      	movs	r1, r4
10008154:	4648      	mov	r0, r9
10008156:	f7ff fa2b 	bl	100075b0 <dcd_edpt_open>
1000815a:	2800      	cmp	r0, #0
1000815c:	d016      	beq.n	1000818c <usbd_open_edpt_pair+0x74>
1000815e:	78a3      	ldrb	r3, [r4, #2]
10008160:	09da      	lsrs	r2, r3, #7
10008162:	2a01      	cmp	r2, #1
10008164:	d019      	beq.n	1000819a <usbd_open_edpt_pair+0x82>
10008166:	9a0a      	ldr	r2, [sp, #40]	; 0x28
10008168:	3501      	adds	r5, #1
1000816a:	7013      	strb	r3, [r2, #0]
1000816c:	7823      	ldrb	r3, [r4, #0]
1000816e:	18e4      	adds	r4, r4, r3
10008170:	42b5      	cmp	r5, r6
10008172:	da19      	bge.n	100081a8 <usbd_open_edpt_pair+0x90>
10008174:	7863      	ldrb	r3, [r4, #1]
10008176:	2b05      	cmp	r3, #5
10008178:	d108      	bne.n	1000818c <usbd_open_edpt_pair+0x74>
1000817a:	78e3      	ldrb	r3, [r4, #3]
1000817c:	079b      	lsls	r3, r3, #30
1000817e:	0f9b      	lsrs	r3, r3, #30
10008180:	42bb      	cmp	r3, r7
10008182:	d103      	bne.n	1000818c <usbd_open_edpt_pair+0x74>
10008184:	4642      	mov	r2, r8
10008186:	78a3      	ldrb	r3, [r4, #2]
10008188:	421a      	tst	r2, r3
1000818a:	d0d8      	beq.n	1000813e <usbd_open_edpt_pair+0x26>
1000818c:	2000      	movs	r0, #0
1000818e:	bcf0      	pop	{r4, r5, r6, r7}
10008190:	46bb      	mov	fp, r7
10008192:	46b2      	mov	sl, r6
10008194:	46a9      	mov	r9, r5
10008196:	46a0      	mov	r8, r4
10008198:	bdf8      	pop	{r3, r4, r5, r6, r7, pc}
1000819a:	9a0b      	ldr	r2, [sp, #44]	; 0x2c
1000819c:	3501      	adds	r5, #1
1000819e:	7013      	strb	r3, [r2, #0]
100081a0:	7823      	ldrb	r3, [r4, #0]
100081a2:	18e4      	adds	r4, r4, r3
100081a4:	42b5      	cmp	r5, r6
100081a6:	dbe5      	blt.n	10008174 <usbd_open_edpt_pair+0x5c>
100081a8:	2001      	movs	r0, #1
100081aa:	e7f0      	b.n	1000818e <usbd_open_edpt_pair+0x76>
100081ac:	20001004 	.word	0x20001004
100081b0:	2000255c 	.word	0x2000255c

100081b4 <usbd_edpt_open>:
100081b4:	2270      	movs	r2, #112	; 0x70
100081b6:	b570      	push	{r4, r5, r6, lr}
100081b8:	788b      	ldrb	r3, [r1, #2]
100081ba:	000c      	movs	r4, r1
100081bc:	421a      	tst	r2, r3
100081be:	d001      	beq.n	100081c4 <usbd_edpt_open+0x10>
100081c0:	2000      	movs	r0, #0
100081c2:	bd70      	pop	{r4, r5, r6, pc}
100081c4:	4b06      	ldr	r3, [pc, #24]	; (100081e0 <usbd_edpt_open+0x2c>)
100081c6:	0020      	movs	r0, r4
100081c8:	781d      	ldrb	r5, [r3, #0]
100081ca:	4b06      	ldr	r3, [pc, #24]	; (100081e4 <usbd_edpt_open+0x30>)
100081cc:	7899      	ldrb	r1, [r3, #2]
100081ce:	f000 fe29 	bl	10008e24 <tu_edpt_validate>
100081d2:	2800      	cmp	r0, #0
100081d4:	d0f4      	beq.n	100081c0 <usbd_edpt_open+0xc>
100081d6:	0021      	movs	r1, r4
100081d8:	0028      	movs	r0, r5
100081da:	f7ff f9e9 	bl	100075b0 <dcd_edpt_open>
100081de:	e7f0      	b.n	100081c2 <usbd_edpt_open+0xe>
100081e0:	20001004 	.word	0x20001004
100081e4:	2000255c 	.word	0x2000255c

100081e8 <usbd_edpt_claim>:
100081e8:	4b07      	ldr	r3, [pc, #28]	; (10008208 <usbd_edpt_claim+0x20>)
100081ea:	0008      	movs	r0, r1
100081ec:	6819      	ldr	r1, [r3, #0]
100081ee:	237f      	movs	r3, #127	; 0x7f
100081f0:	b510      	push	{r4, lr}
100081f2:	4003      	ands	r3, r0
100081f4:	09c0      	lsrs	r0, r0, #7
100081f6:	005b      	lsls	r3, r3, #1
100081f8:	3033      	adds	r0, #51	; 0x33
100081fa:	1818      	adds	r0, r3, r0
100081fc:	4b03      	ldr	r3, [pc, #12]	; (1000820c <usbd_edpt_claim+0x24>)
100081fe:	1818      	adds	r0, r3, r0
10008200:	f000 fdcc 	bl	10008d9c <tu_edpt_claim>
10008204:	bd10      	pop	{r4, pc}
10008206:	46c0      	nop			; (mov r8, r8)
10008208:	200025b0 	.word	0x200025b0
1000820c:	2000255c 	.word	0x2000255c

10008210 <usbd_edpt_release>:
10008210:	4b07      	ldr	r3, [pc, #28]	; (10008230 <usbd_edpt_release+0x20>)
10008212:	0008      	movs	r0, r1
10008214:	6819      	ldr	r1, [r3, #0]
10008216:	237f      	movs	r3, #127	; 0x7f
10008218:	b510      	push	{r4, lr}
1000821a:	4003      	ands	r3, r0
1000821c:	09c0      	lsrs	r0, r0, #7
1000821e:	005b      	lsls	r3, r3, #1
10008220:	3033      	adds	r0, #51	; 0x33
10008222:	1818      	adds	r0, r3, r0
10008224:	4b03      	ldr	r3, [pc, #12]	; (10008234 <usbd_edpt_release+0x24>)
10008226:	1818      	adds	r0, r3, r0
10008228:	f000 fde0 	bl	10008dec <tu_edpt_release>
1000822c:	bd10      	pop	{r4, pc}
1000822e:	46c0      	nop			; (mov r8, r8)
10008230:	200025b0 	.word	0x200025b0
10008234:	2000255c 	.word	0x2000255c

10008238 <usbd_edpt_xfer>:
10008238:	207f      	movs	r0, #127	; 0x7f
1000823a:	b570      	push	{r4, r5, r6, lr}
1000823c:	4008      	ands	r0, r1
1000823e:	4c0f      	ldr	r4, [pc, #60]	; (1000827c <usbd_edpt_xfer+0x44>)
10008240:	0040      	lsls	r0, r0, #1
10008242:	09cd      	lsrs	r5, r1, #7
10008244:	1824      	adds	r4, r4, r0
10008246:	1964      	adds	r4, r4, r5
10008248:	3430      	adds	r4, #48	; 0x30
1000824a:	78e5      	ldrb	r5, [r4, #3]
1000824c:	2000      	movs	r0, #0
1000824e:	07ed      	lsls	r5, r5, #31
10008250:	d500      	bpl.n	10008254 <usbd_edpt_xfer+0x1c>
10008252:	bd70      	pop	{r4, r5, r6, pc}
10008254:	2601      	movs	r6, #1
10008256:	78e5      	ldrb	r5, [r4, #3]
10008258:	4809      	ldr	r0, [pc, #36]	; (10008280 <usbd_edpt_xfer+0x48>)
1000825a:	4335      	orrs	r5, r6
1000825c:	7800      	ldrb	r0, [r0, #0]
1000825e:	70e5      	strb	r5, [r4, #3]
10008260:	f7ff fa2e 	bl	100076c0 <dcd_edpt_xfer>
10008264:	2800      	cmp	r0, #0
10008266:	d1f4      	bne.n	10008252 <usbd_edpt_xfer+0x1a>
10008268:	2201      	movs	r2, #1
1000826a:	78e3      	ldrb	r3, [r4, #3]
1000826c:	4393      	bics	r3, r2
1000826e:	70e3      	strb	r3, [r4, #3]
10008270:	78e3      	ldrb	r3, [r4, #3]
10008272:	3203      	adds	r2, #3
10008274:	4393      	bics	r3, r2
10008276:	70e3      	strb	r3, [r4, #3]
10008278:	e7eb      	b.n	10008252 <usbd_edpt_xfer+0x1a>
1000827a:	46c0      	nop			; (mov r8, r8)
1000827c:	2000255c 	.word	0x2000255c
10008280:	20001004 	.word	0x20001004

10008284 <usbd_edpt_busy>:
10008284:	227f      	movs	r2, #127	; 0x7f
10008286:	09cb      	lsrs	r3, r1, #7
10008288:	400a      	ands	r2, r1
1000828a:	4904      	ldr	r1, [pc, #16]	; (1000829c <usbd_edpt_busy+0x18>)
1000828c:	0052      	lsls	r2, r2, #1
1000828e:	1889      	adds	r1, r1, r2
10008290:	18c9      	adds	r1, r1, r3
10008292:	3130      	adds	r1, #48	; 0x30
10008294:	78c8      	ldrb	r0, [r1, #3]
10008296:	07c0      	lsls	r0, r0, #31
10008298:	0fc0      	lsrs	r0, r0, #31
1000829a:	4770      	bx	lr
1000829c:	2000255c 	.word	0x2000255c

100082a0 <tud_control_status>:
100082a0:	b570      	push	{r4, r5, r6, lr}
100082a2:	4e0a      	ldr	r6, [pc, #40]	; (100082cc <tud_control_status+0x2c>)
100082a4:	0005      	movs	r5, r0
100082a6:	0030      	movs	r0, r6
100082a8:	2208      	movs	r2, #8
100082aa:	000c      	movs	r4, r1
100082ac:	f7fe fe2e 	bl	10006f0c <__wrap___aeabi_memcpy>
100082b0:	2300      	movs	r3, #0
100082b2:	217f      	movs	r1, #127	; 0x7f
100082b4:	60f3      	str	r3, [r6, #12]
100082b6:	7822      	ldrb	r2, [r4, #0]
100082b8:	60b3      	str	r3, [r6, #8]
100082ba:	4291      	cmp	r1, r2
100082bc:	415b      	adcs	r3, r3
100082be:	0028      	movs	r0, r5
100082c0:	01d9      	lsls	r1, r3, #7
100082c2:	2200      	movs	r2, #0
100082c4:	2300      	movs	r3, #0
100082c6:	f7ff ffb7 	bl	10008238 <usbd_edpt_xfer>
100082ca:	bd70      	pop	{r4, r5, r6, pc}
100082cc:	20002374 	.word	0x20002374

100082d0 <tud_control_xfer>:
100082d0:	b5f8      	push	{r3, r4, r5, r6, r7, lr}
100082d2:	46ce      	mov	lr, r9
100082d4:	4647      	mov	r7, r8
100082d6:	4691      	mov	r9, r2
100082d8:	4e2a      	ldr	r6, [pc, #168]	; (10008384 <tud_control_xfer+0xb4>)
100082da:	b580      	push	{r7, lr}
100082dc:	2208      	movs	r2, #8
100082de:	0007      	movs	r7, r0
100082e0:	0030      	movs	r0, r6
100082e2:	000d      	movs	r5, r1
100082e4:	4698      	mov	r8, r3
100082e6:	f7fe fe11 	bl	10006f0c <__wrap___aeabi_memcpy>
100082ea:	464b      	mov	r3, r9
100082ec:	60b3      	str	r3, [r6, #8]
100082ee:	2300      	movs	r3, #0
100082f0:	81f3      	strh	r3, [r6, #14]
100082f2:	79ec      	ldrb	r4, [r5, #7]
100082f4:	79a9      	ldrb	r1, [r5, #6]
100082f6:	0224      	lsls	r4, r4, #8
100082f8:	430c      	orrs	r4, r1
100082fa:	1c23      	adds	r3, r4, #0
100082fc:	4544      	cmp	r4, r8
100082fe:	d900      	bls.n	10008302 <tud_control_xfer+0x32>
10008300:	4643      	mov	r3, r8
10008302:	b29a      	uxth	r2, r3
10008304:	4690      	mov	r8, r2
10008306:	81b3      	strh	r3, [r6, #12]
10008308:	2c00      	cmp	r4, #0
1000830a:	d013      	beq.n	10008334 <tud_control_xfer+0x64>
1000830c:	2a00      	cmp	r2, #0
1000830e:	d01f      	beq.n	10008350 <tud_control_xfer+0x80>
10008310:	464b      	mov	r3, r9
10008312:	2b00      	cmp	r3, #0
10008314:	d034      	beq.n	10008380 <tud_control_xfer+0xb0>
10008316:	1c13      	adds	r3, r2, #0
10008318:	2a40      	cmp	r2, #64	; 0x40
1000831a:	d81f      	bhi.n	1000835c <tud_control_xfer+0x8c>
1000831c:	b29b      	uxth	r3, r3
1000831e:	4698      	mov	r8, r3
10008320:	7833      	ldrb	r3, [r6, #0]
10008322:	2b7f      	cmp	r3, #127	; 0x7f
10008324:	d820      	bhi.n	10008368 <tud_control_xfer+0x98>
10008326:	2100      	movs	r1, #0
10008328:	4a17      	ldr	r2, [pc, #92]	; (10008388 <tud_control_xfer+0xb8>)
1000832a:	4643      	mov	r3, r8
1000832c:	0038      	movs	r0, r7
1000832e:	f7ff ff83 	bl	10008238 <usbd_edpt_xfer>
10008332:	e009      	b.n	10008348 <tud_control_xfer+0x78>
10008334:	227f      	movs	r2, #127	; 0x7f
10008336:	782b      	ldrb	r3, [r5, #0]
10008338:	0038      	movs	r0, r7
1000833a:	429a      	cmp	r2, r3
1000833c:	4164      	adcs	r4, r4
1000833e:	2300      	movs	r3, #0
10008340:	2200      	movs	r2, #0
10008342:	01e1      	lsls	r1, r4, #7
10008344:	f7ff ff78 	bl	10008238 <usbd_edpt_xfer>
10008348:	bcc0      	pop	{r6, r7}
1000834a:	46b9      	mov	r9, r7
1000834c:	46b0      	mov	r8, r6
1000834e:	bdf8      	pop	{r3, r4, r5, r6, r7, pc}
10008350:	7833      	ldrb	r3, [r6, #0]
10008352:	2b7f      	cmp	r3, #127	; 0x7f
10008354:	d911      	bls.n	1000837a <tud_control_xfer+0xaa>
10008356:	2180      	movs	r1, #128	; 0x80
10008358:	2200      	movs	r2, #0
1000835a:	e7e6      	b.n	1000832a <tud_control_xfer+0x5a>
1000835c:	2340      	movs	r3, #64	; 0x40
1000835e:	b29b      	uxth	r3, r3
10008360:	4698      	mov	r8, r3
10008362:	7833      	ldrb	r3, [r6, #0]
10008364:	2b7f      	cmp	r3, #127	; 0x7f
10008366:	d9de      	bls.n	10008326 <tud_control_xfer+0x56>
10008368:	4c07      	ldr	r4, [pc, #28]	; (10008388 <tud_control_xfer+0xb8>)
1000836a:	4642      	mov	r2, r8
1000836c:	4649      	mov	r1, r9
1000836e:	0020      	movs	r0, r4
10008370:	f7fe fdcc 	bl	10006f0c <__wrap___aeabi_memcpy>
10008374:	2180      	movs	r1, #128	; 0x80
10008376:	0022      	movs	r2, r4
10008378:	e7d7      	b.n	1000832a <tud_control_xfer+0x5a>
1000837a:	2100      	movs	r1, #0
1000837c:	2200      	movs	r2, #0
1000837e:	e7d4      	b.n	1000832a <tud_control_xfer+0x5a>
10008380:	2000      	movs	r0, #0
10008382:	e7e1      	b.n	10008348 <tud_control_xfer+0x78>
10008384:	20002374 	.word	0x20002374
10008388:	2000251c 	.word	0x2000251c

1000838c <usbd_control_reset>:
1000838c:	b510      	push	{r4, lr}
1000838e:	2214      	movs	r2, #20
10008390:	2100      	movs	r1, #0
10008392:	4802      	ldr	r0, [pc, #8]	; (1000839c <usbd_control_reset+0x10>)
10008394:	f7fe fdb4 	bl	10006f00 <__wrap_memset>
10008398:	bd10      	pop	{r4, pc}
1000839a:	46c0      	nop			; (mov r8, r8)
1000839c:	20002374 	.word	0x20002374

100083a0 <usbd_control_set_complete_callback>:
100083a0:	4b01      	ldr	r3, [pc, #4]	; (100083a8 <usbd_control_set_complete_callback+0x8>)
100083a2:	6118      	str	r0, [r3, #16]
100083a4:	4770      	bx	lr
100083a6:	46c0      	nop			; (mov r8, r8)
100083a8:	20002374 	.word	0x20002374

100083ac <usbd_control_set_request>:
100083ac:	b510      	push	{r4, lr}
100083ae:	4c05      	ldr	r4, [pc, #20]	; (100083c4 <usbd_control_set_request+0x18>)
100083b0:	0001      	movs	r1, r0
100083b2:	2208      	movs	r2, #8
100083b4:	0020      	movs	r0, r4
100083b6:	f7fe fda9 	bl	10006f0c <__wrap___aeabi_memcpy>
100083ba:	2300      	movs	r3, #0
100083bc:	60a3      	str	r3, [r4, #8]
100083be:	60e3      	str	r3, [r4, #12]
100083c0:	bd10      	pop	{r4, pc}
100083c2:	46c0      	nop			; (mov r8, r8)
100083c4:	20002374 	.word	0x20002374

100083c8 <usbd_control_xfer_cb>:
100083c8:	b5f8      	push	{r3, r4, r5, r6, r7, lr}
100083ca:	4c3b      	ldr	r4, [pc, #236]	; (100084b8 <usbd_control_xfer_cb+0xf0>)
100083cc:	001d      	movs	r5, r3
100083ce:	7823      	ldrb	r3, [r4, #0]
100083d0:	0006      	movs	r6, r0
100083d2:	09da      	lsrs	r2, r3, #7
100083d4:	09c9      	lsrs	r1, r1, #7
100083d6:	428a      	cmp	r2, r1
100083d8:	d013      	beq.n	10008402 <usbd_control_xfer_cb+0x3a>
100083da:	2000      	movs	r0, #0
100083dc:	2d00      	cmp	r5, #0
100083de:	d000      	beq.n	100083e2 <usbd_control_xfer_cb+0x1a>
100083e0:	bdf8      	pop	{r3, r4, r5, r6, r7, pc}
100083e2:	4b36      	ldr	r3, [pc, #216]	; (100084bc <usbd_control_xfer_cb+0xf4>)
100083e4:	2b00      	cmp	r3, #0
100083e6:	d003      	beq.n	100083f0 <usbd_control_xfer_cb+0x28>
100083e8:	0021      	movs	r1, r4
100083ea:	0030      	movs	r0, r6
100083ec:	f7ff f8d2 	bl	10007594 <dcd_edpt0_status_complete>
100083f0:	6923      	ldr	r3, [r4, #16]
100083f2:	2b00      	cmp	r3, #0
100083f4:	d044      	beq.n	10008480 <usbd_control_xfer_cb+0xb8>
100083f6:	0022      	movs	r2, r4
100083f8:	2103      	movs	r1, #3
100083fa:	0030      	movs	r0, r6
100083fc:	4798      	blx	r3
100083fe:	2001      	movs	r0, #1
10008400:	e7ee      	b.n	100083e0 <usbd_control_xfer_cb+0x18>
10008402:	2b7f      	cmp	r3, #127	; 0x7f
10008404:	d806      	bhi.n	10008414 <usbd_control_xfer_cb+0x4c>
10008406:	68a0      	ldr	r0, [r4, #8]
10008408:	2800      	cmp	r0, #0
1000840a:	d037      	beq.n	1000847c <usbd_control_xfer_cb+0xb4>
1000840c:	002a      	movs	r2, r5
1000840e:	492c      	ldr	r1, [pc, #176]	; (100084c0 <usbd_control_xfer_cb+0xf8>)
10008410:	f7fe fd7c 	bl	10006f0c <__wrap___aeabi_memcpy>
10008414:	68a3      	ldr	r3, [r4, #8]
10008416:	89e2      	ldrh	r2, [r4, #14]
10008418:	1959      	adds	r1, r3, r5
1000841a:	1952      	adds	r2, r2, r5
1000841c:	88e3      	ldrh	r3, [r4, #6]
1000841e:	b292      	uxth	r2, r2
10008420:	81e2      	strh	r2, [r4, #14]
10008422:	60a1      	str	r1, [r4, #8]
10008424:	4293      	cmp	r3, r2
10008426:	d014      	beq.n	10008452 <usbd_control_xfer_cb+0x8a>
10008428:	2d3f      	cmp	r5, #63	; 0x3f
1000842a:	d912      	bls.n	10008452 <usbd_control_xfer_cb+0x8a>
1000842c:	89a5      	ldrh	r5, [r4, #12]
1000842e:	1aa8      	subs	r0, r5, r2
10008430:	1c07      	adds	r7, r0, #0
10008432:	b280      	uxth	r0, r0
10008434:	2840      	cmp	r0, #64	; 0x40
10008436:	d82f      	bhi.n	10008498 <usbd_control_xfer_cb+0xd0>
10008438:	7823      	ldrb	r3, [r4, #0]
1000843a:	b2bf      	uxth	r7, r7
1000843c:	2b7f      	cmp	r3, #127	; 0x7f
1000843e:	d82d      	bhi.n	1000849c <usbd_control_xfer_cb+0xd4>
10008440:	2100      	movs	r1, #0
10008442:	42aa      	cmp	r2, r5
10008444:	d035      	beq.n	100084b2 <usbd_control_xfer_cb+0xea>
10008446:	4a1e      	ldr	r2, [pc, #120]	; (100084c0 <usbd_control_xfer_cb+0xf8>)
10008448:	003b      	movs	r3, r7
1000844a:	0030      	movs	r0, r6
1000844c:	f7ff fef4 	bl	10008238 <usbd_edpt_xfer>
10008450:	e7c6      	b.n	100083e0 <usbd_control_xfer_cb+0x18>
10008452:	6923      	ldr	r3, [r4, #16]
10008454:	2b00      	cmp	r3, #0
10008456:	d005      	beq.n	10008464 <usbd_control_xfer_cb+0x9c>
10008458:	0022      	movs	r2, r4
1000845a:	2102      	movs	r1, #2
1000845c:	0030      	movs	r0, r6
1000845e:	4798      	blx	r3
10008460:	2800      	cmp	r0, #0
10008462:	d00f      	beq.n	10008484 <usbd_control_xfer_cb+0xbc>
10008464:	227f      	movs	r2, #127	; 0x7f
10008466:	2100      	movs	r1, #0
10008468:	7823      	ldrb	r3, [r4, #0]
1000846a:	0030      	movs	r0, r6
1000846c:	429a      	cmp	r2, r3
1000846e:	4149      	adcs	r1, r1
10008470:	2300      	movs	r3, #0
10008472:	2200      	movs	r2, #0
10008474:	01c9      	lsls	r1, r1, #7
10008476:	f7ff fedf 	bl	10008238 <usbd_edpt_xfer>
1000847a:	e7b1      	b.n	100083e0 <usbd_control_xfer_cb+0x18>
1000847c:	2000      	movs	r0, #0
1000847e:	e7af      	b.n	100083e0 <usbd_control_xfer_cb+0x18>
10008480:	2001      	movs	r0, #1
10008482:	e7ad      	b.n	100083e0 <usbd_control_xfer_cb+0x18>
10008484:	2100      	movs	r1, #0
10008486:	0030      	movs	r0, r6
10008488:	f7ff f92c 	bl	100076e4 <dcd_edpt_stall>
1000848c:	0030      	movs	r0, r6
1000848e:	2180      	movs	r1, #128	; 0x80
10008490:	f7ff f928 	bl	100076e4 <dcd_edpt_stall>
10008494:	2001      	movs	r0, #1
10008496:	e7a3      	b.n	100083e0 <usbd_control_xfer_cb+0x18>
10008498:	2740      	movs	r7, #64	; 0x40
1000849a:	e7cd      	b.n	10008438 <usbd_control_xfer_cb+0x70>
1000849c:	42aa      	cmp	r2, r5
1000849e:	d007      	beq.n	100084b0 <usbd_control_xfer_cb+0xe8>
100084a0:	4c07      	ldr	r4, [pc, #28]	; (100084c0 <usbd_control_xfer_cb+0xf8>)
100084a2:	003a      	movs	r2, r7
100084a4:	0020      	movs	r0, r4
100084a6:	f7fe fd31 	bl	10006f0c <__wrap___aeabi_memcpy>
100084aa:	2180      	movs	r1, #128	; 0x80
100084ac:	0022      	movs	r2, r4
100084ae:	e7cb      	b.n	10008448 <usbd_control_xfer_cb+0x80>
100084b0:	2180      	movs	r1, #128	; 0x80
100084b2:	2200      	movs	r2, #0
100084b4:	e7c8      	b.n	10008448 <usbd_control_xfer_cb+0x80>
100084b6:	46c0      	nop			; (mov r8, r8)
100084b8:	20002374 	.word	0x20002374
100084bc:	10007595 	.word	0x10007595
100084c0:	2000251c 	.word	0x2000251c

100084c4 <tud_cdc_n_connected>:
100084c4:	b510      	push	{r4, lr}
100084c6:	0004      	movs	r4, r0
100084c8:	f7ff f9e0 	bl	1000788c <tud_mounted>
100084cc:	2800      	cmp	r0, #0
100084ce:	d101      	bne.n	100084d4 <tud_cdc_n_connected+0x10>
100084d0:	2000      	movs	r0, #0
100084d2:	bd10      	pop	{r4, pc}
100084d4:	f7ff f9e2 	bl	1000789c <tud_suspended>
100084d8:	2800      	cmp	r0, #0
100084da:	d1f9      	bne.n	100084d0 <tud_cdc_n_connected+0xc>
100084dc:	20b2      	movs	r0, #178	; 0xb2
100084de:	0080      	lsls	r0, r0, #2
100084e0:	4344      	muls	r4, r0
100084e2:	4803      	ldr	r0, [pc, #12]	; (100084f0 <tud_cdc_n_connected+0x2c>)
100084e4:	1900      	adds	r0, r0, r4
100084e6:	7903      	ldrb	r3, [r0, #4]
100084e8:	2001      	movs	r0, #1
100084ea:	4018      	ands	r0, r3
100084ec:	e7f1      	b.n	100084d2 <tud_cdc_n_connected+0xe>
100084ee:	46c0      	nop			; (mov r8, r8)
100084f0:	200020ac 	.word	0x200020ac

100084f4 <tud_cdc_n_available>:
100084f4:	23b2      	movs	r3, #178	; 0xb2
100084f6:	009b      	lsls	r3, r3, #2
100084f8:	4358      	muls	r0, r3
100084fa:	b510      	push	{r4, lr}
100084fc:	4b02      	ldr	r3, [pc, #8]	; (10008508 <tud_cdc_n_available+0x14>)
100084fe:	3010      	adds	r0, #16
10008500:	18c0      	adds	r0, r0, r3
10008502:	f000 fd1d 	bl	10008f40 <tu_fifo_count>
10008506:	bd10      	pop	{r4, pc}
10008508:	200020ac 	.word	0x200020ac

1000850c <tud_cdc_n_read>:
1000850c:	b5f0      	push	{r4, r5, r6, r7, lr}
1000850e:	25b2      	movs	r5, #178	; 0xb2
10008510:	00ad      	lsls	r5, r5, #2
10008512:	4345      	muls	r5, r0
10008514:	002c      	movs	r4, r5
10008516:	46c6      	mov	lr, r8
10008518:	4f17      	ldr	r7, [pc, #92]	; (10008578 <tud_cdc_n_read+0x6c>)
1000851a:	3410      	adds	r4, #16
1000851c:	19e4      	adds	r4, r4, r7
1000851e:	b500      	push	{lr}
10008520:	0020      	movs	r0, r4
10008522:	b292      	uxth	r2, r2
10008524:	f000 fd90 	bl	10009048 <tu_fifo_read_n>
10008528:	0006      	movs	r6, r0
1000852a:	0020      	movs	r0, r4
1000852c:	f000 fd26 	bl	10008f7c <tu_fifo_remaining>
10008530:	283f      	cmp	r0, #63	; 0x3f
10008532:	d803      	bhi.n	1000853c <tud_cdc_n_read+0x30>
10008534:	0030      	movs	r0, r6
10008536:	bc80      	pop	{r7}
10008538:	46b8      	mov	r8, r7
1000853a:	bdf0      	pop	{r4, r5, r6, r7, pc}
1000853c:	197b      	adds	r3, r7, r5
1000853e:	2000      	movs	r0, #0
10008540:	78d9      	ldrb	r1, [r3, #3]
10008542:	4698      	mov	r8, r3
10008544:	f7ff fe50 	bl	100081e8 <usbd_edpt_claim>
10008548:	2800      	cmp	r0, #0
1000854a:	d0f3      	beq.n	10008534 <tud_cdc_n_read+0x28>
1000854c:	0020      	movs	r0, r4
1000854e:	f000 fd15 	bl	10008f7c <tu_fifo_remaining>
10008552:	283f      	cmp	r0, #63	; 0x3f
10008554:	d90a      	bls.n	1000856c <tud_cdc_n_read+0x60>
10008556:	2392      	movs	r3, #146	; 0x92
10008558:	009b      	lsls	r3, r3, #2
1000855a:	18ea      	adds	r2, r5, r3
1000855c:	4643      	mov	r3, r8
1000855e:	19d2      	adds	r2, r2, r7
10008560:	78d9      	ldrb	r1, [r3, #3]
10008562:	2000      	movs	r0, #0
10008564:	2340      	movs	r3, #64	; 0x40
10008566:	f7ff fe67 	bl	10008238 <usbd_edpt_xfer>
1000856a:	e7e3      	b.n	10008534 <tud_cdc_n_read+0x28>
1000856c:	4643      	mov	r3, r8
1000856e:	2000      	movs	r0, #0
10008570:	78d9      	ldrb	r1, [r3, #3]
10008572:	f7ff fe4d 	bl	10008210 <usbd_edpt_release>
10008576:	e7dd      	b.n	10008534 <tud_cdc_n_read+0x28>
10008578:	200020ac 	.word	0x200020ac

1000857c <tud_cdc_n_write_flush>:
1000857c:	b5f8      	push	{r3, r4, r5, r6, r7, lr}
1000857e:	0004      	movs	r4, r0
10008580:	f7ff f984 	bl	1000788c <tud_mounted>
10008584:	2800      	cmp	r0, #0
10008586:	d101      	bne.n	1000858c <tud_cdc_n_write_flush+0x10>
10008588:	2000      	movs	r0, #0
1000858a:	bdf8      	pop	{r3, r4, r5, r6, r7, pc}
1000858c:	f7ff f986 	bl	1000789c <tud_suspended>
10008590:	2800      	cmp	r0, #0
10008592:	d1f9      	bne.n	10008588 <tud_cdc_n_write_flush+0xc>
10008594:	20b2      	movs	r0, #178	; 0xb2
10008596:	0080      	lsls	r0, r0, #2
10008598:	4344      	muls	r4, r0
1000859a:	0025      	movs	r5, r4
1000859c:	4e14      	ldr	r6, [pc, #80]	; (100085f0 <tud_cdc_n_write_flush+0x74>)
1000859e:	3524      	adds	r5, #36	; 0x24
100085a0:	19ad      	adds	r5, r5, r6
100085a2:	0028      	movs	r0, r5
100085a4:	f000 fccc 	bl	10008f40 <tu_fifo_count>
100085a8:	2800      	cmp	r0, #0
100085aa:	d0ed      	beq.n	10008588 <tud_cdc_n_write_flush+0xc>
100085ac:	1937      	adds	r7, r6, r4
100085ae:	2000      	movs	r0, #0
100085b0:	78b9      	ldrb	r1, [r7, #2]
100085b2:	f7ff fe19 	bl	100081e8 <usbd_edpt_claim>
100085b6:	2800      	cmp	r0, #0
100085b8:	d0e6      	beq.n	10008588 <tud_cdc_n_write_flush+0xc>
100085ba:	23a2      	movs	r3, #162	; 0xa2
100085bc:	009b      	lsls	r3, r3, #2
100085be:	469c      	mov	ip, r3
100085c0:	4464      	add	r4, ip
100085c2:	19a4      	adds	r4, r4, r6
100085c4:	0021      	movs	r1, r4
100085c6:	0028      	movs	r0, r5
100085c8:	2240      	movs	r2, #64	; 0x40
100085ca:	f000 fd3d 	bl	10009048 <tu_fifo_read_n>
100085ce:	78b9      	ldrb	r1, [r7, #2]
100085d0:	1e05      	subs	r5, r0, #0
100085d2:	d008      	beq.n	100085e6 <tud_cdc_n_write_flush+0x6a>
100085d4:	0003      	movs	r3, r0
100085d6:	0022      	movs	r2, r4
100085d8:	2000      	movs	r0, #0
100085da:	f7ff fe2d 	bl	10008238 <usbd_edpt_xfer>
100085de:	2800      	cmp	r0, #0
100085e0:	d0d2      	beq.n	10008588 <tud_cdc_n_write_flush+0xc>
100085e2:	0028      	movs	r0, r5
100085e4:	e7d1      	b.n	1000858a <tud_cdc_n_write_flush+0xe>
100085e6:	2000      	movs	r0, #0
100085e8:	f7ff fe12 	bl	10008210 <usbd_edpt_release>
100085ec:	e7cc      	b.n	10008588 <tud_cdc_n_write_flush+0xc>
100085ee:	46c0      	nop			; (mov r8, r8)
100085f0:	200020ac 	.word	0x200020ac

100085f4 <tud_cdc_n_write>:
100085f4:	b570      	push	{r4, r5, r6, lr}
100085f6:	24b2      	movs	r4, #178	; 0xb2
100085f8:	00a4      	lsls	r4, r4, #2
100085fa:	4344      	muls	r4, r0
100085fc:	4b09      	ldr	r3, [pc, #36]	; (10008624 <tud_cdc_n_write+0x30>)
100085fe:	3424      	adds	r4, #36	; 0x24
10008600:	18e4      	adds	r4, r4, r3
10008602:	0005      	movs	r5, r0
10008604:	b292      	uxth	r2, r2
10008606:	0020      	movs	r0, r4
10008608:	f000 fdd8 	bl	100091bc <tu_fifo_write_n>
1000860c:	0006      	movs	r6, r0
1000860e:	0020      	movs	r0, r4
10008610:	f000 fc96 	bl	10008f40 <tu_fifo_count>
10008614:	283f      	cmp	r0, #63	; 0x3f
10008616:	d801      	bhi.n	1000861c <tud_cdc_n_write+0x28>
10008618:	0030      	movs	r0, r6
1000861a:	bd70      	pop	{r4, r5, r6, pc}
1000861c:	0028      	movs	r0, r5
1000861e:	f7ff ffad 	bl	1000857c <tud_cdc_n_write_flush>
10008622:	e7f9      	b.n	10008618 <tud_cdc_n_write+0x24>
10008624:	200020ac 	.word	0x200020ac

10008628 <cdcd_init>:
10008628:	22b2      	movs	r2, #178	; 0xb2
1000862a:	b5f0      	push	{r4, r5, r6, r7, lr}
1000862c:	4c1b      	ldr	r4, [pc, #108]	; (1000869c <cdcd_init+0x74>)
1000862e:	b083      	sub	sp, #12
10008630:	2100      	movs	r1, #0
10008632:	0020      	movs	r0, r4
10008634:	0092      	lsls	r2, r2, #2
10008636:	f7fe fc63 	bl	10006f00 <__wrap_memset>
1000863a:	23ff      	movs	r3, #255	; 0xff
1000863c:	7163      	strb	r3, [r4, #5]
1000863e:	4b18      	ldr	r3, [pc, #96]	; (100086a0 <cdcd_init+0x78>)
10008640:	2680      	movs	r6, #128	; 0x80
10008642:	2500      	movs	r5, #0
10008644:	80e3      	strh	r3, [r4, #6]
10008646:	2701      	movs	r7, #1
10008648:	2308      	movs	r3, #8
1000864a:	0021      	movs	r1, r4
1000864c:	0020      	movs	r0, r4
1000864e:	0076      	lsls	r6, r6, #1
10008650:	7323      	strb	r3, [r4, #12]
10008652:	0032      	movs	r2, r6
10008654:	8127      	strh	r7, [r4, #8]
10008656:	3138      	adds	r1, #56	; 0x38
10008658:	9500      	str	r5, [sp, #0]
1000865a:	3b07      	subs	r3, #7
1000865c:	3010      	adds	r0, #16
1000865e:	f000 fc37 	bl	10008ed0 <tu_fifo_config>
10008662:	0021      	movs	r1, r4
10008664:	0020      	movs	r0, r4
10008666:	3139      	adds	r1, #57	; 0x39
10008668:	0032      	movs	r2, r6
1000866a:	31ff      	adds	r1, #255	; 0xff
1000866c:	2301      	movs	r3, #1
1000866e:	9700      	str	r7, [sp, #0]
10008670:	3024      	adds	r0, #36	; 0x24
10008672:	f000 fc2d 	bl	10008ed0 <tu_fifo_config>
10008676:	238e      	movs	r3, #142	; 0x8e
10008678:	009b      	lsls	r3, r3, #2
1000867a:	18e6      	adds	r6, r4, r3
1000867c:	0030      	movs	r0, r6
1000867e:	f7fa ff2f 	bl	100034e0 <mutex_init>
10008682:	2390      	movs	r3, #144	; 0x90
10008684:	009b      	lsls	r3, r3, #2
10008686:	6226      	str	r6, [r4, #32]
10008688:	18e6      	adds	r6, r4, r3
1000868a:	0030      	movs	r0, r6
1000868c:	61e5      	str	r5, [r4, #28]
1000868e:	f7fa ff27 	bl	100034e0 <mutex_init>
10008692:	6326      	str	r6, [r4, #48]	; 0x30
10008694:	6365      	str	r5, [r4, #52]	; 0x34
10008696:	b003      	add	sp, #12
10008698:	bdf0      	pop	{r4, r5, r6, r7, pc}
1000869a:	46c0      	nop			; (mov r8, r8)
1000869c:	200020ac 	.word	0x200020ac
100086a0:	ffffc200 	.word	0xffffc200

100086a4 <cdcd_reset>:
100086a4:	b510      	push	{r4, lr}
100086a6:	4c09      	ldr	r4, [pc, #36]	; (100086cc <cdcd_reset+0x28>)
100086a8:	2205      	movs	r2, #5
100086aa:	2100      	movs	r1, #0
100086ac:	0020      	movs	r0, r4
100086ae:	f7fe fc27 	bl	10006f00 <__wrap_memset>
100086b2:	0020      	movs	r0, r4
100086b4:	3424      	adds	r4, #36	; 0x24
100086b6:	3010      	adds	r0, #16
100086b8:	f000 fe34 	bl	10009324 <tu_fifo_clear>
100086bc:	0020      	movs	r0, r4
100086be:	f000 fe31 	bl	10009324 <tu_fifo_clear>
100086c2:	2101      	movs	r1, #1
100086c4:	0020      	movs	r0, r4
100086c6:	f000 fe4d 	bl	10009364 <tu_fifo_set_overwritable>
100086ca:	bd10      	pop	{r4, pc}
100086cc:	200020ac 	.word	0x200020ac

100086d0 <cdcd_open>:
100086d0:	b5f0      	push	{r4, r5, r6, r7, lr}
100086d2:	794b      	ldrb	r3, [r1, #5]
100086d4:	0006      	movs	r6, r0
100086d6:	b083      	sub	sp, #12
100086d8:	2b02      	cmp	r3, #2
100086da:	d102      	bne.n	100086e2 <cdcd_open+0x12>
100086dc:	798b      	ldrb	r3, [r1, #6]
100086de:	2b02      	cmp	r3, #2
100086e0:	d003      	beq.n	100086ea <cdcd_open+0x1a>
100086e2:	2500      	movs	r5, #0
100086e4:	0028      	movs	r0, r5
100086e6:	b003      	add	sp, #12
100086e8:	bdf0      	pop	{r4, r5, r6, r7, pc}
100086ea:	4f30      	ldr	r7, [pc, #192]	; (100087ac <cdcd_open+0xdc>)
100086ec:	78bb      	ldrb	r3, [r7, #2]
100086ee:	2b00      	cmp	r3, #0
100086f0:	d1f7      	bne.n	100086e2 <cdcd_open+0x12>
100086f2:	788b      	ldrb	r3, [r1, #2]
100086f4:	2509      	movs	r5, #9
100086f6:	703b      	strb	r3, [r7, #0]
100086f8:	780c      	ldrb	r4, [r1, #0]
100086fa:	190c      	adds	r4, r1, r4
100086fc:	7863      	ldrb	r3, [r4, #1]
100086fe:	2b24      	cmp	r3, #36	; 0x24
10008700:	d10b      	bne.n	1000871a <cdcd_open+0x4a>
10008702:	2a08      	cmp	r2, #8
10008704:	d802      	bhi.n	1000870c <cdcd_open+0x3c>
10008706:	e00f      	b.n	10008728 <cdcd_open+0x58>
10008708:	42aa      	cmp	r2, r5
1000870a:	d30d      	bcc.n	10008728 <cdcd_open+0x58>
1000870c:	7823      	ldrb	r3, [r4, #0]
1000870e:	18e4      	adds	r4, r4, r3
10008710:	18ed      	adds	r5, r5, r3
10008712:	7863      	ldrb	r3, [r4, #1]
10008714:	b2ad      	uxth	r5, r5
10008716:	2b24      	cmp	r3, #36	; 0x24
10008718:	d0f6      	beq.n	10008708 <cdcd_open+0x38>
1000871a:	2b05      	cmp	r3, #5
1000871c:	d021      	beq.n	10008762 <cdcd_open+0x92>
1000871e:	2b04      	cmp	r3, #4
10008720:	d102      	bne.n	10008728 <cdcd_open+0x58>
10008722:	7963      	ldrb	r3, [r4, #5]
10008724:	2b0a      	cmp	r3, #10
10008726:	d02f      	beq.n	10008788 <cdcd_open+0xb8>
10008728:	4c21      	ldr	r4, [pc, #132]	; (100087b0 <cdcd_open+0xe0>)
1000872a:	0020      	movs	r0, r4
1000872c:	f000 fc26 	bl	10008f7c <tu_fifo_remaining>
10008730:	283f      	cmp	r0, #63	; 0x3f
10008732:	d9d7      	bls.n	100086e4 <cdcd_open+0x14>
10008734:	0026      	movs	r6, r4
10008736:	3e10      	subs	r6, #16
10008738:	2000      	movs	r0, #0
1000873a:	78f1      	ldrb	r1, [r6, #3]
1000873c:	f7ff fd54 	bl	100081e8 <usbd_edpt_claim>
10008740:	2800      	cmp	r0, #0
10008742:	d0cf      	beq.n	100086e4 <cdcd_open+0x14>
10008744:	0020      	movs	r0, r4
10008746:	f000 fc19 	bl	10008f7c <tu_fifo_remaining>
1000874a:	283f      	cmp	r0, #63	; 0x3f
1000874c:	d917      	bls.n	1000877e <cdcd_open+0xae>
1000874e:	238e      	movs	r3, #142	; 0x8e
10008750:	009b      	lsls	r3, r3, #2
10008752:	18e2      	adds	r2, r4, r3
10008754:	3bf9      	subs	r3, #249	; 0xf9
10008756:	78f1      	ldrb	r1, [r6, #3]
10008758:	3bff      	subs	r3, #255	; 0xff
1000875a:	2000      	movs	r0, #0
1000875c:	f7ff fd6c 	bl	10008238 <usbd_edpt_xfer>
10008760:	e7c0      	b.n	100086e4 <cdcd_open+0x14>
10008762:	0021      	movs	r1, r4
10008764:	0030      	movs	r0, r6
10008766:	f7ff fd25 	bl	100081b4 <usbd_edpt_open>
1000876a:	2800      	cmp	r0, #0
1000876c:	d0b9      	beq.n	100086e2 <cdcd_open+0x12>
1000876e:	78a3      	ldrb	r3, [r4, #2]
10008770:	707b      	strb	r3, [r7, #1]
10008772:	7823      	ldrb	r3, [r4, #0]
10008774:	18ed      	adds	r5, r5, r3
10008776:	18e4      	adds	r4, r4, r3
10008778:	7863      	ldrb	r3, [r4, #1]
1000877a:	b2ad      	uxth	r5, r5
1000877c:	e7cf      	b.n	1000871e <cdcd_open+0x4e>
1000877e:	78f1      	ldrb	r1, [r6, #3]
10008780:	2000      	movs	r0, #0
10008782:	f7ff fd45 	bl	10008210 <usbd_edpt_release>
10008786:	e7ad      	b.n	100086e4 <cdcd_open+0x14>
10008788:	4b0a      	ldr	r3, [pc, #40]	; (100087b4 <cdcd_open+0xe4>)
1000878a:	7827      	ldrb	r7, [r4, #0]
1000878c:	9301      	str	r3, [sp, #4]
1000878e:	3301      	adds	r3, #1
10008790:	9300      	str	r3, [sp, #0]
10008792:	2202      	movs	r2, #2
10008794:	2302      	movs	r3, #2
10008796:	0030      	movs	r0, r6
10008798:	19e1      	adds	r1, r4, r7
1000879a:	f7ff fcbd 	bl	10008118 <usbd_open_edpt_pair>
1000879e:	2800      	cmp	r0, #0
100087a0:	d09f      	beq.n	100086e2 <cdcd_open+0x12>
100087a2:	350e      	adds	r5, #14
100087a4:	19ed      	adds	r5, r5, r7
100087a6:	b2ad      	uxth	r5, r5
100087a8:	e7be      	b.n	10008728 <cdcd_open+0x58>
100087aa:	46c0      	nop			; (mov r8, r8)
100087ac:	200020ac 	.word	0x200020ac
100087b0:	200020bc 	.word	0x200020bc
100087b4:	200020ae 	.word	0x200020ae

100087b8 <cdcd_control_xfer_cb>:
100087b8:	b5f8      	push	{r3, r4, r5, r6, r7, lr}
100087ba:	2360      	movs	r3, #96	; 0x60
100087bc:	0014      	movs	r4, r2
100087be:	7812      	ldrb	r2, [r2, #0]
100087c0:	0005      	movs	r5, r0
100087c2:	4013      	ands	r3, r2
100087c4:	2000      	movs	r0, #0
100087c6:	2b20      	cmp	r3, #32
100087c8:	d112      	bne.n	100087f0 <cdcd_control_xfer_cb+0x38>
100087ca:	4a2f      	ldr	r2, [pc, #188]	; (10008888 <cdcd_control_xfer_cb+0xd0>)
100087cc:	7963      	ldrb	r3, [r4, #5]
100087ce:	7927      	ldrb	r7, [r4, #4]
100087d0:	7816      	ldrb	r6, [r2, #0]
100087d2:	021b      	lsls	r3, r3, #8
100087d4:	433b      	orrs	r3, r7
100087d6:	429e      	cmp	r6, r3
100087d8:	d10a      	bne.n	100087f0 <cdcd_control_xfer_cb+0x38>
100087da:	7863      	ldrb	r3, [r4, #1]
100087dc:	2b22      	cmp	r3, #34	; 0x22
100087de:	d027      	beq.n	10008830 <cdcd_control_xfer_cb+0x78>
100087e0:	d807      	bhi.n	100087f2 <cdcd_control_xfer_cb+0x3a>
100087e2:	2b20      	cmp	r3, #32
100087e4:	d017      	beq.n	10008816 <cdcd_control_xfer_cb+0x5e>
100087e6:	2b21      	cmp	r3, #33	; 0x21
100087e8:	d102      	bne.n	100087f0 <cdcd_control_xfer_cb+0x38>
100087ea:	2901      	cmp	r1, #1
100087ec:	d03d      	beq.n	1000886a <cdcd_control_xfer_cb+0xb2>
100087ee:	2001      	movs	r0, #1
100087f0:	bdf8      	pop	{r3, r4, r5, r6, r7, pc}
100087f2:	2b23      	cmp	r3, #35	; 0x23
100087f4:	d1fc      	bne.n	100087f0 <cdcd_control_xfer_cb+0x38>
100087f6:	2901      	cmp	r1, #1
100087f8:	d03f      	beq.n	1000887a <cdcd_control_xfer_cb+0xc2>
100087fa:	2903      	cmp	r1, #3
100087fc:	d1f7      	bne.n	100087ee <cdcd_control_xfer_cb+0x36>
100087fe:	4b23      	ldr	r3, [pc, #140]	; (1000888c <cdcd_control_xfer_cb+0xd4>)
10008800:	2b00      	cmp	r3, #0
10008802:	d0f4      	beq.n	100087ee <cdcd_control_xfer_cb+0x36>
10008804:	78e1      	ldrb	r1, [r4, #3]
10008806:	78a3      	ldrb	r3, [r4, #2]
10008808:	0209      	lsls	r1, r1, #8
1000880a:	2000      	movs	r0, #0
1000880c:	4319      	orrs	r1, r3
1000880e:	e000      	b.n	10008812 <cdcd_control_xfer_cb+0x5a>
10008810:	bf00      	nop
10008812:	2001      	movs	r0, #1
10008814:	e7ec      	b.n	100087f0 <cdcd_control_xfer_cb+0x38>
10008816:	2901      	cmp	r1, #1
10008818:	d027      	beq.n	1000886a <cdcd_control_xfer_cb+0xb2>
1000881a:	2903      	cmp	r1, #3
1000881c:	d1e7      	bne.n	100087ee <cdcd_control_xfer_cb+0x36>
1000881e:	4b1c      	ldr	r3, [pc, #112]	; (10008890 <cdcd_control_xfer_cb+0xd8>)
10008820:	2b00      	cmp	r3, #0
10008822:	d0e4      	beq.n	100087ee <cdcd_control_xfer_cb+0x36>
10008824:	2000      	movs	r0, #0
10008826:	1d91      	adds	r1, r2, #6
10008828:	e000      	b.n	1000882c <cdcd_control_xfer_cb+0x74>
1000882a:	bf00      	nop
1000882c:	2001      	movs	r0, #1
1000882e:	e7df      	b.n	100087f0 <cdcd_control_xfer_cb+0x38>
10008830:	2901      	cmp	r1, #1
10008832:	d022      	beq.n	1000887a <cdcd_control_xfer_cb+0xc2>
10008834:	2903      	cmp	r1, #3
10008836:	d1da      	bne.n	100087ee <cdcd_control_xfer_cb+0x36>
10008838:	2501      	movs	r5, #1
1000883a:	002e      	movs	r6, r5
1000883c:	78a3      	ldrb	r3, [r4, #2]
1000883e:	78e4      	ldrb	r4, [r4, #3]
10008840:	3902      	subs	r1, #2
10008842:	0224      	lsls	r4, r4, #8
10008844:	431c      	orrs	r4, r3
10008846:	7114      	strb	r4, [r2, #4]
10008848:	4026      	ands	r6, r4
1000884a:	3224      	adds	r2, #36	; 0x24
1000884c:	0010      	movs	r0, r2
1000884e:	4071      	eors	r1, r6
10008850:	f000 fd88 	bl	10009364 <tu_fifo_set_overwritable>
10008854:	4b0f      	ldr	r3, [pc, #60]	; (10008894 <cdcd_control_xfer_cb+0xdc>)
10008856:	2b00      	cmp	r3, #0
10008858:	d0c9      	beq.n	100087ee <cdcd_control_xfer_cb+0x36>
1000885a:	0862      	lsrs	r2, r4, #1
1000885c:	2000      	movs	r0, #0
1000885e:	0031      	movs	r1, r6
10008860:	402a      	ands	r2, r5
10008862:	e000      	b.n	10008866 <cdcd_control_xfer_cb+0xae>
10008864:	bf00      	nop
10008866:	2001      	movs	r0, #1
10008868:	e7c2      	b.n	100087f0 <cdcd_control_xfer_cb+0x38>
1000886a:	2307      	movs	r3, #7
1000886c:	0021      	movs	r1, r4
1000886e:	0028      	movs	r0, r5
10008870:	4a09      	ldr	r2, [pc, #36]	; (10008898 <cdcd_control_xfer_cb+0xe0>)
10008872:	f7ff fd2d 	bl	100082d0 <tud_control_xfer>
10008876:	2001      	movs	r0, #1
10008878:	e7ba      	b.n	100087f0 <cdcd_control_xfer_cb+0x38>
1000887a:	0021      	movs	r1, r4
1000887c:	0028      	movs	r0, r5
1000887e:	f7ff fd0f 	bl	100082a0 <tud_control_status>
10008882:	2001      	movs	r0, #1
10008884:	e7b4      	b.n	100087f0 <cdcd_control_xfer_cb+0x38>
10008886:	46c0      	nop			; (mov r8, r8)
10008888:	200020ac 	.word	0x200020ac
	...
10008898:	200020b2 	.word	0x200020b2

1000889c <cdcd_xfer_cb>:
1000889c:	b5f8      	push	{r3, r4, r5, r6, r7, lr}
1000889e:	4657      	mov	r7, sl
100088a0:	464e      	mov	r6, r9
100088a2:	4645      	mov	r5, r8
100088a4:	46de      	mov	lr, fp
100088a6:	b5e0      	push	{r5, r6, r7, lr}
100088a8:	4f49      	ldr	r7, [pc, #292]	; (100089d0 <cdcd_xfer_cb+0x134>)
100088aa:	4680      	mov	r8, r0
100088ac:	78fa      	ldrb	r2, [r7, #3]
100088ae:	000c      	movs	r4, r1
100088b0:	001e      	movs	r6, r3
100088b2:	428a      	cmp	r2, r1
100088b4:	d164      	bne.n	10008980 <cdcd_xfer_cb+0xe4>
100088b6:	b29a      	uxth	r2, r3
100088b8:	2392      	movs	r3, #146	; 0x92
100088ba:	009b      	lsls	r3, r3, #2
100088bc:	18fd      	adds	r5, r7, r3
100088be:	2310      	movs	r3, #16
100088c0:	469b      	mov	fp, r3
100088c2:	44bb      	add	fp, r7
100088c4:	0029      	movs	r1, r5
100088c6:	4658      	mov	r0, fp
100088c8:	f000 fc78 	bl	100091bc <tu_fifo_write_n>
100088cc:	4b41      	ldr	r3, [pc, #260]	; (100089d4 <cdcd_xfer_cb+0x138>)
100088ce:	46d9      	mov	r9, fp
100088d0:	2b00      	cmp	r3, #0
100088d2:	d018      	beq.n	10008906 <cdcd_xfer_cb+0x6a>
100088d4:	797b      	ldrb	r3, [r7, #5]
100088d6:	46d9      	mov	r9, fp
100088d8:	2bff      	cmp	r3, #255	; 0xff
100088da:	d014      	beq.n	10008906 <cdcd_xfer_cb+0x6a>
100088dc:	2e00      	cmp	r6, #0
100088de:	d012      	beq.n	10008906 <cdcd_xfer_cb+0x6a>
100088e0:	19aa      	adds	r2, r5, r6
100088e2:	4692      	mov	sl, r2
100088e4:	e003      	b.n	100088ee <cdcd_xfer_cb+0x52>
100088e6:	3501      	adds	r5, #1
100088e8:	4555      	cmp	r5, sl
100088ea:	d00c      	beq.n	10008906 <cdcd_xfer_cb+0x6a>
100088ec:	797b      	ldrb	r3, [r7, #5]
100088ee:	782a      	ldrb	r2, [r5, #0]
100088f0:	429a      	cmp	r2, r3
100088f2:	d1f8      	bne.n	100088e6 <cdcd_xfer_cb+0x4a>
100088f4:	4648      	mov	r0, r9
100088f6:	f000 fb39 	bl	10008f6c <tu_fifo_empty>
100088fa:	2800      	cmp	r0, #0
100088fc:	d1f3      	bne.n	100088e6 <cdcd_xfer_cb+0x4a>
100088fe:	7979      	ldrb	r1, [r7, #5]
10008900:	e000      	b.n	10008904 <cdcd_xfer_cb+0x68>
10008902:	bf00      	nop
10008904:	e7ef      	b.n	100088e6 <cdcd_xfer_cb+0x4a>
10008906:	4b34      	ldr	r3, [pc, #208]	; (100089d8 <cdcd_xfer_cb+0x13c>)
10008908:	2b00      	cmp	r3, #0
1000890a:	d004      	beq.n	10008916 <cdcd_xfer_cb+0x7a>
1000890c:	4648      	mov	r0, r9
1000890e:	f000 fb2d 	bl	10008f6c <tu_fifo_empty>
10008912:	2800      	cmp	r0, #0
10008914:	d052      	beq.n	100089bc <cdcd_xfer_cb+0x120>
10008916:	4648      	mov	r0, r9
10008918:	f000 fb30 	bl	10008f7c <tu_fifo_remaining>
1000891c:	283f      	cmp	r0, #63	; 0x3f
1000891e:	d834      	bhi.n	1000898a <cdcd_xfer_cb+0xee>
10008920:	464a      	mov	r2, r9
10008922:	3a10      	subs	r2, #16
10008924:	7893      	ldrb	r3, [r2, #2]
10008926:	42a3      	cmp	r3, r4
10008928:	d007      	beq.n	1000893a <cdcd_xfer_cb+0x9e>
1000892a:	2401      	movs	r4, #1
1000892c:	0020      	movs	r0, r4
1000892e:	bcf0      	pop	{r4, r5, r6, r7}
10008930:	46bb      	mov	fp, r7
10008932:	46b2      	mov	sl, r6
10008934:	46a9      	mov	r9, r5
10008936:	46a0      	mov	r8, r4
10008938:	bdf8      	pop	{r3, r4, r5, r6, r7, pc}
1000893a:	4b28      	ldr	r3, [pc, #160]	; (100089dc <cdcd_xfer_cb+0x140>)
1000893c:	2b00      	cmp	r3, #0
1000893e:	d002      	beq.n	10008946 <cdcd_xfer_cb+0xaa>
10008940:	2000      	movs	r0, #0
10008942:	e000      	b.n	10008946 <cdcd_xfer_cb+0xaa>
10008944:	bf00      	nop
10008946:	2000      	movs	r0, #0
10008948:	f7ff fe18 	bl	1000857c <tud_cdc_n_write_flush>
1000894c:	2800      	cmp	r0, #0
1000894e:	d1ec      	bne.n	1000892a <cdcd_xfer_cb+0x8e>
10008950:	4d23      	ldr	r5, [pc, #140]	; (100089e0 <cdcd_xfer_cb+0x144>)
10008952:	0028      	movs	r0, r5
10008954:	f000 faf4 	bl	10008f40 <tu_fifo_count>
10008958:	2800      	cmp	r0, #0
1000895a:	d1e6      	bne.n	1000892a <cdcd_xfer_cb+0x8e>
1000895c:	2e00      	cmp	r6, #0
1000895e:	d0e4      	beq.n	1000892a <cdcd_xfer_cb+0x8e>
10008960:	06b3      	lsls	r3, r6, #26
10008962:	d1e2      	bne.n	1000892a <cdcd_xfer_cb+0x8e>
10008964:	3d24      	subs	r5, #36	; 0x24
10008966:	4640      	mov	r0, r8
10008968:	78a9      	ldrb	r1, [r5, #2]
1000896a:	f7ff fc3d 	bl	100081e8 <usbd_edpt_claim>
1000896e:	1e04      	subs	r4, r0, #0
10008970:	d0db      	beq.n	1000892a <cdcd_xfer_cb+0x8e>
10008972:	2300      	movs	r3, #0
10008974:	2200      	movs	r2, #0
10008976:	4640      	mov	r0, r8
10008978:	78a9      	ldrb	r1, [r5, #2]
1000897a:	f7ff fc5d 	bl	10008238 <usbd_edpt_xfer>
1000897e:	e7d5      	b.n	1000892c <cdcd_xfer_cb+0x90>
10008980:	78bb      	ldrb	r3, [r7, #2]
10008982:	428b      	cmp	r3, r1
10008984:	d0d9      	beq.n	1000893a <cdcd_xfer_cb+0x9e>
10008986:	2400      	movs	r4, #0
10008988:	e7d0      	b.n	1000892c <cdcd_xfer_cb+0x90>
1000898a:	464d      	mov	r5, r9
1000898c:	3d10      	subs	r5, #16
1000898e:	2000      	movs	r0, #0
10008990:	78e9      	ldrb	r1, [r5, #3]
10008992:	f7ff fc29 	bl	100081e8 <usbd_edpt_claim>
10008996:	2800      	cmp	r0, #0
10008998:	d101      	bne.n	1000899e <cdcd_xfer_cb+0x102>
1000899a:	78ab      	ldrb	r3, [r5, #2]
1000899c:	e7c3      	b.n	10008926 <cdcd_xfer_cb+0x8a>
1000899e:	4648      	mov	r0, r9
100089a0:	f000 faec 	bl	10008f7c <tu_fifo_remaining>
100089a4:	283f      	cmp	r0, #63	; 0x3f
100089a6:	d90c      	bls.n	100089c2 <cdcd_xfer_cb+0x126>
100089a8:	228e      	movs	r2, #142	; 0x8e
100089aa:	0092      	lsls	r2, r2, #2
100089ac:	2340      	movs	r3, #64	; 0x40
100089ae:	2000      	movs	r0, #0
100089b0:	78e9      	ldrb	r1, [r5, #3]
100089b2:	444a      	add	r2, r9
100089b4:	f7ff fc40 	bl	10008238 <usbd_edpt_xfer>
100089b8:	78ab      	ldrb	r3, [r5, #2]
100089ba:	e7b4      	b.n	10008926 <cdcd_xfer_cb+0x8a>
100089bc:	e000      	b.n	100089c0 <cdcd_xfer_cb+0x124>
100089be:	bf00      	nop
100089c0:	e7a9      	b.n	10008916 <cdcd_xfer_cb+0x7a>
100089c2:	2000      	movs	r0, #0
100089c4:	78e9      	ldrb	r1, [r5, #3]
100089c6:	f7ff fc23 	bl	10008210 <usbd_edpt_release>
100089ca:	78ab      	ldrb	r3, [r5, #2]
100089cc:	e7ab      	b.n	10008926 <cdcd_xfer_cb+0x8a>
100089ce:	46c0      	nop			; (mov r8, r8)
100089d0:	200020ac 	.word	0x200020ac
	...
100089e0:	200020d0 	.word	0x200020d0

100089e4 <tud_hid_n_ready>:
100089e4:	238c      	movs	r3, #140	; 0x8c
100089e6:	4343      	muls	r3, r0
100089e8:	480b      	ldr	r0, [pc, #44]	; (10008a18 <tud_hid_n_ready+0x34>)
100089ea:	b510      	push	{r4, lr}
100089ec:	18c0      	adds	r0, r0, r3
100089ee:	7844      	ldrb	r4, [r0, #1]
100089f0:	f7fe ff4c 	bl	1000788c <tud_mounted>
100089f4:	2800      	cmp	r0, #0
100089f6:	d101      	bne.n	100089fc <tud_hid_n_ready+0x18>
100089f8:	2000      	movs	r0, #0
100089fa:	bd10      	pop	{r4, pc}
100089fc:	f7fe ff4e 	bl	1000789c <tud_suspended>
10008a00:	2800      	cmp	r0, #0
10008a02:	d1f9      	bne.n	100089f8 <tud_hid_n_ready+0x14>
10008a04:	2c00      	cmp	r4, #0
10008a06:	d0f7      	beq.n	100089f8 <tud_hid_n_ready+0x14>
10008a08:	0021      	movs	r1, r4
10008a0a:	2000      	movs	r0, #0
10008a0c:	f7ff fc3a 	bl	10008284 <usbd_edpt_busy>
10008a10:	2301      	movs	r3, #1
10008a12:	4058      	eors	r0, r3
10008a14:	b2c0      	uxtb	r0, r0
10008a16:	e7f0      	b.n	100089fa <tud_hid_n_ready+0x16>
10008a18:	20002488 	.word	0x20002488

10008a1c <tud_hid_n_report>:
10008a1c:	b5f8      	push	{r3, r4, r5, r6, r7, lr}
10008a1e:	248c      	movs	r4, #140	; 0x8c
10008a20:	4647      	mov	r7, r8
10008a22:	46ce      	mov	lr, r9
10008a24:	4344      	muls	r4, r0
10008a26:	4e20      	ldr	r6, [pc, #128]	; (10008aa8 <tud_hid_n_report+0x8c>)
10008a28:	b580      	push	{r7, lr}
10008a2a:	1934      	adds	r4, r6, r4
10008a2c:	0005      	movs	r5, r0
10008a2e:	4689      	mov	r9, r1
10008a30:	2000      	movs	r0, #0
10008a32:	7861      	ldrb	r1, [r4, #1]
10008a34:	4690      	mov	r8, r2
10008a36:	001f      	movs	r7, r3
10008a38:	f7ff fbd6 	bl	100081e8 <usbd_edpt_claim>
10008a3c:	2800      	cmp	r0, #0
10008a3e:	d01d      	beq.n	10008a7c <tud_hid_n_report+0x60>
10008a40:	464b      	mov	r3, r9
10008a42:	2b00      	cmp	r3, #0
10008a44:	d01e      	beq.n	10008a84 <tud_hid_n_report+0x68>
10008a46:	1c3b      	adds	r3, r7, #0
10008a48:	2f3f      	cmp	r7, #63	; 0x3f
10008a4a:	d829      	bhi.n	10008aa0 <tud_hid_n_report+0x84>
10008a4c:	248c      	movs	r4, #140	; 0x8c
10008a4e:	464a      	mov	r2, r9
10008a50:	436c      	muls	r4, r5
10008a52:	b29f      	uxth	r7, r3
10008a54:	1933      	adds	r3, r6, r4
10008a56:	3408      	adds	r4, #8
10008a58:	1934      	adds	r4, r6, r4
10008a5a:	721a      	strb	r2, [r3, #8]
10008a5c:	4641      	mov	r1, r8
10008a5e:	003a      	movs	r2, r7
10008a60:	1c60      	adds	r0, r4, #1
10008a62:	f7fe fa53 	bl	10006f0c <__wrap___aeabi_memcpy>
10008a66:	3701      	adds	r7, #1
10008a68:	b2bf      	uxth	r7, r7
10008a6a:	208c      	movs	r0, #140	; 0x8c
10008a6c:	4345      	muls	r5, r0
10008a6e:	1976      	adds	r6, r6, r5
10008a70:	003b      	movs	r3, r7
10008a72:	0022      	movs	r2, r4
10008a74:	2000      	movs	r0, #0
10008a76:	7871      	ldrb	r1, [r6, #1]
10008a78:	f7ff fbde 	bl	10008238 <usbd_edpt_xfer>
10008a7c:	bcc0      	pop	{r6, r7}
10008a7e:	46b9      	mov	r9, r7
10008a80:	46b0      	mov	r8, r6
10008a82:	bdf8      	pop	{r3, r4, r5, r6, r7, pc}
10008a84:	1c3b      	adds	r3, r7, #0
10008a86:	2f40      	cmp	r7, #64	; 0x40
10008a88:	d80c      	bhi.n	10008aa4 <tud_hid_n_report+0x88>
10008a8a:	248c      	movs	r4, #140	; 0x8c
10008a8c:	436c      	muls	r4, r5
10008a8e:	3408      	adds	r4, #8
10008a90:	b29f      	uxth	r7, r3
10008a92:	1934      	adds	r4, r6, r4
10008a94:	003a      	movs	r2, r7
10008a96:	4641      	mov	r1, r8
10008a98:	0020      	movs	r0, r4
10008a9a:	f7fe fa37 	bl	10006f0c <__wrap___aeabi_memcpy>
10008a9e:	e7e4      	b.n	10008a6a <tud_hid_n_report+0x4e>
10008aa0:	233f      	movs	r3, #63	; 0x3f
10008aa2:	e7d3      	b.n	10008a4c <tud_hid_n_report+0x30>
10008aa4:	2340      	movs	r3, #64	; 0x40
10008aa6:	e7f0      	b.n	10008a8a <tud_hid_n_report+0x6e>
10008aa8:	20002488 	.word	0x20002488

10008aac <hidd_init>:
10008aac:	b510      	push	{r4, lr}
10008aae:	228c      	movs	r2, #140	; 0x8c
10008ab0:	2100      	movs	r1, #0
10008ab2:	4802      	ldr	r0, [pc, #8]	; (10008abc <hidd_init+0x10>)
10008ab4:	f7fe fa24 	bl	10006f00 <__wrap_memset>
10008ab8:	bd10      	pop	{r4, pc}
10008aba:	46c0      	nop			; (mov r8, r8)
10008abc:	20002488 	.word	0x20002488

10008ac0 <hidd_reset>:
10008ac0:	b510      	push	{r4, lr}
10008ac2:	228c      	movs	r2, #140	; 0x8c
10008ac4:	2100      	movs	r1, #0
10008ac6:	4802      	ldr	r0, [pc, #8]	; (10008ad0 <hidd_reset+0x10>)
10008ac8:	f7fe fa1a 	bl	10006f00 <__wrap_memset>
10008acc:	bd10      	pop	{r4, pc}
10008ace:	46c0      	nop			; (mov r8, r8)
10008ad0:	20002488 	.word	0x20002488

10008ad4 <hidd_open>:
10008ad4:	b5f0      	push	{r4, r5, r6, r7, lr}
10008ad6:	794b      	ldrb	r3, [r1, #5]
10008ad8:	0006      	movs	r6, r0
10008ada:	000d      	movs	r5, r1
10008adc:	b083      	sub	sp, #12
10008ade:	2b03      	cmp	r3, #3
10008ae0:	d10a      	bne.n	10008af8 <hidd_open+0x24>
10008ae2:	7908      	ldrb	r0, [r1, #4]
10008ae4:	00c4      	lsls	r4, r0, #3
10008ae6:	1a24      	subs	r4, r4, r0
10008ae8:	3412      	adds	r4, #18
10008aea:	b2a4      	uxth	r4, r4
10008aec:	4294      	cmp	r4, r2
10008aee:	d803      	bhi.n	10008af8 <hidd_open+0x24>
10008af0:	4f1b      	ldr	r7, [pc, #108]	; (10008b60 <hidd_open+0x8c>)
10008af2:	787b      	ldrb	r3, [r7, #1]
10008af4:	2b00      	cmp	r3, #0
10008af6:	d003      	beq.n	10008b00 <hidd_open+0x2c>
10008af8:	2400      	movs	r4, #0
10008afa:	0020      	movs	r0, r4
10008afc:	b003      	add	sp, #12
10008afe:	bdf0      	pop	{r4, r5, r6, r7, pc}
10008b00:	7809      	ldrb	r1, [r1, #0]
10008b02:	1869      	adds	r1, r5, r1
10008b04:	784b      	ldrb	r3, [r1, #1]
10008b06:	2b21      	cmp	r3, #33	; 0x21
10008b08:	d1f6      	bne.n	10008af8 <hidd_open+0x24>
10008b0a:	2388      	movs	r3, #136	; 0x88
10008b0c:	50f9      	str	r1, [r7, r3]
10008b0e:	780b      	ldrb	r3, [r1, #0]
10008b10:	0002      	movs	r2, r0
10008b12:	18c9      	adds	r1, r1, r3
10008b14:	1c7b      	adds	r3, r7, #1
10008b16:	9301      	str	r3, [sp, #4]
10008b18:	1cbb      	adds	r3, r7, #2
10008b1a:	9300      	str	r3, [sp, #0]
10008b1c:	0030      	movs	r0, r6
10008b1e:	2303      	movs	r3, #3
10008b20:	f7ff fafa 	bl	10008118 <usbd_open_edpt_pair>
10008b24:	2800      	cmp	r0, #0
10008b26:	d0e7      	beq.n	10008af8 <hidd_open+0x24>
10008b28:	79ab      	ldrb	r3, [r5, #6]
10008b2a:	2b01      	cmp	r3, #1
10008b2c:	d014      	beq.n	10008b58 <hidd_open+0x84>
10008b2e:	2301      	movs	r3, #1
10008b30:	713b      	strb	r3, [r7, #4]
10008b32:	78ab      	ldrb	r3, [r5, #2]
10008b34:	703b      	strb	r3, [r7, #0]
10008b36:	2388      	movs	r3, #136	; 0x88
10008b38:	58fa      	ldr	r2, [r7, r3]
10008b3a:	7a13      	ldrb	r3, [r2, #8]
10008b3c:	79d1      	ldrb	r1, [r2, #7]
10008b3e:	021b      	lsls	r3, r3, #8
10008b40:	430b      	orrs	r3, r1
10008b42:	78b9      	ldrb	r1, [r7, #2]
10008b44:	80fb      	strh	r3, [r7, #6]
10008b46:	2900      	cmp	r1, #0
10008b48:	d0d7      	beq.n	10008afa <hidd_open+0x26>
10008b4a:	003a      	movs	r2, r7
10008b4c:	2340      	movs	r3, #64	; 0x40
10008b4e:	0030      	movs	r0, r6
10008b50:	3248      	adds	r2, #72	; 0x48
10008b52:	f7ff fb71 	bl	10008238 <usbd_edpt_xfer>
10008b56:	e7d0      	b.n	10008afa <hidd_open+0x26>
10008b58:	79eb      	ldrb	r3, [r5, #7]
10008b5a:	70fb      	strb	r3, [r7, #3]
10008b5c:	e7e7      	b.n	10008b2e <hidd_open+0x5a>
10008b5e:	46c0      	nop			; (mov r8, r8)
10008b60:	20002488 	.word	0x20002488

10008b64 <hidd_control_xfer_cb>:
10008b64:	231f      	movs	r3, #31
10008b66:	b5f0      	push	{r4, r5, r6, r7, lr}
10008b68:	0014      	movs	r4, r2
10008b6a:	7812      	ldrb	r2, [r2, #0]
10008b6c:	0005      	movs	r5, r0
10008b6e:	b083      	sub	sp, #12
10008b70:	4013      	ands	r3, r2
10008b72:	2b01      	cmp	r3, #1
10008b74:	d117      	bne.n	10008ba6 <hidd_control_xfer_cb+0x42>
10008b76:	4e61      	ldr	r6, [pc, #388]	; (10008cfc <hidd_control_xfer_cb+0x198>)
10008b78:	7920      	ldrb	r0, [r4, #4]
10008b7a:	7833      	ldrb	r3, [r6, #0]
10008b7c:	4298      	cmp	r0, r3
10008b7e:	d112      	bne.n	10008ba6 <hidd_control_xfer_cb+0x42>
10008b80:	2360      	movs	r3, #96	; 0x60
10008b82:	0018      	movs	r0, r3
10008b84:	4010      	ands	r0, r2
10008b86:	4213      	tst	r3, r2
10008b88:	d008      	beq.n	10008b9c <hidd_control_xfer_cb+0x38>
10008b8a:	2820      	cmp	r0, #32
10008b8c:	d10b      	bne.n	10008ba6 <hidd_control_xfer_cb+0x42>
10008b8e:	7863      	ldrb	r3, [r4, #1]
10008b90:	2b0b      	cmp	r3, #11
10008b92:	d808      	bhi.n	10008ba6 <hidd_control_xfer_cb+0x42>
10008b94:	4a5a      	ldr	r2, [pc, #360]	; (10008d00 <hidd_control_xfer_cb+0x19c>)
10008b96:	009b      	lsls	r3, r3, #2
10008b98:	58d3      	ldr	r3, [r2, r3]
10008b9a:	469f      	mov	pc, r3
10008b9c:	2901      	cmp	r1, #1
10008b9e:	d10d      	bne.n	10008bbc <hidd_control_xfer_cb+0x58>
10008ba0:	7863      	ldrb	r3, [r4, #1]
10008ba2:	2b06      	cmp	r3, #6
10008ba4:	d00c      	beq.n	10008bc0 <hidd_control_xfer_cb+0x5c>
10008ba6:	2000      	movs	r0, #0
10008ba8:	b003      	add	sp, #12
10008baa:	bdf0      	pop	{r4, r5, r6, r7, pc}
10008bac:	2901      	cmp	r1, #1
10008bae:	d105      	bne.n	10008bbc <hidd_control_xfer_cb+0x58>
10008bb0:	2301      	movs	r3, #1
10008bb2:	0021      	movs	r1, r4
10008bb4:	0028      	movs	r0, r5
10008bb6:	4a53      	ldr	r2, [pc, #332]	; (10008d04 <hidd_control_xfer_cb+0x1a0>)
10008bb8:	f7ff fb8a 	bl	100082d0 <tud_control_xfer>
10008bbc:	2001      	movs	r0, #1
10008bbe:	e7f3      	b.n	10008ba8 <hidd_control_xfer_cb+0x44>
10008bc0:	78e3      	ldrb	r3, [r4, #3]
10008bc2:	2b21      	cmp	r3, #33	; 0x21
10008bc4:	d07e      	beq.n	10008cc4 <hidd_control_xfer_cb+0x160>
10008bc6:	2b22      	cmp	r3, #34	; 0x22
10008bc8:	d1ed      	bne.n	10008ba6 <hidd_control_xfer_cb+0x42>
10008bca:	2000      	movs	r0, #0
10008bcc:	f7f9 f8ec 	bl	10001da8 <tud_hid_descriptor_report_cb>
10008bd0:	0021      	movs	r1, r4
10008bd2:	0002      	movs	r2, r0
10008bd4:	88f3      	ldrh	r3, [r6, #6]
10008bd6:	0028      	movs	r0, r5
10008bd8:	f7ff fb7a 	bl	100082d0 <tud_control_xfer>
10008bdc:	2001      	movs	r0, #1
10008bde:	e7e3      	b.n	10008ba8 <hidd_control_xfer_cb+0x44>
10008be0:	2901      	cmp	r1, #1
10008be2:	d017      	beq.n	10008c14 <hidd_control_xfer_cb+0xb0>
10008be4:	2903      	cmp	r1, #3
10008be6:	d1e9      	bne.n	10008bbc <hidd_control_xfer_cb+0x58>
10008be8:	78a1      	ldrb	r1, [r4, #2]
10008bea:	4b47      	ldr	r3, [pc, #284]	; (10008d08 <hidd_control_xfer_cb+0x1a4>)
10008bec:	7131      	strb	r1, [r6, #4]
10008bee:	2b00      	cmp	r3, #0
10008bf0:	d0e4      	beq.n	10008bbc <hidd_control_xfer_cb+0x58>
10008bf2:	2000      	movs	r0, #0
10008bf4:	e000      	b.n	10008bf8 <hidd_control_xfer_cb+0x94>
10008bf6:	bf00      	nop
10008bf8:	2001      	movs	r0, #1
10008bfa:	e7d5      	b.n	10008ba8 <hidd_control_xfer_cb+0x44>
10008bfc:	2901      	cmp	r1, #1
10008bfe:	d1dd      	bne.n	10008bbc <hidd_control_xfer_cb+0x58>
10008c00:	78e1      	ldrb	r1, [r4, #3]
10008c02:	4b42      	ldr	r3, [pc, #264]	; (10008d0c <hidd_control_xfer_cb+0x1a8>)
10008c04:	7171      	strb	r1, [r6, #5]
10008c06:	2b00      	cmp	r3, #0
10008c08:	d004      	beq.n	10008c14 <hidd_control_xfer_cb+0xb0>
10008c0a:	2000      	movs	r0, #0
10008c0c:	e000      	b.n	10008c10 <hidd_control_xfer_cb+0xac>
10008c0e:	bf00      	nop
10008c10:	2800      	cmp	r0, #0
10008c12:	d0c8      	beq.n	10008ba6 <hidd_control_xfer_cb+0x42>
10008c14:	0021      	movs	r1, r4
10008c16:	0028      	movs	r0, r5
10008c18:	f7ff fb42 	bl	100082a0 <tud_control_status>
10008c1c:	2001      	movs	r0, #1
10008c1e:	e7c3      	b.n	10008ba8 <hidd_control_xfer_cb+0x44>
10008c20:	2901      	cmp	r1, #1
10008c22:	d05a      	beq.n	10008cda <hidd_control_xfer_cb+0x176>
10008c24:	2903      	cmp	r1, #3
10008c26:	d1c9      	bne.n	10008bbc <hidd_control_xfer_cb+0x58>
10008c28:	79e0      	ldrb	r0, [r4, #7]
10008c2a:	79a3      	ldrb	r3, [r4, #6]
10008c2c:	0200      	lsls	r0, r0, #8
10008c2e:	4318      	orrs	r0, r3
10008c30:	78e2      	ldrb	r2, [r4, #3]
10008c32:	78a1      	ldrb	r1, [r4, #2]
10008c34:	1c04      	adds	r4, r0, #0
10008c36:	2840      	cmp	r0, #64	; 0x40
10008c38:	d900      	bls.n	10008c3c <hidd_control_xfer_cb+0xd8>
10008c3a:	2440      	movs	r4, #64	; 0x40
10008c3c:	4b34      	ldr	r3, [pc, #208]	; (10008d10 <hidd_control_xfer_cb+0x1ac>)
10008c3e:	b2a4      	uxth	r4, r4
10008c40:	2900      	cmp	r1, #0
10008c42:	d008      	beq.n	10008c56 <hidd_control_xfer_cb+0xf2>
10008c44:	2801      	cmp	r0, #1
10008c46:	d906      	bls.n	10008c56 <hidd_control_xfer_cb+0xf2>
10008c48:	2048      	movs	r0, #72	; 0x48
10008c4a:	5c30      	ldrb	r0, [r6, r0]
10008c4c:	4288      	cmp	r0, r1
10008c4e:	d102      	bne.n	10008c56 <hidd_control_xfer_cb+0xf2>
10008c50:	3c01      	subs	r4, #1
10008c52:	4b30      	ldr	r3, [pc, #192]	; (10008d14 <hidd_control_xfer_cb+0x1b0>)
10008c54:	b2a4      	uxth	r4, r4
10008c56:	2000      	movs	r0, #0
10008c58:	9400      	str	r4, [sp, #0]
10008c5a:	f7f9 f9b5 	bl	10001fc8 <tud_hid_set_report_cb>
10008c5e:	2001      	movs	r0, #1
10008c60:	e7a2      	b.n	10008ba8 <hidd_control_xfer_cb+0x44>
10008c62:	2901      	cmp	r1, #1
10008c64:	d1aa      	bne.n	10008bbc <hidd_control_xfer_cb+0x58>
10008c66:	2301      	movs	r3, #1
10008c68:	0021      	movs	r1, r4
10008c6a:	0028      	movs	r0, r5
10008c6c:	4a2a      	ldr	r2, [pc, #168]	; (10008d18 <hidd_control_xfer_cb+0x1b4>)
10008c6e:	f7ff fb2f 	bl	100082d0 <tud_control_xfer>
10008c72:	2001      	movs	r0, #1
10008c74:	e798      	b.n	10008ba8 <hidd_control_xfer_cb+0x44>
10008c76:	2901      	cmp	r1, #1
10008c78:	d1a0      	bne.n	10008bbc <hidd_control_xfer_cb+0x58>
10008c7a:	79e3      	ldrb	r3, [r4, #7]
10008c7c:	79a0      	ldrb	r0, [r4, #6]
10008c7e:	021b      	lsls	r3, r3, #8
10008c80:	4303      	orrs	r3, r0
10008c82:	78e2      	ldrb	r2, [r4, #3]
10008c84:	78a1      	ldrb	r1, [r4, #2]
10008c86:	1c18      	adds	r0, r3, #0
10008c88:	2b40      	cmp	r3, #64	; 0x40
10008c8a:	d900      	bls.n	10008c8e <hidd_control_xfer_cb+0x12a>
10008c8c:	2040      	movs	r0, #64	; 0x40
10008c8e:	b280      	uxth	r0, r0
10008c90:	2900      	cmp	r1, #0
10008c92:	d030      	beq.n	10008cf6 <hidd_control_xfer_cb+0x192>
10008c94:	2b01      	cmp	r3, #1
10008c96:	d92e      	bls.n	10008cf6 <hidd_control_xfer_cb+0x192>
10008c98:	0033      	movs	r3, r6
10008c9a:	2701      	movs	r7, #1
10008c9c:	3801      	subs	r0, #1
10008c9e:	7231      	strb	r1, [r6, #8]
10008ca0:	b280      	uxth	r0, r0
10008ca2:	3309      	adds	r3, #9
10008ca4:	9000      	str	r0, [sp, #0]
10008ca6:	2000      	movs	r0, #0
10008ca8:	f7f9 f98c 	bl	10001fc4 <tud_hid_get_report_cb>
10008cac:	183f      	adds	r7, r7, r0
10008cae:	b2bb      	uxth	r3, r7
10008cb0:	2b00      	cmp	r3, #0
10008cb2:	d100      	bne.n	10008cb6 <hidd_control_xfer_cb+0x152>
10008cb4:	e777      	b.n	10008ba6 <hidd_control_xfer_cb+0x42>
10008cb6:	0021      	movs	r1, r4
10008cb8:	0028      	movs	r0, r5
10008cba:	4a18      	ldr	r2, [pc, #96]	; (10008d1c <hidd_control_xfer_cb+0x1b8>)
10008cbc:	f7ff fb08 	bl	100082d0 <tud_control_xfer>
10008cc0:	2001      	movs	r0, #1
10008cc2:	e771      	b.n	10008ba8 <hidd_control_xfer_cb+0x44>
10008cc4:	3367      	adds	r3, #103	; 0x67
10008cc6:	58f2      	ldr	r2, [r6, r3]
10008cc8:	2a00      	cmp	r2, #0
10008cca:	d100      	bne.n	10008cce <hidd_control_xfer_cb+0x16a>
10008ccc:	e76b      	b.n	10008ba6 <hidd_control_xfer_cb+0x42>
10008cce:	0021      	movs	r1, r4
10008cd0:	0028      	movs	r0, r5
10008cd2:	7813      	ldrb	r3, [r2, #0]
10008cd4:	f7ff fafc 	bl	100082d0 <tud_control_xfer>
10008cd8:	e766      	b.n	10008ba8 <hidd_control_xfer_cb+0x44>
10008cda:	79e3      	ldrb	r3, [r4, #7]
10008cdc:	79a2      	ldrb	r2, [r4, #6]
10008cde:	021b      	lsls	r3, r3, #8
10008ce0:	4313      	orrs	r3, r2
10008ce2:	2b40      	cmp	r3, #64	; 0x40
10008ce4:	d900      	bls.n	10008ce8 <hidd_control_xfer_cb+0x184>
10008ce6:	e75e      	b.n	10008ba6 <hidd_control_xfer_cb+0x42>
10008ce8:	0021      	movs	r1, r4
10008cea:	0028      	movs	r0, r5
10008cec:	4a08      	ldr	r2, [pc, #32]	; (10008d10 <hidd_control_xfer_cb+0x1ac>)
10008cee:	f7ff faef 	bl	100082d0 <tud_control_xfer>
10008cf2:	2001      	movs	r0, #1
10008cf4:	e758      	b.n	10008ba8 <hidd_control_xfer_cb+0x44>
10008cf6:	2700      	movs	r7, #0
10008cf8:	4b08      	ldr	r3, [pc, #32]	; (10008d1c <hidd_control_xfer_cb+0x1b8>)
10008cfa:	e7d3      	b.n	10008ca4 <hidd_control_xfer_cb+0x140>
10008cfc:	20002488 	.word	0x20002488
10008d00:	1000a6f4 	.word	0x1000a6f4
10008d04:	2000248c 	.word	0x2000248c
	...
10008d10:	200024d0 	.word	0x200024d0
10008d14:	200024d1 	.word	0x200024d1
10008d18:	2000248d 	.word	0x2000248d
10008d1c:	20002490 	.word	0x20002490

10008d20 <hidd_xfer_cb>:
10008d20:	b570      	push	{r4, r5, r6, lr}
10008d22:	4c16      	ldr	r4, [pc, #88]	; (10008d7c <hidd_xfer_cb+0x5c>)
10008d24:	0005      	movs	r5, r0
10008d26:	78a2      	ldrb	r2, [r4, #2]
10008d28:	b082      	sub	sp, #8
10008d2a:	428a      	cmp	r2, r1
10008d2c:	d10e      	bne.n	10008d4c <hidd_xfer_cb+0x2c>
10008d2e:	7861      	ldrb	r1, [r4, #1]
10008d30:	4291      	cmp	r1, r2
10008d32:	d110      	bne.n	10008d56 <hidd_xfer_cb+0x36>
10008d34:	4a12      	ldr	r2, [pc, #72]	; (10008d80 <hidd_xfer_cb+0x60>)
10008d36:	2401      	movs	r4, #1
10008d38:	2a00      	cmp	r2, #0
10008d3a:	d004      	beq.n	10008d46 <hidd_xfer_cb+0x26>
10008d3c:	2000      	movs	r0, #0
10008d3e:	4911      	ldr	r1, [pc, #68]	; (10008d84 <hidd_xfer_cb+0x64>)
10008d40:	b29a      	uxth	r2, r3
10008d42:	e000      	b.n	10008d46 <hidd_xfer_cb+0x26>
10008d44:	bf00      	nop
10008d46:	0020      	movs	r0, r4
10008d48:	b002      	add	sp, #8
10008d4a:	bd70      	pop	{r4, r5, r6, pc}
10008d4c:	7862      	ldrb	r2, [r4, #1]
10008d4e:	2400      	movs	r4, #0
10008d50:	428a      	cmp	r2, r1
10008d52:	d1f8      	bne.n	10008d46 <hidd_xfer_cb+0x26>
10008d54:	e7ee      	b.n	10008d34 <hidd_xfer_cb+0x14>
10008d56:	0026      	movs	r6, r4
10008d58:	b29b      	uxth	r3, r3
10008d5a:	3648      	adds	r6, #72	; 0x48
10008d5c:	2200      	movs	r2, #0
10008d5e:	2100      	movs	r1, #0
10008d60:	2000      	movs	r0, #0
10008d62:	9300      	str	r3, [sp, #0]
10008d64:	0033      	movs	r3, r6
10008d66:	f7f9 f92f 	bl	10001fc8 <tud_hid_set_report_cb>
10008d6a:	78a1      	ldrb	r1, [r4, #2]
10008d6c:	2340      	movs	r3, #64	; 0x40
10008d6e:	0032      	movs	r2, r6
10008d70:	0028      	movs	r0, r5
10008d72:	f7ff fa61 	bl	10008238 <usbd_edpt_xfer>
10008d76:	0004      	movs	r4, r0
10008d78:	e7e5      	b.n	10008d46 <hidd_xfer_cb+0x26>
10008d7a:	46c0      	nop			; (mov r8, r8)
10008d7c:	20002488 	.word	0x20002488
10008d80:	00000000 	.word	0x00000000
10008d84:	20002490 	.word	0x20002490

10008d88 <tusb_init>:
10008d88:	b510      	push	{r4, lr}
10008d8a:	2000      	movs	r0, #0
10008d8c:	f7fe fd98 	bl	100078c0 <tud_init>
10008d90:	bd10      	pop	{r4, pc}
10008d92:	46c0      	nop			; (mov r8, r8)

10008d94 <tusb_inited>:
10008d94:	b510      	push	{r4, lr}
10008d96:	f7fe fd89 	bl	100078ac <tud_inited>
10008d9a:	bd10      	pop	{r4, pc}

10008d9c <tu_edpt_claim>:
10008d9c:	7803      	ldrb	r3, [r0, #0]
10008d9e:	b570      	push	{r4, r5, r6, lr}
10008da0:	07db      	lsls	r3, r3, #31
10008da2:	0004      	movs	r4, r0
10008da4:	000e      	movs	r6, r1
10008da6:	0fdd      	lsrs	r5, r3, #31
10008da8:	2b00      	cmp	r3, #0
10008daa:	d117      	bne.n	10008ddc <tu_edpt_claim+0x40>
10008dac:	7803      	ldrb	r3, [r0, #0]
10008dae:	075b      	lsls	r3, r3, #29
10008db0:	d501      	bpl.n	10008db6 <tu_edpt_claim+0x1a>
10008db2:	0028      	movs	r0, r5
10008db4:	bd70      	pop	{r4, r5, r6, pc}
10008db6:	2101      	movs	r1, #1
10008db8:	0030      	movs	r0, r6
10008dba:	4249      	negs	r1, r1
10008dbc:	f000 feb0 	bl	10009b20 <__mutex_enter_timeout_ms_veneer>
10008dc0:	7823      	ldrb	r3, [r4, #0]
10008dc2:	07db      	lsls	r3, r3, #31
10008dc4:	0fdd      	lsrs	r5, r3, #31
10008dc6:	2b00      	cmp	r3, #0
10008dc8:	d10a      	bne.n	10008de0 <tu_edpt_claim+0x44>
10008dca:	7823      	ldrb	r3, [r4, #0]
10008dcc:	075b      	lsls	r3, r3, #29
10008dce:	d408      	bmi.n	10008de2 <tu_edpt_claim+0x46>
10008dd0:	2204      	movs	r2, #4
10008dd2:	7823      	ldrb	r3, [r4, #0]
10008dd4:	2501      	movs	r5, #1
10008dd6:	4313      	orrs	r3, r2
10008dd8:	7023      	strb	r3, [r4, #0]
10008dda:	e002      	b.n	10008de2 <tu_edpt_claim+0x46>
10008ddc:	2500      	movs	r5, #0
10008dde:	e7e8      	b.n	10008db2 <tu_edpt_claim+0x16>
10008de0:	2500      	movs	r5, #0
10008de2:	0030      	movs	r0, r6
10008de4:	f000 fe6c 	bl	10009ac0 <__mutex_exit_veneer>
10008de8:	e7e3      	b.n	10008db2 <tu_edpt_claim+0x16>
10008dea:	46c0      	nop			; (mov r8, r8)

10008dec <tu_edpt_release>:
10008dec:	b570      	push	{r4, r5, r6, lr}
10008dee:	000d      	movs	r5, r1
10008df0:	2101      	movs	r1, #1
10008df2:	0004      	movs	r4, r0
10008df4:	4249      	negs	r1, r1
10008df6:	0028      	movs	r0, r5
10008df8:	f000 fe92 	bl	10009b20 <__mutex_enter_timeout_ms_veneer>
10008dfc:	7823      	ldrb	r3, [r4, #0]
10008dfe:	075b      	lsls	r3, r3, #29
10008e00:	0fde      	lsrs	r6, r3, #31
10008e02:	2b00      	cmp	r3, #0
10008e04:	db04      	blt.n	10008e10 <tu_edpt_release+0x24>
10008e06:	0028      	movs	r0, r5
10008e08:	f000 fe5a 	bl	10009ac0 <__mutex_exit_veneer>
10008e0c:	0030      	movs	r0, r6
10008e0e:	bd70      	pop	{r4, r5, r6, pc}
10008e10:	7823      	ldrb	r3, [r4, #0]
10008e12:	07db      	lsls	r3, r3, #31
10008e14:	d404      	bmi.n	10008e20 <tu_edpt_release+0x34>
10008e16:	2204      	movs	r2, #4
10008e18:	7823      	ldrb	r3, [r4, #0]
10008e1a:	4393      	bics	r3, r2
10008e1c:	7023      	strb	r3, [r4, #0]
10008e1e:	e7f2      	b.n	10008e06 <tu_edpt_release+0x1a>
10008e20:	2600      	movs	r6, #0
10008e22:	e7f0      	b.n	10008e06 <tu_edpt_release+0x1a>

10008e24 <tu_edpt_validate>:
10008e24:	b510      	push	{r4, lr}
10008e26:	7943      	ldrb	r3, [r0, #5]
10008e28:	7904      	ldrb	r4, [r0, #4]
10008e2a:	021b      	lsls	r3, r3, #8
10008e2c:	4323      	orrs	r3, r4
10008e2e:	055b      	lsls	r3, r3, #21
10008e30:	0d5a      	lsrs	r2, r3, #21
10008e32:	78c3      	ldrb	r3, [r0, #3]
10008e34:	079b      	lsls	r3, r3, #30
10008e36:	0f9b      	lsrs	r3, r3, #30
10008e38:	2b02      	cmp	r3, #2
10008e3a:	d005      	beq.n	10008e48 <tu_edpt_validate+0x24>
10008e3c:	2b03      	cmp	r3, #3
10008e3e:	d015      	beq.n	10008e6c <tu_edpt_validate+0x48>
10008e40:	2000      	movs	r0, #0
10008e42:	2b01      	cmp	r3, #1
10008e44:	d008      	beq.n	10008e58 <tu_edpt_validate+0x34>
10008e46:	bd10      	pop	{r4, pc}
10008e48:	2902      	cmp	r1, #2
10008e4a:	d01c      	beq.n	10008e86 <tu_edpt_validate+0x62>
10008e4c:	2000      	movs	r0, #0
10008e4e:	2340      	movs	r3, #64	; 0x40
10008e50:	4293      	cmp	r3, r2
10008e52:	4140      	adcs	r0, r0
10008e54:	b2c0      	uxtb	r0, r0
10008e56:	e7f6      	b.n	10008e46 <tu_edpt_validate+0x22>
10008e58:	3902      	subs	r1, #2
10008e5a:	424b      	negs	r3, r1
10008e5c:	4159      	adcs	r1, r3
10008e5e:	4b0d      	ldr	r3, [pc, #52]	; (10008e94 <tu_edpt_validate+0x70>)
10008e60:	469c      	mov	ip, r3
10008e62:	4461      	add	r1, ip
10008e64:	4291      	cmp	r1, r2
10008e66:	4140      	adcs	r0, r0
10008e68:	b2c0      	uxtb	r0, r0
10008e6a:	e7ec      	b.n	10008e46 <tu_edpt_validate+0x22>
10008e6c:	3902      	subs	r1, #2
10008e6e:	424b      	negs	r3, r1
10008e70:	4159      	adcs	r1, r3
10008e72:	23f0      	movs	r3, #240	; 0xf0
10008e74:	2000      	movs	r0, #0
10008e76:	4249      	negs	r1, r1
10008e78:	009b      	lsls	r3, r3, #2
10008e7a:	4019      	ands	r1, r3
10008e7c:	3140      	adds	r1, #64	; 0x40
10008e7e:	4291      	cmp	r1, r2
10008e80:	4140      	adcs	r0, r0
10008e82:	b2c0      	uxtb	r0, r0
10008e84:	e7df      	b.n	10008e46 <tu_edpt_validate+0x22>
10008e86:	4b04      	ldr	r3, [pc, #16]	; (10008e98 <tu_edpt_validate+0x74>)
10008e88:	18d3      	adds	r3, r2, r3
10008e8a:	425a      	negs	r2, r3
10008e8c:	4153      	adcs	r3, r2
10008e8e:	b2d8      	uxtb	r0, r3
10008e90:	e7d9      	b.n	10008e46 <tu_edpt_validate+0x22>
10008e92:	46c0      	nop			; (mov r8, r8)
10008e94:	000003ff 	.word	0x000003ff
10008e98:	fffffe00 	.word	0xfffffe00

10008e9c <tu_edpt_bind_driver>:
10008e9c:	188a      	adds	r2, r1, r2
10008e9e:	b570      	push	{r4, r5, r6, lr}
10008ea0:	4291      	cmp	r1, r2
10008ea2:	d207      	bcs.n	10008eb4 <tu_edpt_bind_driver+0x18>
10008ea4:	267f      	movs	r6, #127	; 0x7f
10008ea6:	784c      	ldrb	r4, [r1, #1]
10008ea8:	2c05      	cmp	r4, #5
10008eaa:	d004      	beq.n	10008eb6 <tu_edpt_bind_driver+0x1a>
10008eac:	780c      	ldrb	r4, [r1, #0]
10008eae:	1909      	adds	r1, r1, r4
10008eb0:	428a      	cmp	r2, r1
10008eb2:	d8f8      	bhi.n	10008ea6 <tu_edpt_bind_driver+0xa>
10008eb4:	bd70      	pop	{r4, r5, r6, pc}
10008eb6:	0034      	movs	r4, r6
10008eb8:	788d      	ldrb	r5, [r1, #2]
10008eba:	402c      	ands	r4, r5
10008ebc:	0064      	lsls	r4, r4, #1
10008ebe:	1904      	adds	r4, r0, r4
10008ec0:	09ed      	lsrs	r5, r5, #7
10008ec2:	5563      	strb	r3, [r4, r5]
10008ec4:	780c      	ldrb	r4, [r1, #0]
10008ec6:	1909      	adds	r1, r1, r4
10008ec8:	428a      	cmp	r2, r1
10008eca:	d8ec      	bhi.n	10008ea6 <tu_edpt_bind_driver+0xa>
10008ecc:	e7f2      	b.n	10008eb4 <tu_edpt_bind_driver+0x18>
10008ece:	46c0      	nop			; (mov r8, r8)

10008ed0 <tu_fifo_config>:
10008ed0:	b5f0      	push	{r4, r5, r6, r7, lr}
10008ed2:	46c6      	mov	lr, r8
10008ed4:	b500      	push	{lr}
10008ed6:	0004      	movs	r4, r0
10008ed8:	a806      	add	r0, sp, #24
10008eda:	7805      	ldrb	r5, [r0, #0]
10008edc:	2080      	movs	r0, #128	; 0x80
10008ede:	4688      	mov	r8, r1
10008ee0:	0017      	movs	r7, r2
10008ee2:	001e      	movs	r6, r3
10008ee4:	0200      	lsls	r0, r0, #8
10008ee6:	4282      	cmp	r2, r0
10008ee8:	d827      	bhi.n	10008f3a <tu_fifo_config+0x6a>
10008eea:	68e0      	ldr	r0, [r4, #12]
10008eec:	2800      	cmp	r0, #0
10008eee:	d003      	beq.n	10008ef8 <tu_fifo_config+0x28>
10008ef0:	2101      	movs	r1, #1
10008ef2:	4249      	negs	r1, r1
10008ef4:	f000 fe14 	bl	10009b20 <__mutex_enter_timeout_ms_veneer>
10008ef8:	6920      	ldr	r0, [r4, #16]
10008efa:	2800      	cmp	r0, #0
10008efc:	d003      	beq.n	10008f06 <tu_fifo_config+0x36>
10008efe:	2101      	movs	r1, #1
10008f00:	4249      	negs	r1, r1
10008f02:	f000 fe0d 	bl	10009b20 <__mutex_enter_timeout_ms_veneer>
10008f06:	4643      	mov	r3, r8
10008f08:	6023      	str	r3, [r4, #0]
10008f0a:	0473      	lsls	r3, r6, #17
10008f0c:	0c5b      	lsrs	r3, r3, #17
10008f0e:	03ed      	lsls	r5, r5, #15
10008f10:	431d      	orrs	r5, r3
10008f12:	2300      	movs	r3, #0
10008f14:	68e0      	ldr	r0, [r4, #12]
10008f16:	8163      	strh	r3, [r4, #10]
10008f18:	80a7      	strh	r7, [r4, #4]
10008f1a:	80e5      	strh	r5, [r4, #6]
10008f1c:	8123      	strh	r3, [r4, #8]
10008f1e:	2800      	cmp	r0, #0
10008f20:	d001      	beq.n	10008f26 <tu_fifo_config+0x56>
10008f22:	f000 fdcd 	bl	10009ac0 <__mutex_exit_veneer>
10008f26:	6920      	ldr	r0, [r4, #16]
10008f28:	2401      	movs	r4, #1
10008f2a:	2800      	cmp	r0, #0
10008f2c:	d001      	beq.n	10008f32 <tu_fifo_config+0x62>
10008f2e:	f000 fdc7 	bl	10009ac0 <__mutex_exit_veneer>
10008f32:	0020      	movs	r0, r4
10008f34:	bc80      	pop	{r7}
10008f36:	46b8      	mov	r8, r7
10008f38:	bdf0      	pop	{r4, r5, r6, r7, pc}
10008f3a:	2400      	movs	r4, #0
10008f3c:	e7f9      	b.n	10008f32 <tu_fifo_config+0x62>
10008f3e:	46c0      	nop			; (mov r8, r8)

10008f40 <tu_fifo_count>:
10008f40:	b510      	push	{r4, lr}
10008f42:	8904      	ldrh	r4, [r0, #8]
10008f44:	8941      	ldrh	r1, [r0, #10]
10008f46:	8882      	ldrh	r2, [r0, #4]
10008f48:	b2a3      	uxth	r3, r4
10008f4a:	b288      	uxth	r0, r1
10008f4c:	428c      	cmp	r4, r1
10008f4e:	d307      	bcc.n	10008f60 <tu_fifo_count+0x20>
10008f50:	1a1b      	subs	r3, r3, r0
10008f52:	b29b      	uxth	r3, r3
10008f54:	1c10      	adds	r0, r2, #0
10008f56:	429a      	cmp	r2, r3
10008f58:	d900      	bls.n	10008f5c <tu_fifo_count+0x1c>
10008f5a:	1c18      	adds	r0, r3, #0
10008f5c:	b280      	uxth	r0, r0
10008f5e:	bd10      	pop	{r4, pc}
10008f60:	0051      	lsls	r1, r2, #1
10008f62:	1a09      	subs	r1, r1, r0
10008f64:	185b      	adds	r3, r3, r1
10008f66:	b29b      	uxth	r3, r3
10008f68:	e7f4      	b.n	10008f54 <tu_fifo_count+0x14>
10008f6a:	46c0      	nop			; (mov r8, r8)

10008f6c <tu_fifo_empty>:
10008f6c:	0003      	movs	r3, r0
10008f6e:	8900      	ldrh	r0, [r0, #8]
10008f70:	895b      	ldrh	r3, [r3, #10]
10008f72:	1ac0      	subs	r0, r0, r3
10008f74:	4243      	negs	r3, r0
10008f76:	4158      	adcs	r0, r3
10008f78:	b2c0      	uxtb	r0, r0
10008f7a:	4770      	bx	lr

10008f7c <tu_fifo_remaining>:
10008f7c:	b510      	push	{r4, lr}
10008f7e:	8904      	ldrh	r4, [r0, #8]
10008f80:	8941      	ldrh	r1, [r0, #10]
10008f82:	8882      	ldrh	r2, [r0, #4]
10008f84:	b2a3      	uxth	r3, r4
10008f86:	b288      	uxth	r0, r1
10008f88:	428c      	cmp	r4, r1
10008f8a:	d307      	bcc.n	10008f9c <tu_fifo_remaining+0x20>
10008f8c:	1a1b      	subs	r3, r3, r0
10008f8e:	b29b      	uxth	r3, r3
10008f90:	2000      	movs	r0, #0
10008f92:	429a      	cmp	r2, r3
10008f94:	d901      	bls.n	10008f9a <tu_fifo_remaining+0x1e>
10008f96:	1ad3      	subs	r3, r2, r3
10008f98:	b298      	uxth	r0, r3
10008f9a:	bd10      	pop	{r4, pc}
10008f9c:	0051      	lsls	r1, r2, #1
10008f9e:	1a09      	subs	r1, r1, r0
10008fa0:	185b      	adds	r3, r3, r1
10008fa2:	b29b      	uxth	r3, r3
10008fa4:	e7f4      	b.n	10008f90 <tu_fifo_remaining+0x14>
10008fa6:	46c0      	nop			; (mov r8, r8)

10008fa8 <tu_fifo_read>:
10008fa8:	b570      	push	{r4, r5, r6, lr}
10008faa:	0004      	movs	r4, r0
10008fac:	6900      	ldr	r0, [r0, #16]
10008fae:	000e      	movs	r6, r1
10008fb0:	2800      	cmp	r0, #0
10008fb2:	d003      	beq.n	10008fbc <tu_fifo_read+0x14>
10008fb4:	2101      	movs	r1, #1
10008fb6:	4249      	negs	r1, r1
10008fb8:	f000 fdb2 	bl	10009b20 <__mutex_enter_timeout_ms_veneer>
10008fbc:	8925      	ldrh	r5, [r4, #8]
10008fbe:	8960      	ldrh	r0, [r4, #10]
10008fc0:	88a2      	ldrh	r2, [r4, #4]
10008fc2:	b2a9      	uxth	r1, r5
10008fc4:	b283      	uxth	r3, r0
10008fc6:	4285      	cmp	r5, r0
10008fc8:	d32c      	bcc.n	10009024 <tu_fifo_read+0x7c>
10008fca:	1acd      	subs	r5, r1, r3
10008fcc:	b2ad      	uxth	r5, r5
10008fce:	2d00      	cmp	r5, #0
10008fd0:	d02e      	beq.n	10009030 <tu_fifo_read+0x88>
10008fd2:	42aa      	cmp	r2, r5
10008fd4:	d208      	bcs.n	10008fe8 <tu_fifo_read+0x40>
10008fd6:	4291      	cmp	r1, r2
10008fd8:	d331      	bcc.n	1000903e <tu_fifo_read+0x96>
10008fda:	1a8b      	subs	r3, r1, r2
10008fdc:	b29b      	uxth	r3, r3
10008fde:	8163      	strh	r3, [r4, #10]
10008fe0:	429a      	cmp	r2, r3
10008fe2:	d803      	bhi.n	10008fec <tu_fifo_read+0x44>
10008fe4:	1a9b      	subs	r3, r3, r2
10008fe6:	b29b      	uxth	r3, r3
10008fe8:	429a      	cmp	r2, r3
10008fea:	d9fb      	bls.n	10008fe4 <tu_fifo_read+0x3c>
10008fec:	88e2      	ldrh	r2, [r4, #6]
10008fee:	6821      	ldr	r1, [r4, #0]
10008ff0:	0452      	lsls	r2, r2, #17
10008ff2:	0c52      	lsrs	r2, r2, #17
10008ff4:	4353      	muls	r3, r2
10008ff6:	0030      	movs	r0, r6
10008ff8:	18c9      	adds	r1, r1, r3
10008ffa:	f7fd ff87 	bl	10006f0c <__wrap___aeabi_memcpy>
10008ffe:	8961      	ldrh	r1, [r4, #10]
10009000:	2501      	movs	r5, #1
10009002:	1c4b      	adds	r3, r1, #1
10009004:	b29b      	uxth	r3, r3
10009006:	88a2      	ldrh	r2, [r4, #4]
10009008:	4299      	cmp	r1, r3
1000900a:	d914      	bls.n	10009036 <tu_fifo_read+0x8e>
1000900c:	2300      	movs	r3, #0
1000900e:	0052      	lsls	r2, r2, #1
10009010:	1a9b      	subs	r3, r3, r2
10009012:	b29b      	uxth	r3, r3
10009014:	6920      	ldr	r0, [r4, #16]
10009016:	8163      	strh	r3, [r4, #10]
10009018:	2800      	cmp	r0, #0
1000901a:	d001      	beq.n	10009020 <tu_fifo_read+0x78>
1000901c:	f000 fd50 	bl	10009ac0 <__mutex_exit_veneer>
10009020:	0028      	movs	r0, r5
10009022:	bd70      	pop	{r4, r5, r6, pc}
10009024:	0055      	lsls	r5, r2, #1
10009026:	1aed      	subs	r5, r5, r3
10009028:	194d      	adds	r5, r1, r5
1000902a:	b2ad      	uxth	r5, r5
1000902c:	2d00      	cmp	r5, #0
1000902e:	d1d0      	bne.n	10008fd2 <tu_fifo_read+0x2a>
10009030:	2500      	movs	r5, #0
10009032:	8963      	ldrh	r3, [r4, #10]
10009034:	b29b      	uxth	r3, r3
10009036:	0052      	lsls	r2, r2, #1
10009038:	4293      	cmp	r3, r2
1000903a:	dbeb      	blt.n	10009014 <tu_fifo_read+0x6c>
1000903c:	e7e8      	b.n	10009010 <tu_fifo_read+0x68>
1000903e:	1889      	adds	r1, r1, r2
10009040:	b28b      	uxth	r3, r1
10009042:	8163      	strh	r3, [r4, #10]
10009044:	e7cc      	b.n	10008fe0 <tu_fifo_read+0x38>
10009046:	46c0      	nop			; (mov r8, r8)

10009048 <tu_fifo_read_n>:
10009048:	b5f0      	push	{r4, r5, r6, r7, lr}
1000904a:	4646      	mov	r6, r8
1000904c:	464f      	mov	r7, r9
1000904e:	46d6      	mov	lr, sl
10009050:	b5c0      	push	{r6, r7, lr}
10009052:	0006      	movs	r6, r0
10009054:	6900      	ldr	r0, [r0, #16]
10009056:	4689      	mov	r9, r1
10009058:	4690      	mov	r8, r2
1000905a:	2800      	cmp	r0, #0
1000905c:	d003      	beq.n	10009066 <tu_fifo_read_n+0x1e>
1000905e:	2101      	movs	r1, #1
10009060:	4249      	negs	r1, r1
10009062:	f000 fd5d 	bl	10009b20 <__mutex_enter_timeout_ms_veneer>
10009066:	8931      	ldrh	r1, [r6, #8]
10009068:	8972      	ldrh	r2, [r6, #10]
1000906a:	88b5      	ldrh	r5, [r6, #4]
1000906c:	b28b      	uxth	r3, r1
1000906e:	b294      	uxth	r4, r2
10009070:	4291      	cmp	r1, r2
10009072:	d357      	bcc.n	10009124 <tu_fifo_read_n+0xdc>
10009074:	1b1f      	subs	r7, r3, r4
10009076:	b2bf      	uxth	r7, r7
10009078:	2f00      	cmp	r7, #0
1000907a:	d04d      	beq.n	10009118 <tu_fifo_read_n+0xd0>
1000907c:	42bd      	cmp	r5, r7
1000907e:	d205      	bcs.n	1000908c <tu_fifo_read_n+0x44>
10009080:	42ab      	cmp	r3, r5
10009082:	d254      	bcs.n	1000912e <tu_fifo_read_n+0xe6>
10009084:	195b      	adds	r3, r3, r5
10009086:	b29c      	uxth	r4, r3
10009088:	002f      	movs	r7, r5
1000908a:	8174      	strh	r4, [r6, #10]
1000908c:	4643      	mov	r3, r8
1000908e:	45b8      	cmp	r8, r7
10009090:	d840      	bhi.n	10009114 <tu_fifo_read_n+0xcc>
10009092:	b29f      	uxth	r7, r3
10009094:	42a5      	cmp	r5, r4
10009096:	d803      	bhi.n	100090a0 <tu_fifo_read_n+0x58>
10009098:	1b64      	subs	r4, r4, r5
1000909a:	b2a4      	uxth	r4, r4
1000909c:	42a5      	cmp	r5, r4
1000909e:	d9fb      	bls.n	10009098 <tu_fifo_read_n+0x50>
100090a0:	88f2      	ldrh	r2, [r6, #6]
100090a2:	1b28      	subs	r0, r5, r4
100090a4:	0452      	lsls	r2, r2, #17
100090a6:	0c53      	lsrs	r3, r2, #17
100090a8:	0019      	movs	r1, r3
100090aa:	4698      	mov	r8, r3
100090ac:	6833      	ldr	r3, [r6, #0]
100090ae:	4361      	muls	r1, r4
100090b0:	469c      	mov	ip, r3
100090b2:	b280      	uxth	r0, r0
100090b4:	4461      	add	r1, ip
100090b6:	4287      	cmp	r7, r0
100090b8:	d926      	bls.n	10009108 <tu_fifo_read_n+0xc0>
100090ba:	4643      	mov	r3, r8
100090bc:	4358      	muls	r0, r3
100090be:	b283      	uxth	r3, r0
100090c0:	001a      	movs	r2, r3
100090c2:	4648      	mov	r0, r9
100090c4:	469a      	mov	sl, r3
100090c6:	f7fd ff21 	bl	10006f0c <__wrap___aeabi_memcpy>
100090ca:	4643      	mov	r3, r8
100090cc:	4648      	mov	r0, r9
100090ce:	1b7d      	subs	r5, r7, r5
100090d0:	1964      	adds	r4, r4, r5
100090d2:	435c      	muls	r4, r3
100090d4:	6831      	ldr	r1, [r6, #0]
100090d6:	4450      	add	r0, sl
100090d8:	b2a2      	uxth	r2, r4
100090da:	f7fd ff17 	bl	10006f0c <__wrap___aeabi_memcpy>
100090de:	8971      	ldrh	r1, [r6, #10]
100090e0:	88b5      	ldrh	r5, [r6, #4]
100090e2:	19cb      	adds	r3, r1, r7
100090e4:	b29b      	uxth	r3, r3
100090e6:	006a      	lsls	r2, r5, #1
100090e8:	4299      	cmp	r1, r3
100090ea:	d917      	bls.n	1000911c <tu_fifo_read_n+0xd4>
100090ec:	1a9b      	subs	r3, r3, r2
100090ee:	b29b      	uxth	r3, r3
100090f0:	6930      	ldr	r0, [r6, #16]
100090f2:	8173      	strh	r3, [r6, #10]
100090f4:	2800      	cmp	r0, #0
100090f6:	d001      	beq.n	100090fc <tu_fifo_read_n+0xb4>
100090f8:	f000 fce2 	bl	10009ac0 <__mutex_exit_veneer>
100090fc:	0038      	movs	r0, r7
100090fe:	bce0      	pop	{r5, r6, r7}
10009100:	46ba      	mov	sl, r7
10009102:	46b1      	mov	r9, r6
10009104:	46a8      	mov	r8, r5
10009106:	bdf0      	pop	{r4, r5, r6, r7, pc}
10009108:	4642      	mov	r2, r8
1000910a:	4648      	mov	r0, r9
1000910c:	437a      	muls	r2, r7
1000910e:	f7fd fefd 	bl	10006f0c <__wrap___aeabi_memcpy>
10009112:	e7e4      	b.n	100090de <tu_fifo_read_n+0x96>
10009114:	1c3b      	adds	r3, r7, #0
10009116:	e7bc      	b.n	10009092 <tu_fifo_read_n+0x4a>
10009118:	8973      	ldrh	r3, [r6, #10]
1000911a:	b29b      	uxth	r3, r3
1000911c:	006a      	lsls	r2, r5, #1
1000911e:	4293      	cmp	r3, r2
10009120:	dbe6      	blt.n	100090f0 <tu_fifo_read_n+0xa8>
10009122:	e7e3      	b.n	100090ec <tu_fifo_read_n+0xa4>
10009124:	006f      	lsls	r7, r5, #1
10009126:	1b3f      	subs	r7, r7, r4
10009128:	19df      	adds	r7, r3, r7
1000912a:	b2bf      	uxth	r7, r7
1000912c:	e7a4      	b.n	10009078 <tu_fifo_read_n+0x30>
1000912e:	1b5b      	subs	r3, r3, r5
10009130:	b29c      	uxth	r4, r3
10009132:	e7a9      	b.n	10009088 <tu_fifo_read_n+0x40>

10009134 <tu_fifo_write>:
10009134:	b5f8      	push	{r3, r4, r5, r6, r7, lr}
10009136:	0004      	movs	r4, r0
10009138:	68c0      	ldr	r0, [r0, #12]
1000913a:	000e      	movs	r6, r1
1000913c:	2800      	cmp	r0, #0
1000913e:	d003      	beq.n	10009148 <tu_fifo_write+0x14>
10009140:	2101      	movs	r1, #1
10009142:	4249      	negs	r1, r1
10009144:	f000 fcec 	bl	10009b20 <__mutex_enter_timeout_ms_veneer>
10009148:	8925      	ldrh	r5, [r4, #8]
1000914a:	8920      	ldrh	r0, [r4, #8]
1000914c:	8961      	ldrh	r1, [r4, #10]
1000914e:	88a2      	ldrh	r2, [r4, #4]
10009150:	b2ad      	uxth	r5, r5
10009152:	b283      	uxth	r3, r0
10009154:	b28f      	uxth	r7, r1
10009156:	4288      	cmp	r0, r1
10009158:	d328      	bcc.n	100091ac <tu_fifo_write+0x78>
1000915a:	1bdb      	subs	r3, r3, r7
1000915c:	b29b      	uxth	r3, r3
1000915e:	429a      	cmp	r2, r3
10009160:	d809      	bhi.n	10009176 <tu_fifo_write+0x42>
10009162:	79e7      	ldrb	r7, [r4, #7]
10009164:	09ff      	lsrs	r7, r7, #7
10009166:	d106      	bne.n	10009176 <tu_fifo_write+0x42>
10009168:	68e0      	ldr	r0, [r4, #12]
1000916a:	2800      	cmp	r0, #0
1000916c:	d001      	beq.n	10009172 <tu_fifo_write+0x3e>
1000916e:	f000 fca7 	bl	10009ac0 <__mutex_exit_veneer>
10009172:	0038      	movs	r0, r7
10009174:	bdf8      	pop	{r3, r4, r5, r6, r7, pc}
10009176:	002b      	movs	r3, r5
10009178:	4295      	cmp	r5, r2
1000917a:	d303      	bcc.n	10009184 <tu_fifo_write+0x50>
1000917c:	1a9b      	subs	r3, r3, r2
1000917e:	b29b      	uxth	r3, r3
10009180:	4293      	cmp	r3, r2
10009182:	d2fb      	bcs.n	1000917c <tu_fifo_write+0x48>
10009184:	88e2      	ldrh	r2, [r4, #6]
10009186:	6821      	ldr	r1, [r4, #0]
10009188:	0452      	lsls	r2, r2, #17
1000918a:	0c52      	lsrs	r2, r2, #17
1000918c:	4353      	muls	r3, r2
1000918e:	18c8      	adds	r0, r1, r3
10009190:	0031      	movs	r1, r6
10009192:	f7fd febb 	bl	10006f0c <__wrap___aeabi_memcpy>
10009196:	88a2      	ldrh	r2, [r4, #4]
10009198:	1c6b      	adds	r3, r5, #1
1000919a:	b29b      	uxth	r3, r3
1000919c:	0052      	lsls	r2, r2, #1
1000919e:	429d      	cmp	r5, r3
100091a0:	d909      	bls.n	100091b6 <tu_fifo_write+0x82>
100091a2:	1a9b      	subs	r3, r3, r2
100091a4:	b29b      	uxth	r3, r3
100091a6:	2701      	movs	r7, #1
100091a8:	8123      	strh	r3, [r4, #8]
100091aa:	e7dd      	b.n	10009168 <tu_fifo_write+0x34>
100091ac:	0051      	lsls	r1, r2, #1
100091ae:	1bc9      	subs	r1, r1, r7
100091b0:	185b      	adds	r3, r3, r1
100091b2:	b29b      	uxth	r3, r3
100091b4:	e7d3      	b.n	1000915e <tu_fifo_write+0x2a>
100091b6:	4293      	cmp	r3, r2
100091b8:	dbf5      	blt.n	100091a6 <tu_fifo_write+0x72>
100091ba:	e7f2      	b.n	100091a2 <tu_fifo_write+0x6e>

100091bc <tu_fifo_write_n>:
100091bc:	b5f0      	push	{r4, r5, r6, r7, lr}
100091be:	464e      	mov	r6, r9
100091c0:	4645      	mov	r5, r8
100091c2:	46de      	mov	lr, fp
100091c4:	4657      	mov	r7, sl
100091c6:	b5e0      	push	{r5, r6, r7, lr}
100091c8:	4689      	mov	r9, r1
100091ca:	0005      	movs	r5, r0
100091cc:	0014      	movs	r4, r2
100091ce:	b083      	sub	sp, #12
100091d0:	2a00      	cmp	r2, #0
100091d2:	d06e      	beq.n	100092b2 <tu_fifo_write_n+0xf6>
100091d4:	68c0      	ldr	r0, [r0, #12]
100091d6:	2800      	cmp	r0, #0
100091d8:	d003      	beq.n	100091e2 <tu_fifo_write_n+0x26>
100091da:	2101      	movs	r1, #1
100091dc:	4249      	negs	r1, r1
100091de:	f000 fc9f 	bl	10009b20 <__mutex_enter_timeout_ms_veneer>
100091e2:	892f      	ldrh	r7, [r5, #8]
100091e4:	79ea      	ldrb	r2, [r5, #7]
100091e6:	896b      	ldrh	r3, [r5, #10]
100091e8:	b2bf      	uxth	r7, r7
100091ea:	b29b      	uxth	r3, r3
100091ec:	09d2      	lsrs	r2, r2, #7
100091ee:	d142      	bne.n	10009276 <tu_fifo_write_n+0xba>
100091f0:	88ae      	ldrh	r6, [r5, #4]
100091f2:	429f      	cmp	r7, r3
100091f4:	d267      	bcs.n	100092c6 <tu_fifo_write_n+0x10a>
100091f6:	0072      	lsls	r2, r6, #1
100091f8:	1ad3      	subs	r3, r2, r3
100091fa:	18fb      	adds	r3, r7, r3
100091fc:	b29b      	uxth	r3, r3
100091fe:	2200      	movs	r2, #0
10009200:	4690      	mov	r8, r2
10009202:	429e      	cmp	r6, r3
10009204:	d931      	bls.n	1000926a <tu_fifo_write_n+0xae>
10009206:	1af3      	subs	r3, r6, r3
10009208:	1c1a      	adds	r2, r3, #0
1000920a:	b29b      	uxth	r3, r3
1000920c:	42a3      	cmp	r3, r4
1000920e:	d900      	bls.n	10009212 <tu_fifo_write_n+0x56>
10009210:	1c22      	adds	r2, r4, #0
10009212:	b293      	uxth	r3, r2
10009214:	4698      	mov	r8, r3
10009216:	88e8      	ldrh	r0, [r5, #6]
10009218:	4643      	mov	r3, r8
1000921a:	18fb      	adds	r3, r7, r3
1000921c:	b29b      	uxth	r3, r3
1000921e:	469b      	mov	fp, r3
10009220:	003c      	movs	r4, r7
10009222:	42b7      	cmp	r7, r6
10009224:	d303      	bcc.n	1000922e <tu_fifo_write_n+0x72>
10009226:	1ba4      	subs	r4, r4, r6
10009228:	b2a4      	uxth	r4, r4
1000922a:	42b4      	cmp	r4, r6
1000922c:	d2fb      	bcs.n	10009226 <tu_fifo_write_n+0x6a>
1000922e:	0440      	lsls	r0, r0, #17
10009230:	0c43      	lsrs	r3, r0, #17
10009232:	0018      	movs	r0, r3
10009234:	469a      	mov	sl, r3
10009236:	682b      	ldr	r3, [r5, #0]
10009238:	4360      	muls	r0, r4
1000923a:	469c      	mov	ip, r3
1000923c:	1b31      	subs	r1, r6, r4
1000923e:	b289      	uxth	r1, r1
10009240:	4460      	add	r0, ip
10009242:	4541      	cmp	r1, r8
10009244:	d34e      	bcc.n	100092e4 <tu_fifo_write_n+0x128>
10009246:	4652      	mov	r2, sl
10009248:	4643      	mov	r3, r8
1000924a:	4649      	mov	r1, r9
1000924c:	435a      	muls	r2, r3
1000924e:	f7fd fe5d 	bl	10006f0c <__wrap___aeabi_memcpy>
10009252:	88ab      	ldrh	r3, [r5, #4]
10009254:	005b      	lsls	r3, r3, #1
10009256:	45bb      	cmp	fp, r7
10009258:	d301      	bcc.n	1000925e <tu_fifo_write_n+0xa2>
1000925a:	459b      	cmp	fp, r3
1000925c:	db03      	blt.n	10009266 <tu_fifo_write_n+0xaa>
1000925e:	465a      	mov	r2, fp
10009260:	1ad3      	subs	r3, r2, r3
10009262:	b29b      	uxth	r3, r3
10009264:	469b      	mov	fp, r3
10009266:	465b      	mov	r3, fp
10009268:	812b      	strh	r3, [r5, #8]
1000926a:	68e8      	ldr	r0, [r5, #12]
1000926c:	2800      	cmp	r0, #0
1000926e:	d022      	beq.n	100092b6 <tu_fifo_write_n+0xfa>
10009270:	f000 fc26 	bl	10009ac0 <__mutex_exit_veneer>
10009274:	e01f      	b.n	100092b6 <tu_fifo_write_n+0xfa>
10009276:	88aa      	ldrh	r2, [r5, #4]
10009278:	4690      	mov	r8, r2
1000927a:	4294      	cmp	r4, r2
1000927c:	d226      	bcs.n	100092cc <tu_fifo_write_n+0x110>
1000927e:	429f      	cmp	r7, r3
10009280:	d344      	bcc.n	1000930c <tu_fifo_write_n+0x150>
10009282:	4641      	mov	r1, r8
10009284:	1afa      	subs	r2, r7, r3
10009286:	b292      	uxth	r2, r2
10009288:	0049      	lsls	r1, r1, #1
1000928a:	1912      	adds	r2, r2, r4
1000928c:	428a      	cmp	r2, r1
1000928e:	db09      	blt.n	100092a4 <tu_fifo_write_n+0xe8>
10009290:	4642      	mov	r2, r8
10009292:	189a      	adds	r2, r3, r2
10009294:	b292      	uxth	r2, r2
10009296:	1b17      	subs	r7, r2, r4
10009298:	b2bf      	uxth	r7, r7
1000929a:	4693      	mov	fp, r2
1000929c:	42bb      	cmp	r3, r7
1000929e:	d93a      	bls.n	10009316 <tu_fifo_write_n+0x15a>
100092a0:	1a7f      	subs	r7, r7, r1
100092a2:	b2bf      	uxth	r7, r7
100092a4:	19e3      	adds	r3, r4, r7
100092a6:	b29b      	uxth	r3, r3
100092a8:	4646      	mov	r6, r8
100092aa:	469b      	mov	fp, r3
100092ac:	46a0      	mov	r8, r4
100092ae:	88e8      	ldrh	r0, [r5, #6]
100092b0:	e7b6      	b.n	10009220 <tu_fifo_write_n+0x64>
100092b2:	2300      	movs	r3, #0
100092b4:	4698      	mov	r8, r3
100092b6:	4640      	mov	r0, r8
100092b8:	b003      	add	sp, #12
100092ba:	bcf0      	pop	{r4, r5, r6, r7}
100092bc:	46bb      	mov	fp, r7
100092be:	46b2      	mov	sl, r6
100092c0:	46a9      	mov	r9, r5
100092c2:	46a0      	mov	r8, r4
100092c4:	bdf0      	pop	{r4, r5, r6, r7, pc}
100092c6:	1afb      	subs	r3, r7, r3
100092c8:	b29b      	uxth	r3, r3
100092ca:	e798      	b.n	100091fe <tu_fifo_write_n+0x42>
100092cc:	88e8      	ldrh	r0, [r5, #6]
100092ce:	1aa2      	subs	r2, r4, r2
100092d0:	0444      	lsls	r4, r0, #17
100092d2:	0c64      	lsrs	r4, r4, #17
100092d4:	4354      	muls	r4, r2
100092d6:	4642      	mov	r2, r8
100092d8:	44a1      	add	r9, r4
100092da:	2a00      	cmp	r2, #0
100092dc:	d0c5      	beq.n	1000926a <tu_fifo_write_n+0xae>
100092de:	4646      	mov	r6, r8
100092e0:	001f      	movs	r7, r3
100092e2:	e799      	b.n	10009218 <tu_fifo_write_n+0x5c>
100092e4:	4653      	mov	r3, sl
100092e6:	4359      	muls	r1, r3
100092e8:	b289      	uxth	r1, r1
100092ea:	000a      	movs	r2, r1
100092ec:	9101      	str	r1, [sp, #4]
100092ee:	4649      	mov	r1, r9
100092f0:	f7fd fe0c 	bl	10006f0c <__wrap___aeabi_memcpy>
100092f4:	4643      	mov	r3, r8
100092f6:	1b9a      	subs	r2, r3, r6
100092f8:	4653      	mov	r3, sl
100092fa:	18a2      	adds	r2, r4, r2
100092fc:	435a      	muls	r2, r3
100092fe:	9901      	ldr	r1, [sp, #4]
10009300:	6828      	ldr	r0, [r5, #0]
10009302:	b292      	uxth	r2, r2
10009304:	4449      	add	r1, r9
10009306:	f7fd fe01 	bl	10006f0c <__wrap___aeabi_memcpy>
1000930a:	e7a2      	b.n	10009252 <tu_fifo_write_n+0x96>
1000930c:	0051      	lsls	r1, r2, #1
1000930e:	1aca      	subs	r2, r1, r3
10009310:	18ba      	adds	r2, r7, r2
10009312:	b292      	uxth	r2, r2
10009314:	e7b9      	b.n	1000928a <tu_fifo_write_n+0xce>
10009316:	42b9      	cmp	r1, r7
10009318:	ddc2      	ble.n	100092a0 <tu_fifo_write_n+0xe4>
1000931a:	4646      	mov	r6, r8
1000931c:	88e8      	ldrh	r0, [r5, #6]
1000931e:	46a0      	mov	r8, r4
10009320:	e77e      	b.n	10009220 <tu_fifo_write_n+0x64>
10009322:	46c0      	nop			; (mov r8, r8)

10009324 <tu_fifo_clear>:
10009324:	b510      	push	{r4, lr}
10009326:	0004      	movs	r4, r0
10009328:	68c0      	ldr	r0, [r0, #12]
1000932a:	2800      	cmp	r0, #0
1000932c:	d003      	beq.n	10009336 <tu_fifo_clear+0x12>
1000932e:	2101      	movs	r1, #1
10009330:	4249      	negs	r1, r1
10009332:	f000 fbf5 	bl	10009b20 <__mutex_enter_timeout_ms_veneer>
10009336:	6920      	ldr	r0, [r4, #16]
10009338:	2800      	cmp	r0, #0
1000933a:	d003      	beq.n	10009344 <tu_fifo_clear+0x20>
1000933c:	2101      	movs	r1, #1
1000933e:	4249      	negs	r1, r1
10009340:	f000 fbee 	bl	10009b20 <__mutex_enter_timeout_ms_veneer>
10009344:	2300      	movs	r3, #0
10009346:	68e0      	ldr	r0, [r4, #12]
10009348:	8163      	strh	r3, [r4, #10]
1000934a:	8123      	strh	r3, [r4, #8]
1000934c:	2800      	cmp	r0, #0
1000934e:	d001      	beq.n	10009354 <tu_fifo_clear+0x30>
10009350:	f000 fbb6 	bl	10009ac0 <__mutex_exit_veneer>
10009354:	6920      	ldr	r0, [r4, #16]
10009356:	2800      	cmp	r0, #0
10009358:	d001      	beq.n	1000935e <tu_fifo_clear+0x3a>
1000935a:	f000 fbb1 	bl	10009ac0 <__mutex_exit_veneer>
1000935e:	2001      	movs	r0, #1
10009360:	bd10      	pop	{r4, pc}
10009362:	46c0      	nop			; (mov r8, r8)

10009364 <tu_fifo_set_overwritable>:
10009364:	b570      	push	{r4, r5, r6, lr}
10009366:	0004      	movs	r4, r0
10009368:	68c0      	ldr	r0, [r0, #12]
1000936a:	000d      	movs	r5, r1
1000936c:	2800      	cmp	r0, #0
1000936e:	d003      	beq.n	10009378 <tu_fifo_set_overwritable+0x14>
10009370:	2101      	movs	r1, #1
10009372:	4249      	negs	r1, r1
10009374:	f000 fbd4 	bl	10009b20 <__mutex_enter_timeout_ms_veneer>
10009378:	6920      	ldr	r0, [r4, #16]
1000937a:	2800      	cmp	r0, #0
1000937c:	d003      	beq.n	10009386 <tu_fifo_set_overwritable+0x22>
1000937e:	2101      	movs	r1, #1
10009380:	4249      	negs	r1, r1
10009382:	f000 fbcd 	bl	10009b20 <__mutex_enter_timeout_ms_veneer>
10009386:	217f      	movs	r1, #127	; 0x7f
10009388:	79e3      	ldrb	r3, [r4, #7]
1000938a:	01ed      	lsls	r5, r5, #7
1000938c:	4019      	ands	r1, r3
1000938e:	68e0      	ldr	r0, [r4, #12]
10009390:	4329      	orrs	r1, r5
10009392:	71e1      	strb	r1, [r4, #7]
10009394:	2800      	cmp	r0, #0
10009396:	d001      	beq.n	1000939c <tu_fifo_set_overwritable+0x38>
10009398:	f000 fb92 	bl	10009ac0 <__mutex_exit_veneer>
1000939c:	6920      	ldr	r0, [r4, #16]
1000939e:	2800      	cmp	r0, #0
100093a0:	d001      	beq.n	100093a6 <tu_fifo_set_overwritable+0x42>
100093a2:	f000 fb8d 	bl	10009ac0 <__mutex_exit_veneer>
100093a6:	2001      	movs	r0, #1
100093a8:	bd70      	pop	{r4, r5, r6, pc}
100093aa:	46c0      	nop			; (mov r8, r8)

100093ac <strchr>:
100093ac:	b2ca      	uxtb	r2, r1
100093ae:	b5f0      	push	{r4, r5, r6, r7, lr}
100093b0:	2a00      	cmp	r2, #0
100093b2:	d035      	beq.n	10009420 <strchr+0x74>
100093b4:	2403      	movs	r4, #3
100093b6:	0783      	lsls	r3, r0, #30
100093b8:	d12d      	bne.n	10009416 <strchr+0x6a>
100093ba:	25ff      	movs	r5, #255	; 0xff
100093bc:	4029      	ands	r1, r5
100093be:	020d      	lsls	r5, r1, #8
100093c0:	4329      	orrs	r1, r5
100093c2:	040d      	lsls	r5, r1, #16
100093c4:	430d      	orrs	r5, r1
100093c6:	0029      	movs	r1, r5
100093c8:	6804      	ldr	r4, [r0, #0]
100093ca:	4e26      	ldr	r6, [pc, #152]	; (10009464 <strchr+0xb8>)
100093cc:	4061      	eors	r1, r4
100093ce:	198b      	adds	r3, r1, r6
100093d0:	438b      	bics	r3, r1
100093d2:	19a1      	adds	r1, r4, r6
100093d4:	43a1      	bics	r1, r4
100093d6:	4e24      	ldr	r6, [pc, #144]	; (10009468 <strchr+0xbc>)
100093d8:	430b      	orrs	r3, r1
100093da:	4233      	tst	r3, r6
100093dc:	d111      	bne.n	10009402 <strchr+0x56>
100093de:	6841      	ldr	r1, [r0, #4]
100093e0:	4f20      	ldr	r7, [pc, #128]	; (10009464 <strchr+0xb8>)
100093e2:	000c      	movs	r4, r1
100093e4:	19cb      	adds	r3, r1, r7
100093e6:	406c      	eors	r4, r5
100093e8:	438b      	bics	r3, r1
100093ea:	19e1      	adds	r1, r4, r7
100093ec:	43a1      	bics	r1, r4
100093ee:	430b      	orrs	r3, r1
100093f0:	3004      	adds	r0, #4
100093f2:	4233      	tst	r3, r6
100093f4:	d0f3      	beq.n	100093de <strchr+0x32>
100093f6:	7803      	ldrb	r3, [r0, #0]
100093f8:	2b00      	cmp	r3, #0
100093fa:	d005      	beq.n	10009408 <strchr+0x5c>
100093fc:	429a      	cmp	r2, r3
100093fe:	d004      	beq.n	1000940a <strchr+0x5e>
10009400:	3001      	adds	r0, #1
10009402:	7803      	ldrb	r3, [r0, #0]
10009404:	2b00      	cmp	r3, #0
10009406:	d1f9      	bne.n	100093fc <strchr+0x50>
10009408:	2000      	movs	r0, #0
1000940a:	bdf0      	pop	{r4, r5, r6, r7, pc}
1000940c:	4293      	cmp	r3, r2
1000940e:	d0fc      	beq.n	1000940a <strchr+0x5e>
10009410:	3001      	adds	r0, #1
10009412:	4220      	tst	r0, r4
10009414:	d0d1      	beq.n	100093ba <strchr+0xe>
10009416:	7803      	ldrb	r3, [r0, #0]
10009418:	2b00      	cmp	r3, #0
1000941a:	d1f7      	bne.n	1000940c <strchr+0x60>
1000941c:	2000      	movs	r0, #0
1000941e:	e7f4      	b.n	1000940a <strchr+0x5e>
10009420:	0783      	lsls	r3, r0, #30
10009422:	d008      	beq.n	10009436 <strchr+0x8a>
10009424:	2203      	movs	r2, #3
10009426:	e002      	b.n	1000942e <strchr+0x82>
10009428:	3001      	adds	r0, #1
1000942a:	4210      	tst	r0, r2
1000942c:	d003      	beq.n	10009436 <strchr+0x8a>
1000942e:	7803      	ldrb	r3, [r0, #0]
10009430:	2b00      	cmp	r3, #0
10009432:	d1f9      	bne.n	10009428 <strchr+0x7c>
10009434:	e7e9      	b.n	1000940a <strchr+0x5e>
10009436:	6802      	ldr	r2, [r0, #0]
10009438:	4b0a      	ldr	r3, [pc, #40]	; (10009464 <strchr+0xb8>)
1000943a:	490b      	ldr	r1, [pc, #44]	; (10009468 <strchr+0xbc>)
1000943c:	18d3      	adds	r3, r2, r3
1000943e:	4393      	bics	r3, r2
10009440:	420b      	tst	r3, r1
10009442:	d106      	bne.n	10009452 <strchr+0xa6>
10009444:	6842      	ldr	r2, [r0, #4]
10009446:	4b07      	ldr	r3, [pc, #28]	; (10009464 <strchr+0xb8>)
10009448:	3004      	adds	r0, #4
1000944a:	18d3      	adds	r3, r2, r3
1000944c:	4393      	bics	r3, r2
1000944e:	420b      	tst	r3, r1
10009450:	d0f8      	beq.n	10009444 <strchr+0x98>
10009452:	7803      	ldrb	r3, [r0, #0]
10009454:	2b00      	cmp	r3, #0
10009456:	d0d8      	beq.n	1000940a <strchr+0x5e>
10009458:	7843      	ldrb	r3, [r0, #1]
1000945a:	3001      	adds	r0, #1
1000945c:	2b00      	cmp	r3, #0
1000945e:	d1fb      	bne.n	10009458 <strchr+0xac>
10009460:	e7d3      	b.n	1000940a <strchr+0x5e>
10009462:	46c0      	nop			; (mov r8, r8)
10009464:	fefefeff 	.word	0xfefefeff
10009468:	80808080 	.word	0x80808080

1000946c <strlen>:
1000946c:	b510      	push	{r4, lr}
1000946e:	0783      	lsls	r3, r0, #30
10009470:	d00a      	beq.n	10009488 <strlen+0x1c>
10009472:	0003      	movs	r3, r0
10009474:	2103      	movs	r1, #3
10009476:	e002      	b.n	1000947e <strlen+0x12>
10009478:	3301      	adds	r3, #1
1000947a:	420b      	tst	r3, r1
1000947c:	d005      	beq.n	1000948a <strlen+0x1e>
1000947e:	781a      	ldrb	r2, [r3, #0]
10009480:	2a00      	cmp	r2, #0
10009482:	d1f9      	bne.n	10009478 <strlen+0xc>
10009484:	1a18      	subs	r0, r3, r0
10009486:	bd10      	pop	{r4, pc}
10009488:	0003      	movs	r3, r0
1000948a:	6819      	ldr	r1, [r3, #0]
1000948c:	4a0c      	ldr	r2, [pc, #48]	; (100094c0 <strlen+0x54>)
1000948e:	4c0d      	ldr	r4, [pc, #52]	; (100094c4 <strlen+0x58>)
10009490:	188a      	adds	r2, r1, r2
10009492:	438a      	bics	r2, r1
10009494:	4222      	tst	r2, r4
10009496:	d10f      	bne.n	100094b8 <strlen+0x4c>
10009498:	6859      	ldr	r1, [r3, #4]
1000949a:	4a09      	ldr	r2, [pc, #36]	; (100094c0 <strlen+0x54>)
1000949c:	3304      	adds	r3, #4
1000949e:	188a      	adds	r2, r1, r2
100094a0:	438a      	bics	r2, r1
100094a2:	4222      	tst	r2, r4
100094a4:	d108      	bne.n	100094b8 <strlen+0x4c>
100094a6:	6859      	ldr	r1, [r3, #4]
100094a8:	4a05      	ldr	r2, [pc, #20]	; (100094c0 <strlen+0x54>)
100094aa:	3304      	adds	r3, #4
100094ac:	188a      	adds	r2, r1, r2
100094ae:	438a      	bics	r2, r1
100094b0:	4222      	tst	r2, r4
100094b2:	d0f1      	beq.n	10009498 <strlen+0x2c>
100094b4:	e000      	b.n	100094b8 <strlen+0x4c>
100094b6:	3301      	adds	r3, #1
100094b8:	781a      	ldrb	r2, [r3, #0]
100094ba:	2a00      	cmp	r2, #0
100094bc:	d1fb      	bne.n	100094b6 <strlen+0x4a>
100094be:	e7e1      	b.n	10009484 <strlen+0x18>
100094c0:	fefefeff 	.word	0xfefefeff
100094c4:	80808080 	.word	0x80808080

100094c8 <strncmp>:
100094c8:	b530      	push	{r4, r5, lr}
100094ca:	2a00      	cmp	r2, #0
100094cc:	d026      	beq.n	1000951c <strncmp+0x54>
100094ce:	0003      	movs	r3, r0
100094d0:	430b      	orrs	r3, r1
100094d2:	079b      	lsls	r3, r3, #30
100094d4:	d124      	bne.n	10009520 <strncmp+0x58>
100094d6:	2a03      	cmp	r2, #3
100094d8:	d922      	bls.n	10009520 <strncmp+0x58>
100094da:	4d16      	ldr	r5, [pc, #88]	; (10009534 <strncmp+0x6c>)
100094dc:	e00b      	b.n	100094f6 <strncmp+0x2e>
100094de:	3a04      	subs	r2, #4
100094e0:	2a00      	cmp	r2, #0
100094e2:	d01b      	beq.n	1000951c <strncmp+0x54>
100094e4:	4c14      	ldr	r4, [pc, #80]	; (10009538 <strncmp+0x70>)
100094e6:	191c      	adds	r4, r3, r4
100094e8:	439c      	bics	r4, r3
100094ea:	422c      	tst	r4, r5
100094ec:	d116      	bne.n	1000951c <strncmp+0x54>
100094ee:	3004      	adds	r0, #4
100094f0:	3104      	adds	r1, #4
100094f2:	2a03      	cmp	r2, #3
100094f4:	d914      	bls.n	10009520 <strncmp+0x58>
100094f6:	6803      	ldr	r3, [r0, #0]
100094f8:	680c      	ldr	r4, [r1, #0]
100094fa:	42a3      	cmp	r3, r4
100094fc:	d0ef      	beq.n	100094de <strncmp+0x16>
100094fe:	7804      	ldrb	r4, [r0, #0]
10009500:	780d      	ldrb	r5, [r1, #0]
10009502:	42ac      	cmp	r4, r5
10009504:	d113      	bne.n	1000952e <strncmp+0x66>
10009506:	2301      	movs	r3, #1
10009508:	e006      	b.n	10009518 <strncmp+0x50>
1000950a:	5cc4      	ldrb	r4, [r0, r3]
1000950c:	5ccd      	ldrb	r5, [r1, r3]
1000950e:	42ac      	cmp	r4, r5
10009510:	d10d      	bne.n	1000952e <strncmp+0x66>
10009512:	3301      	adds	r3, #1
10009514:	4293      	cmp	r3, r2
10009516:	d001      	beq.n	1000951c <strncmp+0x54>
10009518:	2c00      	cmp	r4, #0
1000951a:	d1f6      	bne.n	1000950a <strncmp+0x42>
1000951c:	2000      	movs	r0, #0
1000951e:	bd30      	pop	{r4, r5, pc}
10009520:	7804      	ldrb	r4, [r0, #0]
10009522:	780d      	ldrb	r5, [r1, #0]
10009524:	42a5      	cmp	r5, r4
10009526:	d102      	bne.n	1000952e <strncmp+0x66>
10009528:	2a01      	cmp	r2, #1
1000952a:	d1ec      	bne.n	10009506 <strncmp+0x3e>
1000952c:	e7f6      	b.n	1000951c <strncmp+0x54>
1000952e:	1b60      	subs	r0, r4, r5
10009530:	e7f5      	b.n	1000951e <strncmp+0x56>
10009532:	46c0      	nop			; (mov r8, r8)
10009534:	80808080 	.word	0x80808080
10009538:	fefefeff 	.word	0xfefefeff

1000953c <two_way_long_needle>:
1000953c:	b5f0      	push	{r4, r5, r6, r7, lr}
1000953e:	46de      	mov	lr, fp
10009540:	464e      	mov	r6, r9
10009542:	4645      	mov	r5, r8
10009544:	4657      	mov	r7, sl
10009546:	b5e0      	push	{r5, r6, r7, lr}
10009548:	4c9c      	ldr	r4, [pc, #624]	; (100097bc <two_way_long_needle+0x280>)
1000954a:	4683      	mov	fp, r0
1000954c:	44a5      	add	sp, r4
1000954e:	4688      	mov	r8, r1
10009550:	0014      	movs	r4, r2
10009552:	001e      	movs	r6, r3
10009554:	2b01      	cmp	r3, #1
10009556:	d800      	bhi.n	1000955a <two_way_long_needle+0x1e>
10009558:	e12a      	b.n	100097b0 <two_way_long_needle+0x274>
1000955a:	2001      	movs	r0, #1
1000955c:	2501      	movs	r5, #1
1000955e:	46b4      	mov	ip, r6
10009560:	2100      	movs	r1, #0
10009562:	2201      	movs	r2, #1
10009564:	2301      	movs	r3, #1
10009566:	0006      	movs	r6, r0
10009568:	426d      	negs	r5, r5
1000956a:	e005      	b.n	10009578 <two_way_long_needle+0x3c>
1000956c:	0019      	movs	r1, r3
1000956e:	2201      	movs	r2, #1
10009570:	1b5e      	subs	r6, r3, r5
10009572:	188b      	adds	r3, r1, r2
10009574:	459c      	cmp	ip, r3
10009576:	d90d      	bls.n	10009594 <two_way_long_needle+0x58>
10009578:	1960      	adds	r0, r4, r5
1000957a:	5ce7      	ldrb	r7, [r4, r3]
1000957c:	5c80      	ldrb	r0, [r0, r2]
1000957e:	4287      	cmp	r7, r0
10009580:	d3f4      	bcc.n	1000956c <two_way_long_needle+0x30>
10009582:	d100      	bne.n	10009586 <two_way_long_needle+0x4a>
10009584:	e088      	b.n	10009698 <two_way_long_needle+0x15c>
10009586:	2201      	movs	r2, #1
10009588:	000d      	movs	r5, r1
1000958a:	3101      	adds	r1, #1
1000958c:	188b      	adds	r3, r1, r2
1000958e:	2601      	movs	r6, #1
10009590:	459c      	cmp	ip, r3
10009592:	d8f1      	bhi.n	10009578 <two_way_long_needle+0x3c>
10009594:	2301      	movs	r3, #1
10009596:	9600      	str	r6, [sp, #0]
10009598:	4666      	mov	r6, ip
1000959a:	469c      	mov	ip, r3
1000959c:	3b02      	subs	r3, #2
1000959e:	4699      	mov	r9, r3
100095a0:	4648      	mov	r0, r9
100095a2:	2100      	movs	r1, #0
100095a4:	46a9      	mov	r9, r5
100095a6:	2201      	movs	r2, #1
100095a8:	0005      	movs	r5, r0
100095aa:	3302      	adds	r3, #2
100095ac:	e006      	b.n	100095bc <two_way_long_needle+0x80>
100095ae:	1b5a      	subs	r2, r3, r5
100095b0:	4694      	mov	ip, r2
100095b2:	0019      	movs	r1, r3
100095b4:	2201      	movs	r2, #1
100095b6:	188b      	adds	r3, r1, r2
100095b8:	429e      	cmp	r6, r3
100095ba:	d90d      	bls.n	100095d8 <two_way_long_needle+0x9c>
100095bc:	18a0      	adds	r0, r4, r2
100095be:	5ce7      	ldrb	r7, [r4, r3]
100095c0:	5d40      	ldrb	r0, [r0, r5]
100095c2:	4287      	cmp	r7, r0
100095c4:	d8f3      	bhi.n	100095ae <two_way_long_needle+0x72>
100095c6:	d06c      	beq.n	100096a2 <two_way_long_needle+0x166>
100095c8:	2301      	movs	r3, #1
100095ca:	2201      	movs	r2, #1
100095cc:	000d      	movs	r5, r1
100095ce:	3101      	adds	r1, #1
100095d0:	469c      	mov	ip, r3
100095d2:	188b      	adds	r3, r1, r2
100095d4:	429e      	cmp	r6, r3
100095d6:	d8f1      	bhi.n	100095bc <two_way_long_needle+0x80>
100095d8:	002b      	movs	r3, r5
100095da:	464d      	mov	r5, r9
100095dc:	3301      	adds	r3, #1
100095de:	1c6a      	adds	r2, r5, #1
100095e0:	4692      	mov	sl, r2
100095e2:	429a      	cmp	r2, r3
100095e4:	d802      	bhi.n	100095ec <two_way_long_needle+0xb0>
100095e6:	4662      	mov	r2, ip
100095e8:	469a      	mov	sl, r3
100095ea:	9200      	str	r2, [sp, #0]
100095ec:	aaff      	add	r2, sp, #1020	; 0x3fc
100095ee:	ab02      	add	r3, sp, #8
100095f0:	320c      	adds	r2, #12
100095f2:	c340      	stmia	r3!, {r6}
100095f4:	429a      	cmp	r2, r3
100095f6:	d1fc      	bne.n	100095f2 <two_way_long_needle+0xb6>
100095f8:	2501      	movs	r5, #1
100095fa:	426d      	negs	r5, r5
100095fc:	2e00      	cmp	r6, #0
100095fe:	d00d      	beq.n	1000961c <two_way_long_needle+0xe0>
10009600:	0023      	movs	r3, r4
10009602:	46a4      	mov	ip, r4
10009604:	1e75      	subs	r5, r6, #1
10009606:	1937      	adds	r7, r6, r4
10009608:	1960      	adds	r0, r4, r5
1000960a:	781a      	ldrb	r2, [r3, #0]
1000960c:	1ac1      	subs	r1, r0, r3
1000960e:	0092      	lsls	r2, r2, #2
10009610:	ac02      	add	r4, sp, #8
10009612:	3301      	adds	r3, #1
10009614:	50a1      	str	r1, [r4, r2]
10009616:	429f      	cmp	r7, r3
10009618:	d1f7      	bne.n	1000960a <two_way_long_needle+0xce>
1000961a:	4664      	mov	r4, ip
1000961c:	9b00      	ldr	r3, [sp, #0]
1000961e:	4652      	mov	r2, sl
10009620:	0020      	movs	r0, r4
10009622:	18e1      	adds	r1, r4, r3
10009624:	f000 fa5c 	bl	10009ae0 <__memcmp_veneer>
10009628:	2800      	cmp	r0, #0
1000962a:	d169      	bne.n	10009700 <two_way_long_needle+0x1c4>
1000962c:	2300      	movs	r3, #0
1000962e:	4652      	mov	r2, sl
10009630:	4699      	mov	r9, r3
10009632:	3301      	adds	r3, #1
10009634:	1a9b      	subs	r3, r3, r2
10009636:	9301      	str	r3, [sp, #4]
10009638:	0033      	movs	r3, r6
1000963a:	2700      	movs	r7, #0
1000963c:	464e      	mov	r6, r9
1000963e:	4699      	mov	r9, r3
10009640:	465b      	mov	r3, fp
10009642:	19d8      	adds	r0, r3, r7
10009644:	5d43      	ldrb	r3, [r0, r5]
10009646:	aa02      	add	r2, sp, #8
10009648:	009b      	lsls	r3, r3, #2
1000964a:	58d3      	ldr	r3, [r2, r3]
1000964c:	2b00      	cmp	r3, #0
1000964e:	d02c      	beq.n	100096aa <two_way_long_needle+0x16e>
10009650:	2e00      	cmp	r6, #0
10009652:	d004      	beq.n	1000965e <two_way_long_needle+0x122>
10009654:	9a00      	ldr	r2, [sp, #0]
10009656:	4293      	cmp	r3, r2
10009658:	d201      	bcs.n	1000965e <two_way_long_needle+0x122>
1000965a:	464b      	mov	r3, r9
1000965c:	1a9b      	subs	r3, r3, r2
1000965e:	2600      	movs	r6, #0
10009660:	18ff      	adds	r7, r7, r3
10009662:	4643      	mov	r3, r8
10009664:	464a      	mov	r2, r9
10009666:	1a9b      	subs	r3, r3, r2
10009668:	42bb      	cmp	r3, r7
1000966a:	d2e9      	bcs.n	10009640 <two_way_long_needle+0x104>
1000966c:	2180      	movs	r1, #128	; 0x80
1000966e:	4658      	mov	r0, fp
10009670:	0109      	lsls	r1, r1, #4
10009672:	4311      	orrs	r1, r2
10009674:	4440      	add	r0, r8
10009676:	f000 fa0f 	bl	10009a98 <strnlen>
1000967a:	4480      	add	r8, r0
1000967c:	4643      	mov	r3, r8
1000967e:	464a      	mov	r2, r9
10009680:	1a9b      	subs	r3, r3, r2
10009682:	42bb      	cmp	r3, r7
10009684:	d2dc      	bcs.n	10009640 <two_way_long_needle+0x104>
10009686:	2000      	movs	r0, #0
10009688:	4b4d      	ldr	r3, [pc, #308]	; (100097c0 <two_way_long_needle+0x284>)
1000968a:	449d      	add	sp, r3
1000968c:	bcf0      	pop	{r4, r5, r6, r7}
1000968e:	46bb      	mov	fp, r7
10009690:	46b2      	mov	sl, r6
10009692:	46a9      	mov	r9, r5
10009694:	46a0      	mov	r8, r4
10009696:	bdf0      	pop	{r4, r5, r6, r7, pc}
10009698:	4296      	cmp	r6, r2
1000969a:	d100      	bne.n	1000969e <two_way_long_needle+0x162>
1000969c:	e085      	b.n	100097aa <two_way_long_needle+0x26e>
1000969e:	3201      	adds	r2, #1
100096a0:	e767      	b.n	10009572 <two_way_long_needle+0x36>
100096a2:	4562      	cmp	r2, ip
100096a4:	d07e      	beq.n	100097a4 <two_way_long_needle+0x268>
100096a6:	3201      	adds	r2, #1
100096a8:	e785      	b.n	100095b6 <two_way_long_needle+0x7a>
100096aa:	4653      	mov	r3, sl
100096ac:	45b2      	cmp	sl, r6
100096ae:	d206      	bcs.n	100096be <two_way_long_needle+0x182>
100096b0:	0033      	movs	r3, r6
100096b2:	e004      	b.n	100096be <two_way_long_needle+0x182>
100096b4:	5ce1      	ldrb	r1, [r4, r3]
100096b6:	5cc2      	ldrb	r2, [r0, r3]
100096b8:	4291      	cmp	r1, r2
100096ba:	d11b      	bne.n	100096f4 <two_way_long_needle+0x1b8>
100096bc:	3301      	adds	r3, #1
100096be:	42ab      	cmp	r3, r5
100096c0:	d3f8      	bcc.n	100096b4 <two_way_long_needle+0x178>
100096c2:	4653      	mov	r3, sl
100096c4:	46d4      	mov	ip, sl
100096c6:	3b01      	subs	r3, #1
100096c8:	45b2      	cmp	sl, r6
100096ca:	d804      	bhi.n	100096d6 <two_way_long_needle+0x19a>
100096cc:	e009      	b.n	100096e2 <two_way_long_needle+0x1a6>
100096ce:	1e5a      	subs	r2, r3, #1
100096d0:	42b3      	cmp	r3, r6
100096d2:	d013      	beq.n	100096fc <two_way_long_needle+0x1c0>
100096d4:	0013      	movs	r3, r2
100096d6:	1c5a      	adds	r2, r3, #1
100096d8:	4694      	mov	ip, r2
100096da:	5ce1      	ldrb	r1, [r4, r3]
100096dc:	5cc2      	ldrb	r2, [r0, r3]
100096de:	4291      	cmp	r1, r2
100096e0:	d0f5      	beq.n	100096ce <two_way_long_needle+0x192>
100096e2:	3601      	adds	r6, #1
100096e4:	4566      	cmp	r6, ip
100096e6:	d8cf      	bhi.n	10009688 <two_way_long_needle+0x14c>
100096e8:	9b00      	ldr	r3, [sp, #0]
100096ea:	464a      	mov	r2, r9
100096ec:	469c      	mov	ip, r3
100096ee:	1ad6      	subs	r6, r2, r3
100096f0:	4467      	add	r7, ip
100096f2:	e7b6      	b.n	10009662 <two_way_long_needle+0x126>
100096f4:	9a01      	ldr	r2, [sp, #4]
100096f6:	4694      	mov	ip, r2
100096f8:	4467      	add	r7, ip
100096fa:	e7b0      	b.n	1000965e <two_way_long_needle+0x122>
100096fc:	46b4      	mov	ip, r6
100096fe:	e7f0      	b.n	100096e2 <two_way_long_needle+0x1a6>
10009700:	4653      	mov	r3, sl
10009702:	1af3      	subs	r3, r6, r3
10009704:	4553      	cmp	r3, sl
10009706:	d34b      	bcc.n	100097a0 <two_way_long_needle+0x264>
10009708:	3301      	adds	r3, #1
1000970a:	4652      	mov	r2, sl
1000970c:	9301      	str	r3, [sp, #4]
1000970e:	2301      	movs	r3, #1
10009710:	1a9b      	subs	r3, r3, r2
10009712:	9300      	str	r3, [sp, #0]
10009714:	2380      	movs	r3, #128	; 0x80
10009716:	011b      	lsls	r3, r3, #4
10009718:	4699      	mov	r9, r3
1000971a:	0033      	movs	r3, r6
1000971c:	2700      	movs	r7, #0
1000971e:	4646      	mov	r6, r8
10009720:	4698      	mov	r8, r3
10009722:	465b      	mov	r3, fp
10009724:	19d8      	adds	r0, r3, r7
10009726:	5d43      	ldrb	r3, [r0, r5]
10009728:	aa02      	add	r2, sp, #8
1000972a:	009b      	lsls	r3, r3, #2
1000972c:	58d3      	ldr	r3, [r2, r3]
1000972e:	2b00      	cmp	r3, #0
10009730:	d018      	beq.n	10009764 <two_way_long_needle+0x228>
10009732:	19df      	adds	r7, r3, r7
10009734:	4643      	mov	r3, r8
10009736:	1af3      	subs	r3, r6, r3
10009738:	429f      	cmp	r7, r3
1000973a:	d9f2      	bls.n	10009722 <two_way_long_needle+0x1e6>
1000973c:	465b      	mov	r3, fp
1000973e:	4649      	mov	r1, r9
10009740:	1998      	adds	r0, r3, r6
10009742:	4643      	mov	r3, r8
10009744:	4319      	orrs	r1, r3
10009746:	f000 f9a7 	bl	10009a98 <strnlen>
1000974a:	4643      	mov	r3, r8
1000974c:	1836      	adds	r6, r6, r0
1000974e:	1af3      	subs	r3, r6, r3
10009750:	429f      	cmp	r7, r3
10009752:	d898      	bhi.n	10009686 <two_way_long_needle+0x14a>
10009754:	465b      	mov	r3, fp
10009756:	19d8      	adds	r0, r3, r7
10009758:	5d43      	ldrb	r3, [r0, r5]
1000975a:	aa02      	add	r2, sp, #8
1000975c:	009b      	lsls	r3, r3, #2
1000975e:	58d3      	ldr	r3, [r2, r3]
10009760:	2b00      	cmp	r3, #0
10009762:	d1e6      	bne.n	10009732 <two_way_long_needle+0x1f6>
10009764:	4653      	mov	r3, sl
10009766:	45aa      	cmp	sl, r5
10009768:	d303      	bcc.n	10009772 <two_way_long_needle+0x236>
1000976a:	e00a      	b.n	10009782 <two_way_long_needle+0x246>
1000976c:	3301      	adds	r3, #1
1000976e:	42ab      	cmp	r3, r5
10009770:	d207      	bcs.n	10009782 <two_way_long_needle+0x246>
10009772:	5ce1      	ldrb	r1, [r4, r3]
10009774:	5cc2      	ldrb	r2, [r0, r3]
10009776:	4291      	cmp	r1, r2
10009778:	d0f8      	beq.n	1000976c <two_way_long_needle+0x230>
1000977a:	9a00      	ldr	r2, [sp, #0]
1000977c:	4694      	mov	ip, r2
1000977e:	4467      	add	r7, ip
10009780:	e7d7      	b.n	10009732 <two_way_long_needle+0x1f6>
10009782:	4653      	mov	r3, sl
10009784:	3b01      	subs	r3, #1
10009786:	d203      	bcs.n	10009790 <two_way_long_needle+0x254>
10009788:	e77e      	b.n	10009688 <two_way_long_needle+0x14c>
1000978a:	3b01      	subs	r3, #1
1000978c:	d200      	bcs.n	10009790 <two_way_long_needle+0x254>
1000978e:	e77b      	b.n	10009688 <two_way_long_needle+0x14c>
10009790:	5ce1      	ldrb	r1, [r4, r3]
10009792:	5cc2      	ldrb	r2, [r0, r3]
10009794:	4291      	cmp	r1, r2
10009796:	d0f8      	beq.n	1000978a <two_way_long_needle+0x24e>
10009798:	9b01      	ldr	r3, [sp, #4]
1000979a:	469c      	mov	ip, r3
1000979c:	4467      	add	r7, ip
1000979e:	e7c9      	b.n	10009734 <two_way_long_needle+0x1f8>
100097a0:	4653      	mov	r3, sl
100097a2:	e7b1      	b.n	10009708 <two_way_long_needle+0x1cc>
100097a4:	1889      	adds	r1, r1, r2
100097a6:	2201      	movs	r2, #1
100097a8:	e705      	b.n	100095b6 <two_way_long_needle+0x7a>
100097aa:	2201      	movs	r2, #1
100097ac:	1989      	adds	r1, r1, r6
100097ae:	e6e0      	b.n	10009572 <two_way_long_needle+0x36>
100097b0:	2301      	movs	r3, #1
100097b2:	9300      	str	r3, [sp, #0]
100097b4:	2300      	movs	r3, #0
100097b6:	469a      	mov	sl, r3
100097b8:	e718      	b.n	100095ec <two_way_long_needle+0xb0>
100097ba:	46c0      	nop			; (mov r8, r8)
100097bc:	fffffbf4 	.word	0xfffffbf4
100097c0:	0000040c 	.word	0x0000040c

100097c4 <strstr>:
100097c4:	b5f0      	push	{r4, r5, r6, r7, lr}
100097c6:	46ce      	mov	lr, r9
100097c8:	4647      	mov	r7, r8
100097ca:	b580      	push	{r7, lr}
100097cc:	000e      	movs	r6, r1
100097ce:	7809      	ldrb	r1, [r1, #0]
100097d0:	0005      	movs	r5, r0
100097d2:	0004      	movs	r4, r0
100097d4:	b091      	sub	sp, #68	; 0x44
100097d6:	2900      	cmp	r1, #0
100097d8:	d050      	beq.n	1000987c <strstr+0xb8>
100097da:	7870      	ldrb	r0, [r6, #1]
100097dc:	2800      	cmp	r0, #0
100097de:	d100      	bne.n	100097e2 <strstr+0x1e>
100097e0:	e089      	b.n	100098f6 <strstr+0x132>
100097e2:	78b7      	ldrb	r7, [r6, #2]
100097e4:	2f00      	cmp	r7, #0
100097e6:	d04f      	beq.n	10009888 <strstr+0xc4>
100097e8:	78f3      	ldrb	r3, [r6, #3]
100097ea:	2b00      	cmp	r3, #0
100097ec:	d100      	bne.n	100097f0 <strstr+0x2c>
100097ee:	e089      	b.n	10009904 <strstr+0x140>
100097f0:	7932      	ldrb	r2, [r6, #4]
100097f2:	2a00      	cmp	r2, #0
100097f4:	d058      	beq.n	100098a8 <strstr+0xe4>
100097f6:	0030      	movs	r0, r6
100097f8:	f7ff fe38 	bl	1000946c <strlen>
100097fc:	2180      	movs	r1, #128	; 0x80
100097fe:	0089      	lsls	r1, r1, #2
10009800:	0007      	movs	r7, r0
10009802:	4301      	orrs	r1, r0
10009804:	0028      	movs	r0, r5
10009806:	f000 f947 	bl	10009a98 <strnlen>
1000980a:	4287      	cmp	r7, r0
1000980c:	d863      	bhi.n	100098d6 <strstr+0x112>
1000980e:	2ffe      	cmp	r7, #254	; 0xfe
10009810:	d900      	bls.n	10009814 <strstr+0x50>
10009812:	e089      	b.n	10009928 <strstr+0x164>
10009814:	1bc0      	subs	r0, r0, r7
10009816:	4680      	mov	r8, r0
10009818:	2240      	movs	r2, #64	; 0x40
1000981a:	4668      	mov	r0, sp
1000981c:	1c79      	adds	r1, r7, #1
1000981e:	44a8      	add	r8, r5
10009820:	f7fd fb6e 	bl	10006f00 <__wrap_memset>
10009824:	2f00      	cmp	r7, #0
10009826:	d00f      	beq.n	10009848 <strstr+0x84>
10009828:	19ba      	adds	r2, r7, r6
1000982a:	4694      	mov	ip, r2
1000982c:	223f      	movs	r2, #63	; 0x3f
1000982e:	0033      	movs	r3, r6
10009830:	4691      	mov	r9, r2
10009832:	b2f8      	uxtb	r0, r7
10009834:	1830      	adds	r0, r6, r0
10009836:	4649      	mov	r1, r9
10009838:	466c      	mov	r4, sp
1000983a:	781a      	ldrb	r2, [r3, #0]
1000983c:	400a      	ands	r2, r1
1000983e:	1ac1      	subs	r1, r0, r3
10009840:	3301      	adds	r3, #1
10009842:	54a1      	strb	r1, [r4, r2]
10009844:	4563      	cmp	r3, ip
10009846:	d1f6      	bne.n	10009836 <strstr+0x72>
10009848:	002c      	movs	r4, r5
1000984a:	253f      	movs	r5, #63	; 0x3f
1000984c:	466a      	mov	r2, sp
1000984e:	3c01      	subs	r4, #1
10009850:	5de3      	ldrb	r3, [r4, r7]
10009852:	402b      	ands	r3, r5
10009854:	5cd0      	ldrb	r0, [r2, r3]
10009856:	1824      	adds	r4, r4, r0
10009858:	45a0      	cmp	r8, r4
1000985a:	d203      	bcs.n	10009864 <strstr+0xa0>
1000985c:	e03d      	b.n	100098da <strstr+0x116>
1000985e:	444c      	add	r4, r9
10009860:	45a0      	cmp	r8, r4
10009862:	d33a      	bcc.n	100098da <strstr+0x116>
10009864:	466a      	mov	r2, sp
10009866:	5de3      	ldrb	r3, [r4, r7]
10009868:	0031      	movs	r1, r6
1000986a:	402b      	ands	r3, r5
1000986c:	5cd3      	ldrb	r3, [r2, r3]
1000986e:	0020      	movs	r0, r4
10009870:	003a      	movs	r2, r7
10009872:	4699      	mov	r9, r3
10009874:	f000 f934 	bl	10009ae0 <__memcmp_veneer>
10009878:	2800      	cmp	r0, #0
1000987a:	d1f0      	bne.n	1000985e <strstr+0x9a>
1000987c:	0020      	movs	r0, r4
1000987e:	b011      	add	sp, #68	; 0x44
10009880:	bcc0      	pop	{r6, r7}
10009882:	46b9      	mov	r9, r7
10009884:	46b0      	mov	r8, r6
10009886:	bdf0      	pop	{r4, r5, r6, r7, pc}
10009888:	0409      	lsls	r1, r1, #16
1000988a:	2300      	movs	r3, #0
1000988c:	782a      	ldrb	r2, [r5, #0]
1000988e:	4301      	orrs	r1, r0
10009890:	e000      	b.n	10009894 <strstr+0xd0>
10009892:	0005      	movs	r5, r0
10009894:	2a00      	cmp	r2, #0
10009896:	d01e      	beq.n	100098d6 <strstr+0x112>
10009898:	041b      	lsls	r3, r3, #16
1000989a:	4313      	orrs	r3, r2
1000989c:	1c68      	adds	r0, r5, #1
1000989e:	786a      	ldrb	r2, [r5, #1]
100098a0:	4299      	cmp	r1, r3
100098a2:	d1f6      	bne.n	10009892 <strstr+0xce>
100098a4:	1e6c      	subs	r4, r5, #1
100098a6:	e7e9      	b.n	1000987c <strstr+0xb8>
100098a8:	782a      	ldrb	r2, [r5, #0]
100098aa:	2a00      	cmp	r2, #0
100098ac:	d013      	beq.n	100098d6 <strstr+0x112>
100098ae:	0200      	lsls	r0, r0, #8
100098b0:	4308      	orrs	r0, r1
100098b2:	0439      	lsls	r1, r7, #16
100098b4:	061b      	lsls	r3, r3, #24
100098b6:	4301      	orrs	r1, r0
100098b8:	4319      	orrs	r1, r3
100098ba:	ba09      	rev	r1, r1
100098bc:	2300      	movs	r3, #0
100098be:	e001      	b.n	100098c4 <strstr+0x100>
100098c0:	4299      	cmp	r1, r3
100098c2:	d01d      	beq.n	10009900 <strstr+0x13c>
100098c4:	002c      	movs	r4, r5
100098c6:	021b      	lsls	r3, r3, #8
100098c8:	3501      	adds	r5, #1
100098ca:	4313      	orrs	r3, r2
100098cc:	782a      	ldrb	r2, [r5, #0]
100098ce:	2a00      	cmp	r2, #0
100098d0:	d1f6      	bne.n	100098c0 <strstr+0xfc>
100098d2:	4299      	cmp	r1, r3
100098d4:	d014      	beq.n	10009900 <strstr+0x13c>
100098d6:	2400      	movs	r4, #0
100098d8:	e7d0      	b.n	1000987c <strstr+0xb8>
100098da:	4643      	mov	r3, r8
100098dc:	19d8      	adds	r0, r3, r7
100098de:	5ddb      	ldrb	r3, [r3, r7]
100098e0:	2b00      	cmp	r3, #0
100098e2:	d0f8      	beq.n	100098d6 <strstr+0x112>
100098e4:	2180      	movs	r1, #128	; 0x80
100098e6:	0109      	lsls	r1, r1, #4
100098e8:	f000 f8d6 	bl	10009a98 <strnlen>
100098ec:	4480      	add	r8, r0
100098ee:	4544      	cmp	r4, r8
100098f0:	d9ac      	bls.n	1000984c <strstr+0x88>
100098f2:	2400      	movs	r4, #0
100098f4:	e7c2      	b.n	1000987c <strstr+0xb8>
100098f6:	0028      	movs	r0, r5
100098f8:	f7ff fd58 	bl	100093ac <strchr>
100098fc:	0004      	movs	r4, r0
100098fe:	e7bd      	b.n	1000987c <strstr+0xb8>
10009900:	3c03      	subs	r4, #3
10009902:	e7bb      	b.n	1000987c <strstr+0xb8>
10009904:	0609      	lsls	r1, r1, #24
10009906:	0400      	lsls	r0, r0, #16
10009908:	4301      	orrs	r1, r0
1000990a:	023f      	lsls	r7, r7, #8
1000990c:	782a      	ldrb	r2, [r5, #0]
1000990e:	4339      	orrs	r1, r7
10009910:	e000      	b.n	10009914 <strstr+0x150>
10009912:	0005      	movs	r5, r0
10009914:	2a00      	cmp	r2, #0
10009916:	d0de      	beq.n	100098d6 <strstr+0x112>
10009918:	4313      	orrs	r3, r2
1000991a:	021b      	lsls	r3, r3, #8
1000991c:	786a      	ldrb	r2, [r5, #1]
1000991e:	1c68      	adds	r0, r5, #1
10009920:	4299      	cmp	r1, r3
10009922:	d1f6      	bne.n	10009912 <strstr+0x14e>
10009924:	1eac      	subs	r4, r5, #2
10009926:	e7a9      	b.n	1000987c <strstr+0xb8>
10009928:	0001      	movs	r1, r0
1000992a:	003b      	movs	r3, r7
1000992c:	0032      	movs	r2, r6
1000992e:	0028      	movs	r0, r5
10009930:	f7ff fe04 	bl	1000953c <two_way_long_needle>
10009934:	0004      	movs	r4, r0
10009936:	e7a1      	b.n	1000987c <strstr+0xb8>

10009938 <_strtoul_l.constprop.0>:
10009938:	b5f0      	push	{r4, r5, r6, r7, lr}
1000993a:	464e      	mov	r6, r9
1000993c:	46de      	mov	lr, fp
1000993e:	4657      	mov	r7, sl
10009940:	4645      	mov	r5, r8
10009942:	4683      	mov	fp, r0
10009944:	b5e0      	push	{r5, r6, r7, lr}
10009946:	4688      	mov	r8, r1
10009948:	001e      	movs	r6, r3
1000994a:	4691      	mov	r9, r2
1000994c:	000b      	movs	r3, r1
1000994e:	2008      	movs	r0, #8
10009950:	4f47      	ldr	r7, [pc, #284]	; (10009a70 <_strtoul_l.constprop.0+0x138>)
10009952:	b083      	sub	sp, #12
10009954:	001a      	movs	r2, r3
10009956:	7814      	ldrb	r4, [r2, #0]
10009958:	3301      	adds	r3, #1
1000995a:	5d39      	ldrb	r1, [r7, r4]
1000995c:	001d      	movs	r5, r3
1000995e:	4208      	tst	r0, r1
10009960:	d1f8      	bne.n	10009954 <_strtoul_l.constprop.0+0x1c>
10009962:	2c2d      	cmp	r4, #45	; 0x2d
10009964:	d05f      	beq.n	10009a26 <_strtoul_l.constprop.0+0xee>
10009966:	2300      	movs	r3, #0
10009968:	9301      	str	r3, [sp, #4]
1000996a:	2c2b      	cmp	r4, #43	; 0x2b
1000996c:	d033      	beq.n	100099d6 <_strtoul_l.constprop.0+0x9e>
1000996e:	2e00      	cmp	r6, #0
10009970:	d00e      	beq.n	10009990 <_strtoul_l.constprop.0+0x58>
10009972:	2e10      	cmp	r6, #16
10009974:	d05c      	beq.n	10009a30 <_strtoul_l.constprop.0+0xf8>
10009976:	2001      	movs	r0, #1
10009978:	0031      	movs	r1, r6
1000997a:	4240      	negs	r0, r0
1000997c:	f7fc fa88 	bl	10005e90 <__wrap___aeabi_uidiv>
10009980:	0007      	movs	r7, r0
10009982:	2001      	movs	r0, #1
10009984:	0031      	movs	r1, r6
10009986:	4240      	negs	r0, r0
10009988:	46b2      	mov	sl, r6
1000998a:	f7fc fa81 	bl	10005e90 <__wrap___aeabi_uidiv>
1000998e:	e006      	b.n	1000999e <_strtoul_l.constprop.0+0x66>
10009990:	2c30      	cmp	r4, #48	; 0x30
10009992:	d059      	beq.n	10009a48 <_strtoul_l.constprop.0+0x110>
10009994:	230a      	movs	r3, #10
10009996:	2105      	movs	r1, #5
10009998:	469a      	mov	sl, r3
1000999a:	260a      	movs	r6, #10
1000999c:	4f35      	ldr	r7, [pc, #212]	; (10009a74 <_strtoul_l.constprop.0+0x13c>)
1000999e:	2200      	movs	r2, #0
100099a0:	2000      	movs	r0, #0
100099a2:	0023      	movs	r3, r4
100099a4:	3b30      	subs	r3, #48	; 0x30
100099a6:	2b09      	cmp	r3, #9
100099a8:	d907      	bls.n	100099ba <_strtoul_l.constprop.0+0x82>
100099aa:	3b11      	subs	r3, #17
100099ac:	2b19      	cmp	r3, #25
100099ae:	d903      	bls.n	100099b8 <_strtoul_l.constprop.0+0x80>
100099b0:	0023      	movs	r3, r4
100099b2:	3b61      	subs	r3, #97	; 0x61
100099b4:	2b19      	cmp	r3, #25
100099b6:	d811      	bhi.n	100099dc <_strtoul_l.constprop.0+0xa4>
100099b8:	330a      	adds	r3, #10
100099ba:	429e      	cmp	r6, r3
100099bc:	dd0e      	ble.n	100099dc <_strtoul_l.constprop.0+0xa4>
100099be:	2a00      	cmp	r2, #0
100099c0:	db23      	blt.n	10009a0a <_strtoul_l.constprop.0+0xd2>
100099c2:	42b8      	cmp	r0, r7
100099c4:	d821      	bhi.n	10009a0a <_strtoul_l.constprop.0+0xd2>
100099c6:	d01e      	beq.n	10009a06 <_strtoul_l.constprop.0+0xce>
100099c8:	4652      	mov	r2, sl
100099ca:	4350      	muls	r0, r2
100099cc:	2201      	movs	r2, #1
100099ce:	1818      	adds	r0, r3, r0
100099d0:	782c      	ldrb	r4, [r5, #0]
100099d2:	3501      	adds	r5, #1
100099d4:	e7e5      	b.n	100099a2 <_strtoul_l.constprop.0+0x6a>
100099d6:	782c      	ldrb	r4, [r5, #0]
100099d8:	1c95      	adds	r5, r2, #2
100099da:	e7c8      	b.n	1000996e <_strtoul_l.constprop.0+0x36>
100099dc:	2a00      	cmp	r2, #0
100099de:	db17      	blt.n	10009a10 <_strtoul_l.constprop.0+0xd8>
100099e0:	9b01      	ldr	r3, [sp, #4]
100099e2:	2b00      	cmp	r3, #0
100099e4:	d000      	beq.n	100099e8 <_strtoul_l.constprop.0+0xb0>
100099e6:	4240      	negs	r0, r0
100099e8:	464b      	mov	r3, r9
100099ea:	2b00      	cmp	r3, #0
100099ec:	d004      	beq.n	100099f8 <_strtoul_l.constprop.0+0xc0>
100099ee:	2a00      	cmp	r2, #0
100099f0:	d116      	bne.n	10009a20 <_strtoul_l.constprop.0+0xe8>
100099f2:	464b      	mov	r3, r9
100099f4:	4642      	mov	r2, r8
100099f6:	601a      	str	r2, [r3, #0]
100099f8:	b003      	add	sp, #12
100099fa:	bcf0      	pop	{r4, r5, r6, r7}
100099fc:	46bb      	mov	fp, r7
100099fe:	46b2      	mov	sl, r6
10009a00:	46a9      	mov	r9, r5
10009a02:	46a0      	mov	r8, r4
10009a04:	bdf0      	pop	{r4, r5, r6, r7, pc}
10009a06:	428b      	cmp	r3, r1
10009a08:	ddde      	ble.n	100099c8 <_strtoul_l.constprop.0+0x90>
10009a0a:	2201      	movs	r2, #1
10009a0c:	4252      	negs	r2, r2
10009a0e:	e7df      	b.n	100099d0 <_strtoul_l.constprop.0+0x98>
10009a10:	2322      	movs	r3, #34	; 0x22
10009a12:	465a      	mov	r2, fp
10009a14:	2001      	movs	r0, #1
10009a16:	6013      	str	r3, [r2, #0]
10009a18:	464b      	mov	r3, r9
10009a1a:	4240      	negs	r0, r0
10009a1c:	2b00      	cmp	r3, #0
10009a1e:	d0eb      	beq.n	100099f8 <_strtoul_l.constprop.0+0xc0>
10009a20:	1e6b      	subs	r3, r5, #1
10009a22:	4698      	mov	r8, r3
10009a24:	e7e5      	b.n	100099f2 <_strtoul_l.constprop.0+0xba>
10009a26:	781c      	ldrb	r4, [r3, #0]
10009a28:	2301      	movs	r3, #1
10009a2a:	1c95      	adds	r5, r2, #2
10009a2c:	9301      	str	r3, [sp, #4]
10009a2e:	e79e      	b.n	1000996e <_strtoul_l.constprop.0+0x36>
10009a30:	2c30      	cmp	r4, #48	; 0x30
10009a32:	d104      	bne.n	10009a3e <_strtoul_l.constprop.0+0x106>
10009a34:	2220      	movs	r2, #32
10009a36:	782b      	ldrb	r3, [r5, #0]
10009a38:	4393      	bics	r3, r2
10009a3a:	2b58      	cmp	r3, #88	; 0x58
10009a3c:	d009      	beq.n	10009a52 <_strtoul_l.constprop.0+0x11a>
10009a3e:	2310      	movs	r3, #16
10009a40:	210f      	movs	r1, #15
10009a42:	469a      	mov	sl, r3
10009a44:	4f0c      	ldr	r7, [pc, #48]	; (10009a78 <_strtoul_l.constprop.0+0x140>)
10009a46:	e7aa      	b.n	1000999e <_strtoul_l.constprop.0+0x66>
10009a48:	2220      	movs	r2, #32
10009a4a:	782b      	ldrb	r3, [r5, #0]
10009a4c:	4393      	bics	r3, r2
10009a4e:	2b58      	cmp	r3, #88	; 0x58
10009a50:	d107      	bne.n	10009a62 <_strtoul_l.constprop.0+0x12a>
10009a52:	2310      	movs	r3, #16
10009a54:	786c      	ldrb	r4, [r5, #1]
10009a56:	210f      	movs	r1, #15
10009a58:	469a      	mov	sl, r3
10009a5a:	2610      	movs	r6, #16
10009a5c:	4f06      	ldr	r7, [pc, #24]	; (10009a78 <_strtoul_l.constprop.0+0x140>)
10009a5e:	3502      	adds	r5, #2
10009a60:	e79d      	b.n	1000999e <_strtoul_l.constprop.0+0x66>
10009a62:	2308      	movs	r3, #8
10009a64:	2107      	movs	r1, #7
10009a66:	469a      	mov	sl, r3
10009a68:	2608      	movs	r6, #8
10009a6a:	4f04      	ldr	r7, [pc, #16]	; (10009a7c <_strtoul_l.constprop.0+0x144>)
10009a6c:	e797      	b.n	1000999e <_strtoul_l.constprop.0+0x66>
10009a6e:	46c0      	nop			; (mov r8, r8)
10009a70:	1000a735 	.word	0x1000a735
10009a74:	19999999 	.word	0x19999999
10009a78:	0fffffff 	.word	0x0fffffff
10009a7c:	1fffffff 	.word	0x1fffffff

10009a80 <strtoul>:
10009a80:	b510      	push	{r4, lr}
10009a82:	0004      	movs	r4, r0
10009a84:	0013      	movs	r3, r2
10009a86:	4a03      	ldr	r2, [pc, #12]	; (10009a94 <strtoul+0x14>)
10009a88:	6810      	ldr	r0, [r2, #0]
10009a8a:	000a      	movs	r2, r1
10009a8c:	0021      	movs	r1, r4
10009a8e:	f7ff ff53 	bl	10009938 <_strtoul_l.constprop.0>
10009a92:	bd10      	pop	{r4, pc}
10009a94:	20001008 	.word	0x20001008

10009a98 <strnlen>:
10009a98:	b510      	push	{r4, lr}
10009a9a:	0003      	movs	r3, r0
10009a9c:	1844      	adds	r4, r0, r1
10009a9e:	2900      	cmp	r1, #0
10009aa0:	d103      	bne.n	10009aaa <strnlen+0x12>
10009aa2:	e009      	b.n	10009ab8 <strnlen+0x20>
10009aa4:	3301      	adds	r3, #1
10009aa6:	429c      	cmp	r4, r3
10009aa8:	d004      	beq.n	10009ab4 <strnlen+0x1c>
10009aaa:	781a      	ldrb	r2, [r3, #0]
10009aac:	2a00      	cmp	r2, #0
10009aae:	d1f9      	bne.n	10009aa4 <strnlen+0xc>
10009ab0:	1a18      	subs	r0, r3, r0
10009ab2:	bd10      	pop	{r4, pc}
10009ab4:	1a20      	subs	r0, r4, r0
10009ab6:	e7fc      	b.n	10009ab2 <strnlen+0x1a>
10009ab8:	2000      	movs	r0, #0
10009aba:	e7fa      	b.n	10009ab2 <strnlen+0x1a>

10009abc <_fini>:
10009abc:	b5f8      	push	{r3, r4, r5, r6, r7, lr}
10009abe:	46c0      	nop			; (mov r8, r8)

10009ac0 <__mutex_exit_veneer>:
10009ac0:	b401      	push	{r0}
10009ac2:	4802      	ldr	r0, [pc, #8]	; (10009acc <__mutex_exit_veneer+0xc>)
10009ac4:	4684      	mov	ip, r0
10009ac6:	bc01      	pop	{r0}
10009ac8:	4760      	bx	ip
10009aca:	bf00      	nop
10009acc:	200001ed 	.word	0x200001ed

10009ad0 <____aeabi_ldiv0_veneer>:
10009ad0:	b401      	push	{r0}
10009ad2:	4802      	ldr	r0, [pc, #8]	; (10009adc <____aeabi_ldiv0_veneer+0xc>)
10009ad4:	4684      	mov	ip, r0
10009ad6:	bc01      	pop	{r0}
10009ad8:	4760      	bx	ip
10009ada:	bf00      	nop
10009adc:	20000e19 	.word	0x20000e19

10009ae0 <__memcmp_veneer>:
10009ae0:	b401      	push	{r0}
10009ae2:	4802      	ldr	r0, [pc, #8]	; (10009aec <__memcmp_veneer+0xc>)
10009ae4:	4684      	mov	ip, r0
10009ae6:	bc01      	pop	{r0}
10009ae8:	4760      	bx	ip
10009aea:	bf00      	nop
10009aec:	20000e1d 	.word	0x20000e1d

10009af0 <__flash_range_program_veneer>:
10009af0:	b401      	push	{r0}
10009af2:	4802      	ldr	r0, [pc, #8]	; (10009afc <__flash_range_program_veneer+0xc>)
10009af4:	4684      	mov	ip, r0
10009af6:	bc01      	pop	{r0}
10009af8:	4760      	bx	ip
10009afa:	bf00      	nop
10009afc:	200002d5 	.word	0x200002d5

10009b00 <____aeabi_idiv0_veneer>:
10009b00:	b401      	push	{r0}
10009b02:	4802      	ldr	r0, [pc, #8]	; (10009b0c <____aeabi_idiv0_veneer+0xc>)
10009b04:	4684      	mov	ip, r0
10009b06:	bc01      	pop	{r0}
10009b08:	4760      	bx	ip
10009b0a:	bf00      	nop
10009b0c:	20000e19 	.word	0x20000e19

10009b10 <__flash_range_erase_veneer>:
10009b10:	b401      	push	{r0}
10009b12:	4802      	ldr	r0, [pc, #8]	; (10009b1c <__flash_range_erase_veneer+0xc>)
10009b14:	4684      	mov	ip, r0
10009b16:	bc01      	pop	{r0}
10009b18:	4760      	bx	ip
10009b1a:	bf00      	nop
10009b1c:	20000255 	.word	0x20000255

10009b20 <__mutex_enter_timeout_ms_veneer>:
10009b20:	b401      	push	{r0}
10009b22:	4802      	ldr	r0, [pc, #8]	; (10009b2c <__mutex_enter_timeout_ms_veneer+0xc>)
10009b24:	4684      	mov	ip, r0
10009b26:	bc01      	pop	{r0}
10009b28:	4760      	bx	ip
10009b2a:	bf00      	nop
10009b2c:	2000015d 	.word	0x2000015d

10009b30 <__mutex_try_enter_block_until_veneer>:
10009b30:	b401      	push	{r0}
10009b32:	4802      	ldr	r0, [pc, #8]	; (10009b3c <__mutex_try_enter_block_until_veneer+0xc>)
10009b34:	4684      	mov	ip, r0
10009b36:	bc01      	pop	{r0}
10009b38:	4760      	bx	ip
10009b3a:	bf00      	nop
10009b3c:	200000c1 	.word	0x200000c1

10009b40 <__hw_endpoint_start_next_buffer_veneer>:
10009b40:	b401      	push	{r0}
10009b42:	4802      	ldr	r0, [pc, #8]	; (10009b4c <__hw_endpoint_start_next_buffer_veneer+0xc>)
10009b44:	4684      	mov	ip, r0
10009b46:	bc01      	pop	{r0}
10009b48:	4760      	bx	ip
10009b4a:	bf00      	nop
10009b4c:	20000b35 	.word	0x20000b35

10009b50 <__e15_is_bulkin_ep_veneer>:
10009b50:	b401      	push	{r0}
10009b52:	4802      	ldr	r0, [pc, #8]	; (10009b5c <__e15_is_bulkin_ep_veneer+0xc>)
10009b54:	4684      	mov	ip, r0
10009b56:	bc01      	pop	{r0}
10009b58:	4760      	bx	ip
10009b5a:	bf00      	nop
10009b5c:	20000991 	.word	0x20000991

10009b60 <__hw_endpoint_reset_transfer_veneer>:
10009b60:	b401      	push	{r0}
10009b62:	4802      	ldr	r0, [pc, #8]	; (10009b6c <__hw_endpoint_reset_transfer_veneer+0xc>)
10009b64:	4684      	mov	ip, r0
10009b66:	bc01      	pop	{r0}
10009b68:	4760      	bx	ip
10009b6a:	bf00      	nop
10009b6c:	20000ad1 	.word	0x20000ad1

10009b70 <___hw_endpoint_buffer_control_update32_veneer>:
10009b70:	b401      	push	{r0}
10009b72:	4802      	ldr	r0, [pc, #8]	; (10009b7c <___hw_endpoint_buffer_control_update32_veneer+0xc>)
10009b74:	4684      	mov	ip, r0
10009b76:	bc01      	pop	{r0}
10009b78:	4760      	bx	ip
10009b7a:	bf00      	nop
10009b7c:	20000add 	.word	0x20000add

10009b80 <__fminf_veneer>:
10009b80:	b401      	push	{r0}
10009b82:	4802      	ldr	r0, [pc, #8]	; (10009b8c <__fminf_veneer+0xc>)
10009b84:	4684      	mov	ip, r0
10009b86:	bc01      	pop	{r0}
10009b88:	4760      	bx	ip
10009b8a:	bf00      	nop
10009b8c:	20000dad 	.word	0x20000dad

10009b90 <__reset_non_control_endpoints_veneer>:
10009b90:	b401      	push	{r0}
10009b92:	4802      	ldr	r0, [pc, #8]	; (10009b9c <__reset_non_control_endpoints_veneer+0xc>)
10009b94:	4684      	mov	ip, r0
10009b96:	bc01      	pop	{r0}
10009b98:	4760      	bx	ip
10009b9a:	bf00      	nop
10009b9c:	20000355 	.word	0x20000355

10009ba0 <__e15_is_critical_frame_period_veneer>:
10009ba0:	b401      	push	{r0}
10009ba2:	4802      	ldr	r0, [pc, #8]	; (10009bac <__e15_is_critical_frame_period_veneer+0xc>)
10009ba4:	4684      	mov	ip, r0
10009ba6:	bc01      	pop	{r0}
10009ba8:	4760      	bx	ip
10009baa:	bf00      	nop
10009bac:	200009b9 	.word	0x200009b9

Disassembly of section .data:

200000c0 <mutex_try_enter_block_until>:
200000c0:	b5f0      	push	{r4, r5, r6, r7, lr}
200000c2:	46c6      	mov	lr, r8
200000c4:	0015      	movs	r5, r2
200000c6:	b500      	push	{lr}
200000c8:	0004      	movs	r4, r0
200000ca:	001e      	movs	r6, r3
200000cc:	6802      	ldr	r2, [r0, #0]
200000ce:	f3ef 8110 	mrs	r1, PRIMASK
200000d2:	b672      	cpsid	i
200000d4:	6813      	ldr	r3, [r2, #0]
200000d6:	2b00      	cmp	r3, #0
200000d8:	d0fc      	beq.n	200000d4 <mutex_try_enter_block_until+0x14>
200000da:	f3bf 8f5f 	dmb	sy
200000de:	2304      	movs	r3, #4
200000e0:	56e3      	ldrsb	r3, [r4, r3]
200000e2:	2b00      	cmp	r3, #0
200000e4:	db2d      	blt.n	20000142 <mutex_try_enter_block_until+0x82>
200000e6:	6822      	ldr	r2, [r4, #0]
200000e8:	f3bf 8f5f 	dmb	sy
200000ec:	2000      	movs	r0, #0
200000ee:	6010      	str	r0, [r2, #0]
200000f0:	f381 8810 	msr	PRIMASK, r1
200000f4:	22d0      	movs	r2, #208	; 0xd0
200000f6:	0612      	lsls	r2, r2, #24
200000f8:	7812      	ldrb	r2, [r2, #0]
200000fa:	b252      	sxtb	r2, r2
200000fc:	4690      	mov	r8, r2
200000fe:	429a      	cmp	r2, r3
20000100:	d103      	bne.n	2000010a <mutex_try_enter_block_until+0x4a>
20000102:	2000      	movs	r0, #0
20000104:	bc80      	pop	{r7}
20000106:	46b8      	mov	r8, r7
20000108:	bdf0      	pop	{r4, r5, r6, r7, pc}
2000010a:	2700      	movs	r7, #0
2000010c:	e00b      	b.n	20000126 <mutex_try_enter_block_until+0x66>
2000010e:	6823      	ldr	r3, [r4, #0]
20000110:	f3bf 8f5f 	dmb	sy
20000114:	601f      	str	r7, [r3, #0]
20000116:	f381 8810 	msr	PRIMASK, r1
2000011a:	0028      	movs	r0, r5
2000011c:	0031      	movs	r1, r6
2000011e:	f000 feb3 	bl	20000e88 <__best_effort_wfe_or_timeout_veneer>
20000122:	2800      	cmp	r0, #0
20000124:	d1ed      	bne.n	20000102 <mutex_try_enter_block_until+0x42>
20000126:	6822      	ldr	r2, [r4, #0]
20000128:	f3ef 8110 	mrs	r1, PRIMASK
2000012c:	b672      	cpsid	i
2000012e:	6813      	ldr	r3, [r2, #0]
20000130:	2b00      	cmp	r3, #0
20000132:	d0fc      	beq.n	2000012e <mutex_try_enter_block_until+0x6e>
20000134:	f3bf 8f5f 	dmb	sy
20000138:	7923      	ldrb	r3, [r4, #4]
2000013a:	2b7f      	cmp	r3, #127	; 0x7f
2000013c:	d9e7      	bls.n	2000010e <mutex_try_enter_block_until+0x4e>
2000013e:	4643      	mov	r3, r8
20000140:	e002      	b.n	20000148 <mutex_try_enter_block_until+0x88>
20000142:	23d0      	movs	r3, #208	; 0xd0
20000144:	061b      	lsls	r3, r3, #24
20000146:	681b      	ldr	r3, [r3, #0]
20000148:	7123      	strb	r3, [r4, #4]
2000014a:	6823      	ldr	r3, [r4, #0]
2000014c:	f3bf 8f5f 	dmb	sy
20000150:	2200      	movs	r2, #0
20000152:	601a      	str	r2, [r3, #0]
20000154:	f381 8810 	msr	PRIMASK, r1
20000158:	2001      	movs	r0, #1
2000015a:	e7d3      	b.n	20000104 <mutex_try_enter_block_until+0x44>

2000015c <mutex_enter_timeout_ms>:
2000015c:	b5f0      	push	{r4, r5, r6, r7, lr}
2000015e:	46c6      	mov	lr, r8
20000160:	b500      	push	{lr}
20000162:	000d      	movs	r5, r1
20000164:	0004      	movs	r4, r0
20000166:	f000 fe7f 	bl	20000e68 <__time_us_64_veneer>
2000016a:	22fa      	movs	r2, #250	; 0xfa
2000016c:	0006      	movs	r6, r0
2000016e:	000f      	movs	r7, r1
20000170:	2300      	movs	r3, #0
20000172:	0028      	movs	r0, r5
20000174:	2100      	movs	r1, #0
20000176:	0092      	lsls	r2, r2, #2
20000178:	f000 fe9e 	bl	20000eb8 <____wrap___aeabi_lmul_veneer>
2000017c:	1836      	adds	r6, r6, r0
2000017e:	414f      	adcs	r7, r1
20000180:	2f00      	cmp	r7, #0
20000182:	db2c      	blt.n	200001de <mutex_enter_timeout_ms+0x82>
20000184:	23d0      	movs	r3, #208	; 0xd0
20000186:	061b      	lsls	r3, r3, #24
20000188:	681b      	ldr	r3, [r3, #0]
2000018a:	2500      	movs	r5, #0
2000018c:	4698      	mov	r8, r3
2000018e:	e00b      	b.n	200001a8 <mutex_enter_timeout_ms+0x4c>
20000190:	6823      	ldr	r3, [r4, #0]
20000192:	f3bf 8f5f 	dmb	sy
20000196:	601d      	str	r5, [r3, #0]
20000198:	f381 8810 	msr	PRIMASK, r1
2000019c:	0030      	movs	r0, r6
2000019e:	0039      	movs	r1, r7
200001a0:	f000 fe72 	bl	20000e88 <__best_effort_wfe_or_timeout_veneer>
200001a4:	2800      	cmp	r0, #0
200001a6:	d118      	bne.n	200001da <mutex_enter_timeout_ms+0x7e>
200001a8:	6822      	ldr	r2, [r4, #0]
200001aa:	f3ef 8110 	mrs	r1, PRIMASK
200001ae:	b672      	cpsid	i
200001b0:	6813      	ldr	r3, [r2, #0]
200001b2:	2b00      	cmp	r3, #0
200001b4:	d0fc      	beq.n	200001b0 <mutex_enter_timeout_ms+0x54>
200001b6:	f3bf 8f5f 	dmb	sy
200001ba:	7923      	ldrb	r3, [r4, #4]
200001bc:	2b7f      	cmp	r3, #127	; 0x7f
200001be:	d9e7      	bls.n	20000190 <mutex_enter_timeout_ms+0x34>
200001c0:	4643      	mov	r3, r8
200001c2:	7123      	strb	r3, [r4, #4]
200001c4:	6823      	ldr	r3, [r4, #0]
200001c6:	f3bf 8f5f 	dmb	sy
200001ca:	2200      	movs	r2, #0
200001cc:	601a      	str	r2, [r3, #0]
200001ce:	f381 8810 	msr	PRIMASK, r1
200001d2:	2001      	movs	r0, #1
200001d4:	bc80      	pop	{r7}
200001d6:	46b8      	mov	r8, r7
200001d8:	bdf0      	pop	{r4, r5, r6, r7, pc}
200001da:	2000      	movs	r0, #0
200001dc:	e7fa      	b.n	200001d4 <mutex_enter_timeout_ms+0x78>
200001de:	2601      	movs	r6, #1
200001e0:	4f01      	ldr	r7, [pc, #4]	; (200001e8 <mutex_enter_timeout_ms+0x8c>)
200001e2:	4276      	negs	r6, r6
200001e4:	e7ce      	b.n	20000184 <mutex_enter_timeout_ms+0x28>
200001e6:	46c0      	nop			; (mov r8, r8)
200001e8:	7fffffff 	.word	0x7fffffff

200001ec <mutex_exit>:
200001ec:	6802      	ldr	r2, [r0, #0]
200001ee:	f3ef 8110 	mrs	r1, PRIMASK
200001f2:	b672      	cpsid	i
200001f4:	6813      	ldr	r3, [r2, #0]
200001f6:	2b00      	cmp	r3, #0
200001f8:	d0fc      	beq.n	200001f4 <mutex_exit+0x8>
200001fa:	f3bf 8f5f 	dmb	sy
200001fe:	23ff      	movs	r3, #255	; 0xff
20000200:	7103      	strb	r3, [r0, #4]
20000202:	6803      	ldr	r3, [r0, #0]
20000204:	f3bf 8f5f 	dmb	sy
20000208:	2200      	movs	r2, #0
2000020a:	601a      	str	r2, [r3, #0]
2000020c:	f381 8810 	msr	PRIMASK, r1
20000210:	bf40      	sev
20000212:	4770      	bx	lr

20000214 <flash_init_boot2_copyout>:
20000214:	4808      	ldr	r0, [pc, #32]	; (20000238 <flash_init_boot2_copyout+0x24>)
20000216:	b510      	push	{r4, lr}
20000218:	7803      	ldrb	r3, [r0, #0]
2000021a:	2b00      	cmp	r3, #0
2000021c:	d10a      	bne.n	20000234 <flash_init_boot2_copyout+0x20>
2000021e:	2380      	movs	r3, #128	; 0x80
20000220:	4906      	ldr	r1, [pc, #24]	; (2000023c <flash_init_boot2_copyout+0x28>)
20000222:	4a07      	ldr	r2, [pc, #28]	; (20000240 <flash_init_boot2_copyout+0x2c>)
20000224:	055b      	lsls	r3, r3, #21
20000226:	681c      	ldr	r4, [r3, #0]
20000228:	50cc      	str	r4, [r1, r3]
2000022a:	3304      	adds	r3, #4
2000022c:	4293      	cmp	r3, r2
2000022e:	d1fa      	bne.n	20000226 <flash_init_boot2_copyout+0x12>
20000230:	2301      	movs	r3, #1
20000232:	7003      	strb	r3, [r0, #0]
20000234:	bd10      	pop	{r4, pc}
20000236:	46c0      	nop			; (mov r8, r8)
20000238:	20002c41 	.word	0x20002c41
2000023c:	10002690 	.word	0x10002690
20000240:	10000100 	.word	0x10000100

20000244 <flash_enable_xip_via_boot2>:
20000244:	b510      	push	{r4, lr}
20000246:	4b02      	ldr	r3, [pc, #8]	; (20000250 <flash_enable_xip_via_boot2+0xc>)
20000248:	3301      	adds	r3, #1
2000024a:	4798      	blx	r3
2000024c:	bd10      	pop	{r4, pc}
2000024e:	46c0      	nop			; (mov r8, r8)
20000250:	20002690 	.word	0x20002690

20000254 <flash_range_erase>:
20000254:	b5f0      	push	{r4, r5, r6, r7, lr}
20000256:	2380      	movs	r3, #128	; 0x80
20000258:	46d6      	mov	lr, sl
2000025a:	464f      	mov	r7, r9
2000025c:	4646      	mov	r6, r8
2000025e:	1842      	adds	r2, r0, r1
20000260:	0004      	movs	r4, r0
20000262:	000d      	movs	r5, r1
20000264:	b5c0      	push	{r6, r7, lr}
20000266:	039b      	lsls	r3, r3, #14
20000268:	429a      	cmp	r2, r3
2000026a:	d827      	bhi.n	200002bc <flash_range_erase+0x68>
2000026c:	2714      	movs	r7, #20
2000026e:	2618      	movs	r6, #24
20000270:	8838      	ldrh	r0, [r7, #0]
20000272:	8833      	ldrh	r3, [r6, #0]
20000274:	4913      	ldr	r1, [pc, #76]	; (200002c4 <flash_range_erase+0x70>)
20000276:	4798      	blx	r3
20000278:	8833      	ldrh	r3, [r6, #0]
2000027a:	4682      	mov	sl, r0
2000027c:	4912      	ldr	r1, [pc, #72]	; (200002c8 <flash_range_erase+0x74>)
2000027e:	8838      	ldrh	r0, [r7, #0]
20000280:	4798      	blx	r3
20000282:	8833      	ldrh	r3, [r6, #0]
20000284:	4681      	mov	r9, r0
20000286:	4911      	ldr	r1, [pc, #68]	; (200002cc <flash_range_erase+0x78>)
20000288:	8838      	ldrh	r0, [r7, #0]
2000028a:	4798      	blx	r3
2000028c:	8833      	ldrh	r3, [r6, #0]
2000028e:	4910      	ldr	r1, [pc, #64]	; (200002d0 <flash_range_erase+0x7c>)
20000290:	4680      	mov	r8, r0
20000292:	8838      	ldrh	r0, [r7, #0]
20000294:	4798      	blx	r3
20000296:	0006      	movs	r6, r0
20000298:	f7ff ffbc 	bl	20000214 <flash_init_boot2_copyout>
2000029c:	47d0      	blx	sl
2000029e:	47c8      	blx	r9
200002a0:	2280      	movs	r2, #128	; 0x80
200002a2:	0029      	movs	r1, r5
200002a4:	23d8      	movs	r3, #216	; 0xd8
200002a6:	0020      	movs	r0, r4
200002a8:	0252      	lsls	r2, r2, #9
200002aa:	47c0      	blx	r8
200002ac:	47b0      	blx	r6
200002ae:	f7ff ffc9 	bl	20000244 <flash_enable_xip_via_boot2>
200002b2:	bce0      	pop	{r5, r6, r7}
200002b4:	46ba      	mov	sl, r7
200002b6:	46b1      	mov	r9, r6
200002b8:	46a8      	mov	r8, r5
200002ba:	bdf0      	pop	{r4, r5, r6, r7, pc}
200002bc:	f000 fddc 	bl	20000e78 <__hard_assertion_failure_veneer>
200002c0:	e7d4      	b.n	2000026c <flash_range_erase+0x18>
200002c2:	46c0      	nop			; (mov r8, r8)
200002c4:	00004649 	.word	0x00004649
200002c8:	00005845 	.word	0x00005845
200002cc:	00004552 	.word	0x00004552
200002d0:	00004346 	.word	0x00004346

200002d4 <flash_range_program>:
200002d4:	b5f8      	push	{r3, r4, r5, r6, r7, lr}
200002d6:	464e      	mov	r6, r9
200002d8:	4645      	mov	r5, r8
200002da:	46de      	mov	lr, fp
200002dc:	4657      	mov	r7, sl
200002de:	2380      	movs	r3, #128	; 0x80
200002e0:	b5e0      	push	{r5, r6, r7, lr}
200002e2:	0015      	movs	r5, r2
200002e4:	1882      	adds	r2, r0, r2
200002e6:	0004      	movs	r4, r0
200002e8:	4689      	mov	r9, r1
200002ea:	039b      	lsls	r3, r3, #14
200002ec:	429a      	cmp	r2, r3
200002ee:	d826      	bhi.n	2000033e <flash_range_program+0x6a>
200002f0:	2714      	movs	r7, #20
200002f2:	2618      	movs	r6, #24
200002f4:	8838      	ldrh	r0, [r7, #0]
200002f6:	8833      	ldrh	r3, [r6, #0]
200002f8:	4912      	ldr	r1, [pc, #72]	; (20000344 <flash_range_program+0x70>)
200002fa:	4798      	blx	r3
200002fc:	8833      	ldrh	r3, [r6, #0]
200002fe:	4683      	mov	fp, r0
20000300:	4911      	ldr	r1, [pc, #68]	; (20000348 <flash_range_program+0x74>)
20000302:	8838      	ldrh	r0, [r7, #0]
20000304:	4798      	blx	r3
20000306:	8833      	ldrh	r3, [r6, #0]
20000308:	4682      	mov	sl, r0
2000030a:	4910      	ldr	r1, [pc, #64]	; (2000034c <flash_range_program+0x78>)
2000030c:	8838      	ldrh	r0, [r7, #0]
2000030e:	4798      	blx	r3
20000310:	8833      	ldrh	r3, [r6, #0]
20000312:	490f      	ldr	r1, [pc, #60]	; (20000350 <flash_range_program+0x7c>)
20000314:	4680      	mov	r8, r0
20000316:	8838      	ldrh	r0, [r7, #0]
20000318:	4798      	blx	r3
2000031a:	0006      	movs	r6, r0
2000031c:	f7ff ff7a 	bl	20000214 <flash_init_boot2_copyout>
20000320:	47d8      	blx	fp
20000322:	47d0      	blx	sl
20000324:	002a      	movs	r2, r5
20000326:	4649      	mov	r1, r9
20000328:	0020      	movs	r0, r4
2000032a:	47c0      	blx	r8
2000032c:	47b0      	blx	r6
2000032e:	f7ff ff89 	bl	20000244 <flash_enable_xip_via_boot2>
20000332:	bcf0      	pop	{r4, r5, r6, r7}
20000334:	46bb      	mov	fp, r7
20000336:	46b2      	mov	sl, r6
20000338:	46a9      	mov	r9, r5
2000033a:	46a0      	mov	r8, r4
2000033c:	bdf8      	pop	{r3, r4, r5, r6, r7, pc}
2000033e:	f000 fd9b 	bl	20000e78 <__hard_assertion_failure_veneer>
20000342:	e7d5      	b.n	200002f0 <flash_range_program+0x1c>
20000344:	00004649 	.word	0x00004649
20000348:	00005845 	.word	0x00005845
2000034c:	00005052 	.word	0x00005052
20000350:	00004346 	.word	0x00004346

20000354 <reset_non_control_endpoints>:
20000354:	2300      	movs	r3, #0
20000356:	4a1c      	ldr	r2, [pc, #112]	; (200003c8 <reset_non_control_endpoints+0x74>)
20000358:	b510      	push	{r4, lr}
2000035a:	6093      	str	r3, [r2, #8]
2000035c:	60d3      	str	r3, [r2, #12]
2000035e:	4a1b      	ldr	r2, [pc, #108]	; (200003cc <reset_non_control_endpoints+0x78>)
20000360:	2100      	movs	r1, #0
20000362:	6093      	str	r3, [r2, #8]
20000364:	60d3      	str	r3, [r2, #12]
20000366:	4a1a      	ldr	r2, [pc, #104]	; (200003d0 <reset_non_control_endpoints+0x7c>)
20000368:	481a      	ldr	r0, [pc, #104]	; (200003d4 <reset_non_control_endpoints+0x80>)
2000036a:	6093      	str	r3, [r2, #8]
2000036c:	60d3      	str	r3, [r2, #12]
2000036e:	4a1a      	ldr	r2, [pc, #104]	; (200003d8 <reset_non_control_endpoints+0x84>)
20000370:	6093      	str	r3, [r2, #8]
20000372:	60d3      	str	r3, [r2, #12]
20000374:	4a19      	ldr	r2, [pc, #100]	; (200003dc <reset_non_control_endpoints+0x88>)
20000376:	6093      	str	r3, [r2, #8]
20000378:	60d3      	str	r3, [r2, #12]
2000037a:	4a19      	ldr	r2, [pc, #100]	; (200003e0 <reset_non_control_endpoints+0x8c>)
2000037c:	6093      	str	r3, [r2, #8]
2000037e:	60d3      	str	r3, [r2, #12]
20000380:	4a18      	ldr	r2, [pc, #96]	; (200003e4 <reset_non_control_endpoints+0x90>)
20000382:	6093      	str	r3, [r2, #8]
20000384:	60d3      	str	r3, [r2, #12]
20000386:	4a18      	ldr	r2, [pc, #96]	; (200003e8 <reset_non_control_endpoints+0x94>)
20000388:	6093      	str	r3, [r2, #8]
2000038a:	60d3      	str	r3, [r2, #12]
2000038c:	4a17      	ldr	r2, [pc, #92]	; (200003ec <reset_non_control_endpoints+0x98>)
2000038e:	6093      	str	r3, [r2, #8]
20000390:	60d3      	str	r3, [r2, #12]
20000392:	4a17      	ldr	r2, [pc, #92]	; (200003f0 <reset_non_control_endpoints+0x9c>)
20000394:	6093      	str	r3, [r2, #8]
20000396:	60d3      	str	r3, [r2, #12]
20000398:	4a16      	ldr	r2, [pc, #88]	; (200003f4 <reset_non_control_endpoints+0xa0>)
2000039a:	6093      	str	r3, [r2, #8]
2000039c:	60d3      	str	r3, [r2, #12]
2000039e:	4a16      	ldr	r2, [pc, #88]	; (200003f8 <reset_non_control_endpoints+0xa4>)
200003a0:	6093      	str	r3, [r2, #8]
200003a2:	60d3      	str	r3, [r2, #12]
200003a4:	4a15      	ldr	r2, [pc, #84]	; (200003fc <reset_non_control_endpoints+0xa8>)
200003a6:	6093      	str	r3, [r2, #8]
200003a8:	60d3      	str	r3, [r2, #12]
200003aa:	4a15      	ldr	r2, [pc, #84]	; (20000400 <reset_non_control_endpoints+0xac>)
200003ac:	6093      	str	r3, [r2, #8]
200003ae:	60d3      	str	r3, [r2, #12]
200003b0:	4a14      	ldr	r2, [pc, #80]	; (20000404 <reset_non_control_endpoints+0xb0>)
200003b2:	6093      	str	r3, [r2, #8]
200003b4:	60d3      	str	r3, [r2, #12]
200003b6:	22f0      	movs	r2, #240	; 0xf0
200003b8:	0092      	lsls	r2, r2, #2
200003ba:	f000 fd75 	bl	20000ea8 <____wrap_memset_veneer>
200003be:	4b12      	ldr	r3, [pc, #72]	; (20000408 <reset_non_control_endpoints+0xb4>)
200003c0:	4a12      	ldr	r2, [pc, #72]	; (2000040c <reset_non_control_endpoints+0xb8>)
200003c2:	601a      	str	r2, [r3, #0]
200003c4:	bd10      	pop	{r4, pc}
200003c6:	46c0      	nop			; (mov r8, r8)
200003c8:	50100000 	.word	0x50100000
200003cc:	50100008 	.word	0x50100008
200003d0:	50100010 	.word	0x50100010
200003d4:	20002848 	.word	0x20002848
200003d8:	50100018 	.word	0x50100018
200003dc:	50100020 	.word	0x50100020
200003e0:	50100028 	.word	0x50100028
200003e4:	50100030 	.word	0x50100030
200003e8:	50100038 	.word	0x50100038
200003ec:	50100040 	.word	0x50100040
200003f0:	50100048 	.word	0x50100048
200003f4:	50100050 	.word	0x50100050
200003f8:	50100058 	.word	0x50100058
200003fc:	50100060 	.word	0x50100060
20000400:	50100068 	.word	0x50100068
20000404:	50100070 	.word	0x50100070
20000408:	20002c10 	.word	0x20002c10
2000040c:	50100180 	.word	0x50100180

20000410 <hw_handle_buff_status>:
20000410:	b5f0      	push	{r4, r5, r6, r7, lr}
20000412:	4657      	mov	r7, sl
20000414:	46de      	mov	lr, fp
20000416:	464e      	mov	r6, r9
20000418:	4645      	mov	r5, r8
2000041a:	b5e0      	push	{r5, r6, r7, lr}
2000041c:	4b23      	ldr	r3, [pc, #140]	; (200004ac <hw_handle_buff_status+0x9c>)
2000041e:	b087      	sub	sp, #28
20000420:	6d9f      	ldr	r7, [r3, #88]	; 0x58
20000422:	2f00      	cmp	r7, #0
20000424:	d023      	beq.n	2000046e <hw_handle_buff_status+0x5e>
20000426:	4b22      	ldr	r3, [pc, #136]	; (200004b0 <hw_handle_buff_status+0xa0>)
20000428:	2400      	movs	r4, #0
2000042a:	4699      	mov	r9, r3
2000042c:	2301      	movs	r3, #1
2000042e:	4698      	mov	r8, r3
20000430:	4b20      	ldr	r3, [pc, #128]	; (200004b4 <hw_handle_buff_status+0xa4>)
20000432:	2601      	movs	r6, #1
20000434:	469a      	mov	sl, r3
20000436:	e004      	b.n	20000442 <hw_handle_buff_status+0x32>
20000438:	3401      	adds	r4, #1
2000043a:	0076      	lsls	r6, r6, #1
2000043c:	b2e4      	uxtb	r4, r4
2000043e:	2c20      	cmp	r4, #32
20000440:	d015      	beq.n	2000046e <hw_handle_buff_status+0x5e>
20000442:	423e      	tst	r6, r7
20000444:	d0f8      	beq.n	20000438 <hw_handle_buff_status+0x28>
20000446:	464b      	mov	r3, r9
20000448:	659e      	str	r6, [r3, #88]	; 0x58
2000044a:	4643      	mov	r3, r8
2000044c:	0865      	lsrs	r5, r4, #1
2000044e:	006d      	lsls	r5, r5, #1
20000450:	43a3      	bics	r3, r4
20000452:	18ed      	adds	r5, r5, r3
20000454:	016d      	lsls	r5, r5, #5
20000456:	4455      	add	r5, sl
20000458:	0028      	movs	r0, r5
2000045a:	f000 fba1 	bl	20000ba0 <hw_endpoint_xfer_continue>
2000045e:	2800      	cmp	r0, #0
20000460:	d10c      	bne.n	2000047c <hw_handle_buff_status+0x6c>
20000462:	3401      	adds	r4, #1
20000464:	43b7      	bics	r7, r6
20000466:	b2e4      	uxtb	r4, r4
20000468:	0076      	lsls	r6, r6, #1
2000046a:	2f00      	cmp	r7, #0
2000046c:	d1e7      	bne.n	2000043e <hw_handle_buff_status+0x2e>
2000046e:	b007      	add	sp, #28
20000470:	bcf0      	pop	{r4, r5, r6, r7}
20000472:	46bb      	mov	fp, r7
20000474:	46b2      	mov	sl, r6
20000476:	46a9      	mov	r9, r5
20000478:	46a0      	mov	r8, r4
2000047a:	bdf0      	pop	{r4, r5, r6, r7, pc}
2000047c:	78ab      	ldrb	r3, [r5, #2]
2000047e:	2208      	movs	r2, #8
20000480:	469b      	mov	fp, r3
20000482:	8aeb      	ldrh	r3, [r5, #22]
20000484:	2100      	movs	r1, #0
20000486:	a803      	add	r0, sp, #12
20000488:	9301      	str	r3, [sp, #4]
2000048a:	f000 fd0d 	bl	20000ea8 <____wrap_memset_veneer>
2000048e:	2307      	movs	r3, #7
20000490:	4659      	mov	r1, fp
20000492:	aa02      	add	r2, sp, #8
20000494:	7153      	strb	r3, [r2, #5]
20000496:	9b01      	ldr	r3, [sp, #4]
20000498:	7211      	strb	r1, [r2, #8]
2000049a:	a803      	add	r0, sp, #12
2000049c:	2101      	movs	r1, #1
2000049e:	9305      	str	r3, [sp, #20]
200004a0:	f000 fba6 	bl	20000bf0 <dcd_event_handler>
200004a4:	0028      	movs	r0, r5
200004a6:	f000 fb13 	bl	20000ad0 <hw_endpoint_reset_transfer>
200004aa:	e7da      	b.n	20000462 <hw_handle_buff_status+0x52>
200004ac:	50110000 	.word	0x50110000
200004b0:	50113000 	.word	0x50113000
200004b4:	20002808 	.word	0x20002808

200004b8 <dcd_rp2040_irq>:
200004b8:	2398      	movs	r3, #152	; 0x98
200004ba:	4ad1      	ldr	r2, [pc, #836]	; (20000800 <dcd_rp2040_irq+0x348>)
200004bc:	b570      	push	{r4, r5, r6, lr}
200004be:	58d5      	ldr	r5, [r2, r3]
200004c0:	2380      	movs	r3, #128	; 0x80
200004c2:	002c      	movs	r4, r5
200004c4:	029b      	lsls	r3, r3, #10
200004c6:	2610      	movs	r6, #16
200004c8:	b084      	sub	sp, #16
200004ca:	401c      	ands	r4, r3
200004cc:	421d      	tst	r5, r3
200004ce:	d078      	beq.n	200005c2 <dcd_rp2040_irq+0x10a>
200004d0:	4bcc      	ldr	r3, [pc, #816]	; (20000804 <dcd_rp2040_irq+0x34c>)
200004d2:	4ccd      	ldr	r4, [pc, #820]	; (20000808 <dcd_rp2040_irq+0x350>)
200004d4:	6a9a      	ldr	r2, [r3, #40]	; 0x28
200004d6:	4bcd      	ldr	r3, [pc, #820]	; (2000080c <dcd_rp2040_irq+0x354>)
200004d8:	2600      	movs	r6, #0
200004da:	601a      	str	r2, [r3, #0]
200004dc:	233b      	movs	r3, #59	; 0x3b
200004de:	5ce3      	ldrb	r3, [r4, r3]
200004e0:	2b02      	cmp	r3, #2
200004e2:	d100      	bne.n	200004e6 <dcd_rp2040_irq+0x2e>
200004e4:	e0d7      	b.n	20000696 <dcd_rp2040_irq+0x1de>
200004e6:	237b      	movs	r3, #123	; 0x7b
200004e8:	5ce3      	ldrb	r3, [r4, r3]
200004ea:	2b02      	cmp	r3, #2
200004ec:	d100      	bne.n	200004f0 <dcd_rp2040_irq+0x38>
200004ee:	e21a      	b.n	20000926 <dcd_rp2040_irq+0x46e>
200004f0:	23bb      	movs	r3, #187	; 0xbb
200004f2:	5ce3      	ldrb	r3, [r4, r3]
200004f4:	2b02      	cmp	r3, #2
200004f6:	d100      	bne.n	200004fa <dcd_rp2040_irq+0x42>
200004f8:	e203      	b.n	20000902 <dcd_rp2040_irq+0x44a>
200004fa:	23fb      	movs	r3, #251	; 0xfb
200004fc:	5ce3      	ldrb	r3, [r4, r3]
200004fe:	2b02      	cmp	r3, #2
20000500:	d100      	bne.n	20000504 <dcd_rp2040_irq+0x4c>
20000502:	e1ec      	b.n	200008de <dcd_rp2040_irq+0x426>
20000504:	233c      	movs	r3, #60	; 0x3c
20000506:	33ff      	adds	r3, #255	; 0xff
20000508:	5ce3      	ldrb	r3, [r4, r3]
2000050a:	2b02      	cmp	r3, #2
2000050c:	d100      	bne.n	20000510 <dcd_rp2040_irq+0x58>
2000050e:	e1d1      	b.n	200008b4 <dcd_rp2040_irq+0x3fc>
20000510:	237c      	movs	r3, #124	; 0x7c
20000512:	33ff      	adds	r3, #255	; 0xff
20000514:	5ce3      	ldrb	r3, [r4, r3]
20000516:	2b02      	cmp	r3, #2
20000518:	d100      	bne.n	2000051c <dcd_rp2040_irq+0x64>
2000051a:	e1b6      	b.n	2000088a <dcd_rp2040_irq+0x3d2>
2000051c:	23bc      	movs	r3, #188	; 0xbc
2000051e:	33ff      	adds	r3, #255	; 0xff
20000520:	5ce3      	ldrb	r3, [r4, r3]
20000522:	2b02      	cmp	r3, #2
20000524:	d100      	bne.n	20000528 <dcd_rp2040_irq+0x70>
20000526:	e19b      	b.n	20000860 <dcd_rp2040_irq+0x3a8>
20000528:	23fc      	movs	r3, #252	; 0xfc
2000052a:	33ff      	adds	r3, #255	; 0xff
2000052c:	5ce3      	ldrb	r3, [r4, r3]
2000052e:	2b02      	cmp	r3, #2
20000530:	d100      	bne.n	20000534 <dcd_rp2040_irq+0x7c>
20000532:	e14f      	b.n	200007d4 <dcd_rp2040_irq+0x31c>
20000534:	4bb6      	ldr	r3, [pc, #728]	; (20000810 <dcd_rp2040_irq+0x358>)
20000536:	5ce3      	ldrb	r3, [r4, r3]
20000538:	2b02      	cmp	r3, #2
2000053a:	d100      	bne.n	2000053e <dcd_rp2040_irq+0x86>
2000053c:	e136      	b.n	200007ac <dcd_rp2040_irq+0x2f4>
2000053e:	4bb5      	ldr	r3, [pc, #724]	; (20000814 <dcd_rp2040_irq+0x35c>)
20000540:	5ce3      	ldrb	r3, [r4, r3]
20000542:	2b02      	cmp	r3, #2
20000544:	d100      	bne.n	20000548 <dcd_rp2040_irq+0x90>
20000546:	e11d      	b.n	20000784 <dcd_rp2040_irq+0x2cc>
20000548:	4bb3      	ldr	r3, [pc, #716]	; (20000818 <dcd_rp2040_irq+0x360>)
2000054a:	5ce3      	ldrb	r3, [r4, r3]
2000054c:	2b02      	cmp	r3, #2
2000054e:	d100      	bne.n	20000552 <dcd_rp2040_irq+0x9a>
20000550:	e104      	b.n	2000075c <dcd_rp2040_irq+0x2a4>
20000552:	4bb2      	ldr	r3, [pc, #712]	; (2000081c <dcd_rp2040_irq+0x364>)
20000554:	5ce3      	ldrb	r3, [r4, r3]
20000556:	2b02      	cmp	r3, #2
20000558:	d100      	bne.n	2000055c <dcd_rp2040_irq+0xa4>
2000055a:	e0eb      	b.n	20000734 <dcd_rp2040_irq+0x27c>
2000055c:	4bb0      	ldr	r3, [pc, #704]	; (20000820 <dcd_rp2040_irq+0x368>)
2000055e:	5ce3      	ldrb	r3, [r4, r3]
20000560:	2b02      	cmp	r3, #2
20000562:	d100      	bne.n	20000566 <dcd_rp2040_irq+0xae>
20000564:	e0d2      	b.n	2000070c <dcd_rp2040_irq+0x254>
20000566:	4baf      	ldr	r3, [pc, #700]	; (20000824 <dcd_rp2040_irq+0x36c>)
20000568:	5ce3      	ldrb	r3, [r4, r3]
2000056a:	2b02      	cmp	r3, #2
2000056c:	d100      	bne.n	20000570 <dcd_rp2040_irq+0xb8>
2000056e:	e0b9      	b.n	200006e4 <dcd_rp2040_irq+0x22c>
20000570:	4bad      	ldr	r3, [pc, #692]	; (20000828 <dcd_rp2040_irq+0x370>)
20000572:	5ce3      	ldrb	r3, [r4, r3]
20000574:	2b02      	cmp	r3, #2
20000576:	d100      	bne.n	2000057a <dcd_rp2040_irq+0xc2>
20000578:	e09e      	b.n	200006b8 <dcd_rp2040_irq+0x200>
2000057a:	4bac      	ldr	r3, [pc, #688]	; (2000082c <dcd_rp2040_irq+0x374>)
2000057c:	5ce3      	ldrb	r3, [r4, r3]
2000057e:	2b02      	cmp	r3, #2
20000580:	d100      	bne.n	20000584 <dcd_rp2040_irq+0xcc>
20000582:	e1e2      	b.n	2000094a <dcd_rp2040_irq+0x492>
20000584:	2e00      	cmp	r6, #0
20000586:	d108      	bne.n	2000059a <dcd_rp2040_irq+0xe2>
20000588:	4ba9      	ldr	r3, [pc, #676]	; (20000830 <dcd_rp2040_irq+0x378>)
2000058a:	781b      	ldrb	r3, [r3, #0]
2000058c:	2b00      	cmp	r3, #0
2000058e:	d104      	bne.n	2000059a <dcd_rp2040_irq+0xe2>
20000590:	2180      	movs	r1, #128	; 0x80
20000592:	4aa8      	ldr	r2, [pc, #672]	; (20000834 <dcd_rp2040_irq+0x37c>)
20000594:	3390      	adds	r3, #144	; 0x90
20000596:	0289      	lsls	r1, r1, #10
20000598:	50d1      	str	r1, [r2, r3]
2000059a:	ae01      	add	r6, sp, #4
2000059c:	4b98      	ldr	r3, [pc, #608]	; (20000800 <dcd_rp2040_irq+0x348>)
2000059e:	220c      	movs	r2, #12
200005a0:	2100      	movs	r1, #0
200005a2:	0030      	movs	r0, r6
200005a4:	6c9c      	ldr	r4, [r3, #72]	; 0x48
200005a6:	f000 fc7f 	bl	20000ea8 <____wrap_memset_veneer>
200005aa:	2303      	movs	r3, #3
200005ac:	0564      	lsls	r4, r4, #21
200005ae:	0d64      	lsrs	r4, r4, #21
200005b0:	7073      	strb	r3, [r6, #1]
200005b2:	0030      	movs	r0, r6
200005b4:	9402      	str	r4, [sp, #8]
200005b6:	2101      	movs	r1, #1
200005b8:	2480      	movs	r4, #128	; 0x80
200005ba:	f000 fb19 	bl	20000bf0 <dcd_event_handler>
200005be:	4e9e      	ldr	r6, [pc, #632]	; (20000838 <dcd_rp2040_irq+0x380>)
200005c0:	02a4      	lsls	r4, r4, #10
200005c2:	06eb      	lsls	r3, r5, #27
200005c4:	d463      	bmi.n	2000068e <dcd_rp2040_irq+0x1d6>
200005c6:	2380      	movs	r3, #128	; 0x80
200005c8:	025b      	lsls	r3, r3, #9
200005ca:	421d      	tst	r5, r3
200005cc:	d014      	beq.n	200005f8 <dcd_rp2040_irq+0x140>
200005ce:	2201      	movs	r2, #1
200005d0:	2123      	movs	r1, #35	; 0x23
200005d2:	431c      	orrs	r4, r3
200005d4:	4b8c      	ldr	r3, [pc, #560]	; (20000808 <dcd_rp2040_irq+0x350>)
200005d6:	545a      	strb	r2, [r3, r1]
200005d8:	70da      	strb	r2, [r3, #3]
200005da:	23c0      	movs	r3, #192	; 0xc0
200005dc:	4a97      	ldr	r2, [pc, #604]	; (2000083c <dcd_rp2040_irq+0x384>)
200005de:	00db      	lsls	r3, r3, #3
200005e0:	9301      	str	r3, [sp, #4]
200005e2:	ab02      	add	r3, sp, #8
200005e4:	ca03      	ldmia	r2!, {r0, r1}
200005e6:	c303      	stmia	r3!, {r0, r1}
200005e8:	2101      	movs	r1, #1
200005ea:	a801      	add	r0, sp, #4
200005ec:	f000 fb00 	bl	20000bf0 <dcd_event_handler>
200005f0:	2280      	movs	r2, #128	; 0x80
200005f2:	4b90      	ldr	r3, [pc, #576]	; (20000834 <dcd_rp2040_irq+0x37c>)
200005f4:	0292      	lsls	r2, r2, #10
200005f6:	651a      	str	r2, [r3, #80]	; 0x50
200005f8:	2380      	movs	r3, #128	; 0x80
200005fa:	015b      	lsls	r3, r3, #5
200005fc:	421d      	tst	r5, r3
200005fe:	d12f      	bne.n	20000660 <dcd_rp2040_irq+0x1a8>
20000600:	2380      	movs	r3, #128	; 0x80
20000602:	01db      	lsls	r3, r3, #7
20000604:	421d      	tst	r5, r3
20000606:	d11a      	bne.n	2000063e <dcd_rp2040_irq+0x186>
20000608:	2380      	movs	r3, #128	; 0x80
2000060a:	021b      	lsls	r3, r3, #8
2000060c:	421d      	tst	r5, r3
2000060e:	d104      	bne.n	2000061a <dcd_rp2040_irq+0x162>
20000610:	42ac      	cmp	r4, r5
20000612:	d000      	beq.n	20000616 <dcd_rp2040_irq+0x15e>
20000614:	e1b3      	b.n	2000097e <dcd_rp2040_irq+0x4c6>
20000616:	b004      	add	sp, #16
20000618:	bd70      	pop	{r4, r5, r6, pc}
2000061a:	ae01      	add	r6, sp, #4
2000061c:	220c      	movs	r2, #12
2000061e:	2100      	movs	r1, #0
20000620:	0030      	movs	r0, r6
20000622:	431c      	orrs	r4, r3
20000624:	f000 fc40 	bl	20000ea8 <____wrap_memset_veneer>
20000628:	2305      	movs	r3, #5
2000062a:	2101      	movs	r1, #1
2000062c:	7073      	strb	r3, [r6, #1]
2000062e:	0030      	movs	r0, r6
20000630:	f000 fade 	bl	20000bf0 <dcd_event_handler>
20000634:	2280      	movs	r2, #128	; 0x80
20000636:	4b7f      	ldr	r3, [pc, #508]	; (20000834 <dcd_rp2040_irq+0x37c>)
20000638:	0112      	lsls	r2, r2, #4
2000063a:	651a      	str	r2, [r3, #80]	; 0x50
2000063c:	e7e8      	b.n	20000610 <dcd_rp2040_irq+0x158>
2000063e:	ae01      	add	r6, sp, #4
20000640:	220c      	movs	r2, #12
20000642:	2100      	movs	r1, #0
20000644:	0030      	movs	r0, r6
20000646:	431c      	orrs	r4, r3
20000648:	f000 fc2e 	bl	20000ea8 <____wrap_memset_veneer>
2000064c:	2304      	movs	r3, #4
2000064e:	2101      	movs	r1, #1
20000650:	7073      	strb	r3, [r6, #1]
20000652:	0030      	movs	r0, r6
20000654:	f000 facc 	bl	20000bf0 <dcd_event_handler>
20000658:	2210      	movs	r2, #16
2000065a:	4b76      	ldr	r3, [pc, #472]	; (20000834 <dcd_rp2040_irq+0x37c>)
2000065c:	651a      	str	r2, [r3, #80]	; 0x50
2000065e:	e7d3      	b.n	20000608 <dcd_rp2040_irq+0x150>
20000660:	2200      	movs	r2, #0
20000662:	431c      	orrs	r4, r3
20000664:	4b66      	ldr	r3, [pc, #408]	; (20000800 <dcd_rp2040_irq+0x348>)
20000666:	ae01      	add	r6, sp, #4
20000668:	601a      	str	r2, [r3, #0]
2000066a:	f7ff fe73 	bl	20000354 <reset_non_control_endpoints>
2000066e:	220c      	movs	r2, #12
20000670:	2100      	movs	r1, #0
20000672:	0030      	movs	r0, r6
20000674:	f000 fc18 	bl	20000ea8 <____wrap_memset_veneer>
20000678:	2301      	movs	r3, #1
2000067a:	2101      	movs	r1, #1
2000067c:	7073      	strb	r3, [r6, #1]
2000067e:	0030      	movs	r0, r6
20000680:	f000 fab6 	bl	20000bf0 <dcd_event_handler>
20000684:	2280      	movs	r2, #128	; 0x80
20000686:	4b6b      	ldr	r3, [pc, #428]	; (20000834 <dcd_rp2040_irq+0x37c>)
20000688:	0312      	lsls	r2, r2, #12
2000068a:	651a      	str	r2, [r3, #80]	; 0x50
2000068c:	e7b8      	b.n	20000600 <dcd_rp2040_irq+0x148>
2000068e:	f7ff febf 	bl	20000410 <hw_handle_buff_status>
20000692:	0034      	movs	r4, r6
20000694:	e797      	b.n	200005c6 <dcd_rp2040_irq+0x10e>
20000696:	3338      	adds	r3, #56	; 0x38
20000698:	5ce6      	ldrb	r6, [r4, r3]
2000069a:	2e00      	cmp	r6, #0
2000069c:	d100      	bne.n	200006a0 <dcd_rp2040_irq+0x1e8>
2000069e:	e722      	b.n	200004e6 <dcd_rp2040_irq+0x2e>
200006a0:	3302      	adds	r3, #2
200006a2:	5ce2      	ldrb	r2, [r4, r3]
200006a4:	2a00      	cmp	r2, #0
200006a6:	d100      	bne.n	200006aa <dcd_rp2040_irq+0x1f2>
200006a8:	e71d      	b.n	200004e6 <dcd_rp2040_irq+0x2e>
200006aa:	2200      	movs	r2, #0
200006ac:	0020      	movs	r0, r4
200006ae:	54e2      	strb	r2, [r4, r3]
200006b0:	3020      	adds	r0, #32
200006b2:	f000 fa3f 	bl	20000b34 <hw_endpoint_start_next_buffer>
200006b6:	e716      	b.n	200004e6 <dcd_rp2040_irq+0x2e>
200006b8:	4b61      	ldr	r3, [pc, #388]	; (20000840 <dcd_rp2040_irq+0x388>)
200006ba:	5ce3      	ldrb	r3, [r4, r3]
200006bc:	2b00      	cmp	r3, #0
200006be:	d100      	bne.n	200006c2 <dcd_rp2040_irq+0x20a>
200006c0:	e75b      	b.n	2000057a <dcd_rp2040_irq+0xc2>
200006c2:	23ef      	movs	r3, #239	; 0xef
200006c4:	009b      	lsls	r3, r3, #2
200006c6:	5ce2      	ldrb	r2, [r4, r3]
200006c8:	2a00      	cmp	r2, #0
200006ca:	d000      	beq.n	200006ce <dcd_rp2040_irq+0x216>
200006cc:	e14f      	b.n	2000096e <dcd_rp2040_irq+0x4b6>
200006ce:	4b57      	ldr	r3, [pc, #348]	; (2000082c <dcd_rp2040_irq+0x374>)
200006d0:	5ce3      	ldrb	r3, [r4, r3]
200006d2:	2b02      	cmp	r3, #2
200006d4:	d000      	beq.n	200006d8 <dcd_rp2040_irq+0x220>
200006d6:	e760      	b.n	2000059a <dcd_rp2040_irq+0xe2>
200006d8:	4b5a      	ldr	r3, [pc, #360]	; (20000844 <dcd_rp2040_irq+0x38c>)
200006da:	5ce3      	ldrb	r3, [r4, r3]
200006dc:	2b00      	cmp	r3, #0
200006de:	d000      	beq.n	200006e2 <dcd_rp2040_irq+0x22a>
200006e0:	e138      	b.n	20000954 <dcd_rp2040_irq+0x49c>
200006e2:	e75a      	b.n	2000059a <dcd_rp2040_irq+0xe2>
200006e4:	4b58      	ldr	r3, [pc, #352]	; (20000848 <dcd_rp2040_irq+0x390>)
200006e6:	5ce3      	ldrb	r3, [r4, r3]
200006e8:	2b00      	cmp	r3, #0
200006ea:	d100      	bne.n	200006ee <dcd_rp2040_irq+0x236>
200006ec:	e740      	b.n	20000570 <dcd_rp2040_irq+0xb8>
200006ee:	22df      	movs	r2, #223	; 0xdf
200006f0:	0092      	lsls	r2, r2, #2
200006f2:	5ca1      	ldrb	r1, [r4, r2]
200006f4:	001e      	movs	r6, r3
200006f6:	2900      	cmp	r1, #0
200006f8:	d100      	bne.n	200006fc <dcd_rp2040_irq+0x244>
200006fa:	e739      	b.n	20000570 <dcd_rp2040_irq+0xb8>
200006fc:	2300      	movs	r3, #0
200006fe:	54a3      	strb	r3, [r4, r2]
20000700:	23d8      	movs	r3, #216	; 0xd8
20000702:	009b      	lsls	r3, r3, #2
20000704:	18e0      	adds	r0, r4, r3
20000706:	f000 fa15 	bl	20000b34 <hw_endpoint_start_next_buffer>
2000070a:	e731      	b.n	20000570 <dcd_rp2040_irq+0xb8>
2000070c:	4b4f      	ldr	r3, [pc, #316]	; (2000084c <dcd_rp2040_irq+0x394>)
2000070e:	5ce3      	ldrb	r3, [r4, r3]
20000710:	2b00      	cmp	r3, #0
20000712:	d100      	bne.n	20000716 <dcd_rp2040_irq+0x25e>
20000714:	e727      	b.n	20000566 <dcd_rp2040_irq+0xae>
20000716:	22cf      	movs	r2, #207	; 0xcf
20000718:	0092      	lsls	r2, r2, #2
2000071a:	5ca1      	ldrb	r1, [r4, r2]
2000071c:	001e      	movs	r6, r3
2000071e:	2900      	cmp	r1, #0
20000720:	d100      	bne.n	20000724 <dcd_rp2040_irq+0x26c>
20000722:	e720      	b.n	20000566 <dcd_rp2040_irq+0xae>
20000724:	2300      	movs	r3, #0
20000726:	54a3      	strb	r3, [r4, r2]
20000728:	23c8      	movs	r3, #200	; 0xc8
2000072a:	009b      	lsls	r3, r3, #2
2000072c:	18e0      	adds	r0, r4, r3
2000072e:	f000 fa01 	bl	20000b34 <hw_endpoint_start_next_buffer>
20000732:	e718      	b.n	20000566 <dcd_rp2040_irq+0xae>
20000734:	4b46      	ldr	r3, [pc, #280]	; (20000850 <dcd_rp2040_irq+0x398>)
20000736:	5ce3      	ldrb	r3, [r4, r3]
20000738:	2b00      	cmp	r3, #0
2000073a:	d100      	bne.n	2000073e <dcd_rp2040_irq+0x286>
2000073c:	e70e      	b.n	2000055c <dcd_rp2040_irq+0xa4>
2000073e:	22bf      	movs	r2, #191	; 0xbf
20000740:	0092      	lsls	r2, r2, #2
20000742:	5ca1      	ldrb	r1, [r4, r2]
20000744:	001e      	movs	r6, r3
20000746:	2900      	cmp	r1, #0
20000748:	d100      	bne.n	2000074c <dcd_rp2040_irq+0x294>
2000074a:	e707      	b.n	2000055c <dcd_rp2040_irq+0xa4>
2000074c:	2300      	movs	r3, #0
2000074e:	54a3      	strb	r3, [r4, r2]
20000750:	23b8      	movs	r3, #184	; 0xb8
20000752:	009b      	lsls	r3, r3, #2
20000754:	18e0      	adds	r0, r4, r3
20000756:	f000 f9ed 	bl	20000b34 <hw_endpoint_start_next_buffer>
2000075a:	e6ff      	b.n	2000055c <dcd_rp2040_irq+0xa4>
2000075c:	4b3d      	ldr	r3, [pc, #244]	; (20000854 <dcd_rp2040_irq+0x39c>)
2000075e:	5ce3      	ldrb	r3, [r4, r3]
20000760:	2b00      	cmp	r3, #0
20000762:	d100      	bne.n	20000766 <dcd_rp2040_irq+0x2ae>
20000764:	e6f5      	b.n	20000552 <dcd_rp2040_irq+0x9a>
20000766:	22af      	movs	r2, #175	; 0xaf
20000768:	0092      	lsls	r2, r2, #2
2000076a:	5ca1      	ldrb	r1, [r4, r2]
2000076c:	001e      	movs	r6, r3
2000076e:	2900      	cmp	r1, #0
20000770:	d100      	bne.n	20000774 <dcd_rp2040_irq+0x2bc>
20000772:	e6ee      	b.n	20000552 <dcd_rp2040_irq+0x9a>
20000774:	2300      	movs	r3, #0
20000776:	54a3      	strb	r3, [r4, r2]
20000778:	23a8      	movs	r3, #168	; 0xa8
2000077a:	009b      	lsls	r3, r3, #2
2000077c:	18e0      	adds	r0, r4, r3
2000077e:	f000 f9d9 	bl	20000b34 <hw_endpoint_start_next_buffer>
20000782:	e6e6      	b.n	20000552 <dcd_rp2040_irq+0x9a>
20000784:	4b34      	ldr	r3, [pc, #208]	; (20000858 <dcd_rp2040_irq+0x3a0>)
20000786:	5ce3      	ldrb	r3, [r4, r3]
20000788:	2b00      	cmp	r3, #0
2000078a:	d100      	bne.n	2000078e <dcd_rp2040_irq+0x2d6>
2000078c:	e6dc      	b.n	20000548 <dcd_rp2040_irq+0x90>
2000078e:	229f      	movs	r2, #159	; 0x9f
20000790:	0092      	lsls	r2, r2, #2
20000792:	5ca1      	ldrb	r1, [r4, r2]
20000794:	001e      	movs	r6, r3
20000796:	2900      	cmp	r1, #0
20000798:	d100      	bne.n	2000079c <dcd_rp2040_irq+0x2e4>
2000079a:	e6d5      	b.n	20000548 <dcd_rp2040_irq+0x90>
2000079c:	2300      	movs	r3, #0
2000079e:	54a3      	strb	r3, [r4, r2]
200007a0:	2398      	movs	r3, #152	; 0x98
200007a2:	009b      	lsls	r3, r3, #2
200007a4:	18e0      	adds	r0, r4, r3
200007a6:	f000 f9c5 	bl	20000b34 <hw_endpoint_start_next_buffer>
200007aa:	e6cd      	b.n	20000548 <dcd_rp2040_irq+0x90>
200007ac:	4b2b      	ldr	r3, [pc, #172]	; (2000085c <dcd_rp2040_irq+0x3a4>)
200007ae:	5ce3      	ldrb	r3, [r4, r3]
200007b0:	2b00      	cmp	r3, #0
200007b2:	d100      	bne.n	200007b6 <dcd_rp2040_irq+0x2fe>
200007b4:	e6c3      	b.n	2000053e <dcd_rp2040_irq+0x86>
200007b6:	228f      	movs	r2, #143	; 0x8f
200007b8:	0092      	lsls	r2, r2, #2
200007ba:	5ca1      	ldrb	r1, [r4, r2]
200007bc:	001e      	movs	r6, r3
200007be:	2900      	cmp	r1, #0
200007c0:	d100      	bne.n	200007c4 <dcd_rp2040_irq+0x30c>
200007c2:	e6bc      	b.n	2000053e <dcd_rp2040_irq+0x86>
200007c4:	2300      	movs	r3, #0
200007c6:	54a3      	strb	r3, [r4, r2]
200007c8:	2388      	movs	r3, #136	; 0x88
200007ca:	009b      	lsls	r3, r3, #2
200007cc:	18e0      	adds	r0, r4, r3
200007ce:	f000 f9b1 	bl	20000b34 <hw_endpoint_start_next_buffer>
200007d2:	e6b4      	b.n	2000053e <dcd_rp2040_irq+0x86>
200007d4:	33f9      	adds	r3, #249	; 0xf9
200007d6:	33ff      	adds	r3, #255	; 0xff
200007d8:	5ce3      	ldrb	r3, [r4, r3]
200007da:	2b00      	cmp	r3, #0
200007dc:	d100      	bne.n	200007e0 <dcd_rp2040_irq+0x328>
200007de:	e6a9      	b.n	20000534 <dcd_rp2040_irq+0x7c>
200007e0:	22fe      	movs	r2, #254	; 0xfe
200007e2:	0052      	lsls	r2, r2, #1
200007e4:	5ca1      	ldrb	r1, [r4, r2]
200007e6:	001e      	movs	r6, r3
200007e8:	2900      	cmp	r1, #0
200007ea:	d100      	bne.n	200007ee <dcd_rp2040_irq+0x336>
200007ec:	e6a2      	b.n	20000534 <dcd_rp2040_irq+0x7c>
200007ee:	0020      	movs	r0, r4
200007f0:	2300      	movs	r3, #0
200007f2:	30e1      	adds	r0, #225	; 0xe1
200007f4:	54a3      	strb	r3, [r4, r2]
200007f6:	30ff      	adds	r0, #255	; 0xff
200007f8:	f000 f99c 	bl	20000b34 <hw_endpoint_start_next_buffer>
200007fc:	e69a      	b.n	20000534 <dcd_rp2040_irq+0x7c>
200007fe:	46c0      	nop			; (mov r8, r8)
20000800:	50110000 	.word	0x50110000
20000804:	40054000 	.word	0x40054000
20000808:	20002808 	.word	0x20002808
2000080c:	20002800 	.word	0x20002800
20000810:	0000023b 	.word	0x0000023b
20000814:	0000027b 	.word	0x0000027b
20000818:	000002bb 	.word	0x000002bb
2000081c:	000002fb 	.word	0x000002fb
20000820:	0000033b 	.word	0x0000033b
20000824:	0000037b 	.word	0x0000037b
20000828:	000003bb 	.word	0x000003bb
2000082c:	000003fb 	.word	0x000003fb
20000830:	20002c40 	.word	0x20002c40
20000834:	50113000 	.word	0x50113000
20000838:	00020010 	.word	0x00020010
2000083c:	50100000 	.word	0x50100000
20000840:	000003ba 	.word	0x000003ba
20000844:	000003fa 	.word	0x000003fa
20000848:	0000037a 	.word	0x0000037a
2000084c:	0000033a 	.word	0x0000033a
20000850:	000002fa 	.word	0x000002fa
20000854:	000002ba 	.word	0x000002ba
20000858:	0000027a 	.word	0x0000027a
2000085c:	0000023a 	.word	0x0000023a
20000860:	33b9      	adds	r3, #185	; 0xb9
20000862:	33ff      	adds	r3, #255	; 0xff
20000864:	5ce3      	ldrb	r3, [r4, r3]
20000866:	2b00      	cmp	r3, #0
20000868:	d100      	bne.n	2000086c <dcd_rp2040_irq+0x3b4>
2000086a:	e65d      	b.n	20000528 <dcd_rp2040_irq+0x70>
2000086c:	22de      	movs	r2, #222	; 0xde
2000086e:	0052      	lsls	r2, r2, #1
20000870:	5ca1      	ldrb	r1, [r4, r2]
20000872:	001e      	movs	r6, r3
20000874:	2900      	cmp	r1, #0
20000876:	d100      	bne.n	2000087a <dcd_rp2040_irq+0x3c2>
20000878:	e656      	b.n	20000528 <dcd_rp2040_irq+0x70>
2000087a:	0020      	movs	r0, r4
2000087c:	2300      	movs	r3, #0
2000087e:	30a1      	adds	r0, #161	; 0xa1
20000880:	54a3      	strb	r3, [r4, r2]
20000882:	30ff      	adds	r0, #255	; 0xff
20000884:	f000 f956 	bl	20000b34 <hw_endpoint_start_next_buffer>
20000888:	e64e      	b.n	20000528 <dcd_rp2040_irq+0x70>
2000088a:	3379      	adds	r3, #121	; 0x79
2000088c:	33ff      	adds	r3, #255	; 0xff
2000088e:	5ce3      	ldrb	r3, [r4, r3]
20000890:	2b00      	cmp	r3, #0
20000892:	d100      	bne.n	20000896 <dcd_rp2040_irq+0x3de>
20000894:	e642      	b.n	2000051c <dcd_rp2040_irq+0x64>
20000896:	22be      	movs	r2, #190	; 0xbe
20000898:	0052      	lsls	r2, r2, #1
2000089a:	5ca1      	ldrb	r1, [r4, r2]
2000089c:	001e      	movs	r6, r3
2000089e:	2900      	cmp	r1, #0
200008a0:	d100      	bne.n	200008a4 <dcd_rp2040_irq+0x3ec>
200008a2:	e63b      	b.n	2000051c <dcd_rp2040_irq+0x64>
200008a4:	0020      	movs	r0, r4
200008a6:	2300      	movs	r3, #0
200008a8:	3061      	adds	r0, #97	; 0x61
200008aa:	54a3      	strb	r3, [r4, r2]
200008ac:	30ff      	adds	r0, #255	; 0xff
200008ae:	f000 f941 	bl	20000b34 <hw_endpoint_start_next_buffer>
200008b2:	e633      	b.n	2000051c <dcd_rp2040_irq+0x64>
200008b4:	3339      	adds	r3, #57	; 0x39
200008b6:	33ff      	adds	r3, #255	; 0xff
200008b8:	5ce3      	ldrb	r3, [r4, r3]
200008ba:	2b00      	cmp	r3, #0
200008bc:	d100      	bne.n	200008c0 <dcd_rp2040_irq+0x408>
200008be:	e627      	b.n	20000510 <dcd_rp2040_irq+0x58>
200008c0:	229e      	movs	r2, #158	; 0x9e
200008c2:	0052      	lsls	r2, r2, #1
200008c4:	5ca1      	ldrb	r1, [r4, r2]
200008c6:	001e      	movs	r6, r3
200008c8:	2900      	cmp	r1, #0
200008ca:	d100      	bne.n	200008ce <dcd_rp2040_irq+0x416>
200008cc:	e620      	b.n	20000510 <dcd_rp2040_irq+0x58>
200008ce:	0020      	movs	r0, r4
200008d0:	2300      	movs	r3, #0
200008d2:	3021      	adds	r0, #33	; 0x21
200008d4:	54a3      	strb	r3, [r4, r2]
200008d6:	30ff      	adds	r0, #255	; 0xff
200008d8:	f000 f92c 	bl	20000b34 <hw_endpoint_start_next_buffer>
200008dc:	e618      	b.n	20000510 <dcd_rp2040_irq+0x58>
200008de:	33f8      	adds	r3, #248	; 0xf8
200008e0:	5ce3      	ldrb	r3, [r4, r3]
200008e2:	2b00      	cmp	r3, #0
200008e4:	d100      	bne.n	200008e8 <dcd_rp2040_irq+0x430>
200008e6:	e60d      	b.n	20000504 <dcd_rp2040_irq+0x4c>
200008e8:	22fc      	movs	r2, #252	; 0xfc
200008ea:	5ca1      	ldrb	r1, [r4, r2]
200008ec:	001e      	movs	r6, r3
200008ee:	2900      	cmp	r1, #0
200008f0:	d100      	bne.n	200008f4 <dcd_rp2040_irq+0x43c>
200008f2:	e607      	b.n	20000504 <dcd_rp2040_irq+0x4c>
200008f4:	2300      	movs	r3, #0
200008f6:	0020      	movs	r0, r4
200008f8:	54a3      	strb	r3, [r4, r2]
200008fa:	30e0      	adds	r0, #224	; 0xe0
200008fc:	f000 f91a 	bl	20000b34 <hw_endpoint_start_next_buffer>
20000900:	e600      	b.n	20000504 <dcd_rp2040_irq+0x4c>
20000902:	33b8      	adds	r3, #184	; 0xb8
20000904:	5ce3      	ldrb	r3, [r4, r3]
20000906:	2b00      	cmp	r3, #0
20000908:	d100      	bne.n	2000090c <dcd_rp2040_irq+0x454>
2000090a:	e5f6      	b.n	200004fa <dcd_rp2040_irq+0x42>
2000090c:	22bc      	movs	r2, #188	; 0xbc
2000090e:	5ca1      	ldrb	r1, [r4, r2]
20000910:	001e      	movs	r6, r3
20000912:	2900      	cmp	r1, #0
20000914:	d100      	bne.n	20000918 <dcd_rp2040_irq+0x460>
20000916:	e5f0      	b.n	200004fa <dcd_rp2040_irq+0x42>
20000918:	2300      	movs	r3, #0
2000091a:	0020      	movs	r0, r4
2000091c:	54a3      	strb	r3, [r4, r2]
2000091e:	30a0      	adds	r0, #160	; 0xa0
20000920:	f000 f908 	bl	20000b34 <hw_endpoint_start_next_buffer>
20000924:	e5e9      	b.n	200004fa <dcd_rp2040_irq+0x42>
20000926:	3378      	adds	r3, #120	; 0x78
20000928:	5ce3      	ldrb	r3, [r4, r3]
2000092a:	2b00      	cmp	r3, #0
2000092c:	d100      	bne.n	20000930 <dcd_rp2040_irq+0x478>
2000092e:	e5df      	b.n	200004f0 <dcd_rp2040_irq+0x38>
20000930:	227c      	movs	r2, #124	; 0x7c
20000932:	5ca1      	ldrb	r1, [r4, r2]
20000934:	001e      	movs	r6, r3
20000936:	2900      	cmp	r1, #0
20000938:	d100      	bne.n	2000093c <dcd_rp2040_irq+0x484>
2000093a:	e5d9      	b.n	200004f0 <dcd_rp2040_irq+0x38>
2000093c:	2300      	movs	r3, #0
2000093e:	0020      	movs	r0, r4
20000940:	54a3      	strb	r3, [r4, r2]
20000942:	3060      	adds	r0, #96	; 0x60
20000944:	f000 f8f6 	bl	20000b34 <hw_endpoint_start_next_buffer>
20000948:	e5d2      	b.n	200004f0 <dcd_rp2040_irq+0x38>
2000094a:	4b0f      	ldr	r3, [pc, #60]	; (20000988 <dcd_rp2040_irq+0x4d0>)
2000094c:	5ce3      	ldrb	r3, [r4, r3]
2000094e:	2b00      	cmp	r3, #0
20000950:	d100      	bne.n	20000954 <dcd_rp2040_irq+0x49c>
20000952:	e617      	b.n	20000584 <dcd_rp2040_irq+0xcc>
20000954:	23ff      	movs	r3, #255	; 0xff
20000956:	009b      	lsls	r3, r3, #2
20000958:	5ce2      	ldrb	r2, [r4, r3]
2000095a:	2a00      	cmp	r2, #0
2000095c:	d100      	bne.n	20000960 <dcd_rp2040_irq+0x4a8>
2000095e:	e61c      	b.n	2000059a <dcd_rp2040_irq+0xe2>
20000960:	2200      	movs	r2, #0
20000962:	54e2      	strb	r2, [r4, r3]
20000964:	3b1c      	subs	r3, #28
20000966:	18e0      	adds	r0, r4, r3
20000968:	f000 f8e4 	bl	20000b34 <hw_endpoint_start_next_buffer>
2000096c:	e615      	b.n	2000059a <dcd_rp2040_irq+0xe2>
2000096e:	2200      	movs	r2, #0
20000970:	54e2      	strb	r2, [r4, r3]
20000972:	23e8      	movs	r3, #232	; 0xe8
20000974:	009b      	lsls	r3, r3, #2
20000976:	18e0      	adds	r0, r4, r3
20000978:	f000 f8dc 	bl	20000b34 <hw_endpoint_start_next_buffer>
2000097c:	e6a7      	b.n	200006ce <dcd_rp2040_irq+0x216>
2000097e:	0021      	movs	r1, r4
20000980:	4802      	ldr	r0, [pc, #8]	; (2000098c <dcd_rp2040_irq+0x4d4>)
20000982:	4069      	eors	r1, r5
20000984:	f000 faa8 	bl	20000ed8 <__panic_veneer>
20000988:	000003fa 	.word	0x000003fa
2000098c:	1000a5d0 	.word	0x1000a5d0

20000990 <e15_is_bulkin_ep>:
20000990:	4a08      	ldr	r2, [pc, #32]	; (200009b4 <e15_is_bulkin_ep+0x24>)
20000992:	0003      	movs	r3, r0
20000994:	6c12      	ldr	r2, [r2, #64]	; 0x40
20000996:	2000      	movs	r0, #0
20000998:	0792      	lsls	r2, r2, #30
2000099a:	d403      	bmi.n	200009a4 <e15_is_bulkin_ep+0x14>
2000099c:	789a      	ldrb	r2, [r3, #2]
2000099e:	09d2      	lsrs	r2, r2, #7
200009a0:	2a01      	cmp	r2, #1
200009a2:	d000      	beq.n	200009a6 <e15_is_bulkin_ep+0x16>
200009a4:	4770      	bx	lr
200009a6:	7ed8      	ldrb	r0, [r3, #27]
200009a8:	3802      	subs	r0, #2
200009aa:	4243      	negs	r3, r0
200009ac:	4158      	adcs	r0, r3
200009ae:	b2c0      	uxtb	r0, r0
200009b0:	e7f8      	b.n	200009a4 <e15_is_bulkin_ep+0x14>
200009b2:	46c0      	nop			; (mov r8, r8)
200009b4:	50110000 	.word	0x50110000

200009b8 <e15_is_critical_frame_period>:
200009b8:	b510      	push	{r4, lr}
200009ba:	f7ff ffe9 	bl	20000990 <e15_is_bulkin_ep>
200009be:	2800      	cmp	r0, #0
200009c0:	d00c      	beq.n	200009dc <e15_is_critical_frame_period+0x24>
200009c2:	4907      	ldr	r1, [pc, #28]	; (200009e0 <e15_is_critical_frame_period+0x28>)
200009c4:	4b07      	ldr	r3, [pc, #28]	; (200009e4 <e15_is_critical_frame_period+0x2c>)
200009c6:	468c      	mov	ip, r1
200009c8:	4a07      	ldr	r2, [pc, #28]	; (200009e8 <e15_is_critical_frame_period+0x30>)
200009ca:	6a9b      	ldr	r3, [r3, #40]	; 0x28
200009cc:	6812      	ldr	r2, [r2, #0]
200009ce:	4463      	add	r3, ip
200009d0:	1a9b      	subs	r3, r3, r2
200009d2:	2000      	movs	r0, #0
200009d4:	22c6      	movs	r2, #198	; 0xc6
200009d6:	429a      	cmp	r2, r3
200009d8:	4140      	adcs	r0, r0
200009da:	b2c0      	uxtb	r0, r0
200009dc:	bd10      	pop	{r4, pc}
200009de:	46c0      	nop			; (mov r8, r8)
200009e0:	fffffce0 	.word	0xfffffce0
200009e4:	40054000 	.word	0x40054000
200009e8:	20002800 	.word	0x20002800

200009ec <prepare_ep_buffer>:
200009ec:	b5f8      	push	{r3, r4, r5, r6, r7, lr}
200009ee:	8b02      	ldrh	r2, [r0, #24]
200009f0:	8a83      	ldrh	r3, [r0, #20]
200009f2:	0004      	movs	r4, r0
200009f4:	000f      	movs	r7, r1
200009f6:	1c16      	adds	r6, r2, #0
200009f8:	429a      	cmp	r2, r3
200009fa:	d900      	bls.n	200009fe <prepare_ep_buffer+0x12>
200009fc:	1c1e      	adds	r6, r3, #0
200009fe:	2580      	movs	r5, #128	; 0x80
20000a00:	b2b6      	uxth	r6, r6
20000a02:	1b9b      	subs	r3, r3, r6
20000a04:	78e2      	ldrb	r2, [r4, #3]
20000a06:	b29b      	uxth	r3, r3
20000a08:	00ed      	lsls	r5, r5, #3
20000a0a:	82a3      	strh	r3, [r4, #20]
20000a0c:	4335      	orrs	r5, r6
20000a0e:	2a00      	cmp	r2, #0
20000a10:	d002      	beq.n	20000a18 <prepare_ep_buffer+0x2c>
20000a12:	2590      	movs	r5, #144	; 0x90
20000a14:	01ad      	lsls	r5, r5, #6
20000a16:	4335      	orrs	r5, r6
20000a18:	2101      	movs	r1, #1
20000a1a:	404a      	eors	r2, r1
20000a1c:	70e2      	strb	r2, [r4, #3]
20000a1e:	7862      	ldrb	r2, [r4, #1]
20000a20:	2a00      	cmp	r2, #0
20000a22:	d009      	beq.n	20000a38 <prepare_ep_buffer+0x4c>
20000a24:	2b00      	cmp	r3, #0
20000a26:	d102      	bne.n	20000a2e <prepare_ep_buffer+0x42>
20000a28:	2380      	movs	r3, #128	; 0x80
20000a2a:	01db      	lsls	r3, r3, #7
20000a2c:	431d      	orrs	r5, r3
20000a2e:	2f00      	cmp	r7, #0
20000a30:	d000      	beq.n	20000a34 <prepare_ep_buffer+0x48>
20000a32:	042d      	lsls	r5, r5, #16
20000a34:	0028      	movs	r0, r5
20000a36:	bdf8      	pop	{r3, r4, r5, r6, r7, pc}
20000a38:	68e3      	ldr	r3, [r4, #12]
20000a3a:	01b8      	lsls	r0, r7, #6
20000a3c:	469c      	mov	ip, r3
20000a3e:	0032      	movs	r2, r6
20000a40:	4460      	add	r0, ip
20000a42:	6921      	ldr	r1, [r4, #16]
20000a44:	f000 fa28 	bl	20000e98 <____wrap_memcpy_veneer>
20000a48:	6923      	ldr	r3, [r4, #16]
20000a4a:	469c      	mov	ip, r3
20000a4c:	2380      	movs	r3, #128	; 0x80
20000a4e:	4466      	add	r6, ip
20000a50:	021b      	lsls	r3, r3, #8
20000a52:	431d      	orrs	r5, r3
20000a54:	6126      	str	r6, [r4, #16]
20000a56:	8aa3      	ldrh	r3, [r4, #20]
20000a58:	e7e4      	b.n	20000a24 <prepare_ep_buffer+0x38>
20000a5a:	46c0      	nop			; (mov r8, r8)

20000a5c <sync_ep_buffer>:
20000a5c:	6883      	ldr	r3, [r0, #8]
20000a5e:	b570      	push	{r4, r5, r6, lr}
20000a60:	0004      	movs	r4, r0
20000a62:	681d      	ldr	r5, [r3, #0]
20000a64:	2900      	cmp	r1, #0
20000a66:	d000      	beq.n	20000a6a <sync_ep_buffer+0xe>
20000a68:	0c2d      	lsrs	r5, r5, #16
20000a6a:	7863      	ldrb	r3, [r4, #1]
20000a6c:	05ad      	lsls	r5, r5, #22
20000a6e:	0dad      	lsrs	r5, r5, #22
20000a70:	2b00      	cmp	r3, #0
20000a72:	d109      	bne.n	20000a88 <sync_ep_buffer+0x2c>
20000a74:	8ae3      	ldrh	r3, [r4, #22]
20000a76:	18eb      	adds	r3, r5, r3
20000a78:	82e3      	strh	r3, [r4, #22]
20000a7a:	8b23      	ldrh	r3, [r4, #24]
20000a7c:	42ab      	cmp	r3, r5
20000a7e:	d901      	bls.n	20000a84 <sync_ep_buffer+0x28>
20000a80:	2300      	movs	r3, #0
20000a82:	82a3      	strh	r3, [r4, #20]
20000a84:	0028      	movs	r0, r5
20000a86:	bd70      	pop	{r4, r5, r6, pc}
20000a88:	68e3      	ldr	r3, [r4, #12]
20000a8a:	0189      	lsls	r1, r1, #6
20000a8c:	469c      	mov	ip, r3
20000a8e:	002a      	movs	r2, r5
20000a90:	6920      	ldr	r0, [r4, #16]
20000a92:	4461      	add	r1, ip
20000a94:	f000 fa00 	bl	20000e98 <____wrap_memcpy_veneer>
20000a98:	8ae3      	ldrh	r3, [r4, #22]
20000a9a:	18eb      	adds	r3, r5, r3
20000a9c:	82e3      	strh	r3, [r4, #22]
20000a9e:	6923      	ldr	r3, [r4, #16]
20000aa0:	195b      	adds	r3, r3, r5
20000aa2:	6123      	str	r3, [r4, #16]
20000aa4:	e7e9      	b.n	20000a7a <sync_ep_buffer+0x1e>
20000aa6:	46c0      	nop			; (mov r8, r8)

20000aa8 <_hw_endpoint_xfer_sync>:
20000aa8:	b510      	push	{r4, lr}
20000aaa:	0004      	movs	r4, r0
20000aac:	6883      	ldr	r3, [r0, #8]
20000aae:	2100      	movs	r1, #0
20000ab0:	681b      	ldr	r3, [r3, #0]
20000ab2:	f7ff ffd3 	bl	20000a5c <sync_ep_buffer>
20000ab6:	6863      	ldr	r3, [r4, #4]
20000ab8:	681b      	ldr	r3, [r3, #0]
20000aba:	005b      	lsls	r3, r3, #1
20000abc:	d502      	bpl.n	20000ac4 <_hw_endpoint_xfer_sync+0x1c>
20000abe:	8b23      	ldrh	r3, [r4, #24]
20000ac0:	4283      	cmp	r3, r0
20000ac2:	d000      	beq.n	20000ac6 <_hw_endpoint_xfer_sync+0x1e>
20000ac4:	bd10      	pop	{r4, pc}
20000ac6:	2101      	movs	r1, #1
20000ac8:	0020      	movs	r0, r4
20000aca:	f7ff ffc7 	bl	20000a5c <sync_ep_buffer>
20000ace:	e7f9      	b.n	20000ac4 <_hw_endpoint_xfer_sync+0x1c>

20000ad0 <hw_endpoint_reset_transfer>:
20000ad0:	2300      	movs	r3, #0
20000ad2:	7683      	strb	r3, [r0, #26]
20000ad4:	6143      	str	r3, [r0, #20]
20000ad6:	6103      	str	r3, [r0, #16]
20000ad8:	4770      	bx	lr
20000ada:	46c0      	nop			; (mov r8, r8)

20000adc <_hw_endpoint_buffer_control_update32>:
20000adc:	b510      	push	{r4, lr}
20000ade:	6883      	ldr	r3, [r0, #8]
20000ae0:	2900      	cmp	r1, #0
20000ae2:	d001      	beq.n	20000ae8 <_hw_endpoint_buffer_control_update32+0xc>
20000ae4:	681c      	ldr	r4, [r3, #0]
20000ae6:	4021      	ands	r1, r4
20000ae8:	2a00      	cmp	r2, #0
20000aea:	d011      	beq.n	20000b10 <_hw_endpoint_buffer_control_update32+0x34>
20000aec:	2480      	movs	r4, #128	; 0x80
20000aee:	00e4      	lsls	r4, r4, #3
20000af0:	4311      	orrs	r1, r2
20000af2:	4222      	tst	r2, r4
20000af4:	d00c      	beq.n	20000b10 <_hw_endpoint_buffer_control_update32+0x34>
20000af6:	681a      	ldr	r2, [r3, #0]
20000af8:	4222      	tst	r2, r4
20000afa:	d10b      	bne.n	20000b14 <_hw_endpoint_buffer_control_update32+0x38>
20000afc:	4a0a      	ldr	r2, [pc, #40]	; (20000b28 <_hw_endpoint_buffer_control_update32+0x4c>)
20000afe:	400a      	ands	r2, r1
20000b00:	601a      	str	r2, [r3, #0]
20000b02:	e7ff      	b.n	20000b04 <_hw_endpoint_buffer_control_update32+0x28>
20000b04:	e7ff      	b.n	20000b06 <_hw_endpoint_buffer_control_update32+0x2a>
20000b06:	e7ff      	b.n	20000b08 <_hw_endpoint_buffer_control_update32+0x2c>
20000b08:	e7ff      	b.n	20000b0a <_hw_endpoint_buffer_control_update32+0x2e>
20000b0a:	e7ff      	b.n	20000b0c <_hw_endpoint_buffer_control_update32+0x30>
20000b0c:	e7ff      	b.n	20000b0e <_hw_endpoint_buffer_control_update32+0x32>
20000b0e:	6883      	ldr	r3, [r0, #8]
20000b10:	6019      	str	r1, [r3, #0]
20000b12:	bd10      	pop	{r4, pc}
20000b14:	227f      	movs	r2, #127	; 0x7f
20000b16:	7881      	ldrb	r1, [r0, #2]
20000b18:	4804      	ldr	r0, [pc, #16]	; (20000b2c <_hw_endpoint_buffer_control_update32+0x50>)
20000b1a:	09cb      	lsrs	r3, r1, #7
20000b1c:	4011      	ands	r1, r2
20000b1e:	4a04      	ldr	r2, [pc, #16]	; (20000b30 <_hw_endpoint_buffer_control_update32+0x54>)
20000b20:	009b      	lsls	r3, r3, #2
20000b22:	589a      	ldr	r2, [r3, r2]
20000b24:	f000 f9d8 	bl	20000ed8 <__panic_veneer>
20000b28:	fffffbff 	.word	0xfffffbff
20000b2c:	1000a5e4 	.word	0x1000a5e4
20000b30:	20000fe0 	.word	0x20000fe0

20000b34 <hw_endpoint_start_next_buffer>:
20000b34:	6843      	ldr	r3, [r0, #4]
20000b36:	b570      	push	{r4, r5, r6, lr}
20000b38:	2100      	movs	r1, #0
20000b3a:	2580      	movs	r5, #128	; 0x80
20000b3c:	681e      	ldr	r6, [r3, #0]
20000b3e:	0004      	movs	r4, r0
20000b40:	f7ff ff54 	bl	200009ec <prepare_ep_buffer>
20000b44:	4b13      	ldr	r3, [pc, #76]	; (20000b94 <hw_endpoint_start_next_buffer+0x60>)
20000b46:	016d      	lsls	r5, r5, #5
20000b48:	6c1b      	ldr	r3, [r3, #64]	; 0x40
20000b4a:	4305      	orrs	r5, r0
20000b4c:	079b      	lsls	r3, r3, #30
20000b4e:	d50f      	bpl.n	20000b70 <hw_endpoint_start_next_buffer+0x3c>
20000b50:	78a3      	ldrb	r3, [r4, #2]
20000b52:	065b      	lsls	r3, r3, #25
20000b54:	d00f      	beq.n	20000b76 <hw_endpoint_start_next_buffer+0x42>
20000b56:	4b10      	ldr	r3, [pc, #64]	; (20000b98 <hw_endpoint_start_next_buffer+0x64>)
20000b58:	401e      	ands	r6, r3
20000b5a:	2380      	movs	r3, #128	; 0x80
20000b5c:	059b      	lsls	r3, r3, #22
20000b5e:	4333      	orrs	r3, r6
20000b60:	6862      	ldr	r2, [r4, #4]
20000b62:	2100      	movs	r1, #0
20000b64:	6013      	str	r3, [r2, #0]
20000b66:	0020      	movs	r0, r4
20000b68:	002a      	movs	r2, r5
20000b6a:	f7ff ffb7 	bl	20000adc <_hw_endpoint_buffer_control_update32>
20000b6e:	bd70      	pop	{r4, r5, r6, pc}
20000b70:	78a3      	ldrb	r3, [r4, #2]
20000b72:	09db      	lsrs	r3, r3, #7
20000b74:	d0ef      	beq.n	20000b56 <hw_endpoint_start_next_buffer+0x22>
20000b76:	8aa3      	ldrh	r3, [r4, #20]
20000b78:	2b00      	cmp	r3, #0
20000b7a:	d0ec      	beq.n	20000b56 <hw_endpoint_start_next_buffer+0x22>
20000b7c:	2101      	movs	r1, #1
20000b7e:	0020      	movs	r0, r4
20000b80:	f7ff ff34 	bl	200009ec <prepare_ep_buffer>
20000b84:	23a0      	movs	r3, #160	; 0xa0
20000b86:	4a05      	ldr	r2, [pc, #20]	; (20000b9c <hw_endpoint_start_next_buffer+0x68>)
20000b88:	05db      	lsls	r3, r3, #23
20000b8a:	4032      	ands	r2, r6
20000b8c:	4305      	orrs	r5, r0
20000b8e:	4313      	orrs	r3, r2
20000b90:	e7e6      	b.n	20000b60 <hw_endpoint_start_next_buffer+0x2c>
20000b92:	46c0      	nop			; (mov r8, r8)
20000b94:	50110000 	.word	0x50110000
20000b98:	afffffff 	.word	0xafffffff
20000b9c:	dfffffff 	.word	0xdfffffff

20000ba0 <hw_endpoint_xfer_continue>:
20000ba0:	b570      	push	{r4, r5, r6, lr}
20000ba2:	7e85      	ldrb	r5, [r0, #26]
20000ba4:	0004      	movs	r4, r0
20000ba6:	2d00      	cmp	r5, #0
20000ba8:	d013      	beq.n	20000bd2 <hw_endpoint_xfer_continue+0x32>
20000baa:	f7ff ff7d 	bl	20000aa8 <_hw_endpoint_xfer_sync>
20000bae:	8aa3      	ldrh	r3, [r4, #20]
20000bb0:	2b00      	cmp	r3, #0
20000bb2:	d101      	bne.n	20000bb8 <hw_endpoint_xfer_continue+0x18>
20000bb4:	0028      	movs	r0, r5
20000bb6:	bd70      	pop	{r4, r5, r6, pc}
20000bb8:	0020      	movs	r0, r4
20000bba:	f7ff fefd 	bl	200009b8 <e15_is_critical_frame_period>
20000bbe:	1e05      	subs	r5, r0, #0
20000bc0:	d003      	beq.n	20000bca <hw_endpoint_xfer_continue+0x2a>
20000bc2:	2301      	movs	r3, #1
20000bc4:	2500      	movs	r5, #0
20000bc6:	7723      	strb	r3, [r4, #28]
20000bc8:	e7f4      	b.n	20000bb4 <hw_endpoint_xfer_continue+0x14>
20000bca:	0020      	movs	r0, r4
20000bcc:	f7ff ffb2 	bl	20000b34 <hw_endpoint_start_next_buffer>
20000bd0:	e7f0      	b.n	20000bb4 <hw_endpoint_xfer_continue+0x14>
20000bd2:	227f      	movs	r2, #127	; 0x7f
20000bd4:	7881      	ldrb	r1, [r0, #2]
20000bd6:	4804      	ldr	r0, [pc, #16]	; (20000be8 <hw_endpoint_xfer_continue+0x48>)
20000bd8:	09cb      	lsrs	r3, r1, #7
20000bda:	4011      	ands	r1, r2
20000bdc:	4a03      	ldr	r2, [pc, #12]	; (20000bec <hw_endpoint_xfer_continue+0x4c>)
20000bde:	009b      	lsls	r3, r3, #2
20000be0:	589a      	ldr	r2, [r3, r2]
20000be2:	f000 f979 	bl	20000ed8 <__panic_veneer>
20000be6:	46c0      	nop			; (mov r8, r8)
20000be8:	1000a604 	.word	0x1000a604
20000bec:	20000fe0 	.word	0x20000fe0

20000bf0 <dcd_event_handler>:
20000bf0:	b5f0      	push	{r4, r5, r6, r7, lr}
20000bf2:	46c6      	mov	lr, r8
20000bf4:	b500      	push	{lr}
20000bf6:	7843      	ldrb	r3, [r0, #1]
20000bf8:	0005      	movs	r5, r0
20000bfa:	b084      	sub	sp, #16
20000bfc:	2b04      	cmp	r3, #4
20000bfe:	d100      	bne.n	20000c02 <dcd_event_handler+0x12>
20000c00:	e07c      	b.n	20000cfc <dcd_event_handler+0x10c>
20000c02:	d84b      	bhi.n	20000c9c <dcd_event_handler+0xac>
20000c04:	2b02      	cmp	r3, #2
20000c06:	d100      	bne.n	20000c0a <dcd_event_handler+0x1a>
20000c08:	e08a      	b.n	20000d20 <dcd_event_handler+0x130>
20000c0a:	2b03      	cmp	r3, #3
20000c0c:	d15a      	bne.n	20000cc4 <dcd_event_handler+0xd4>
20000c0e:	4e61      	ldr	r6, [pc, #388]	; (20000d94 <dcd_event_handler+0x1a4>)
20000c10:	4b61      	ldr	r3, [pc, #388]	; (20000d98 <dcd_event_handler+0x1a8>)
20000c12:	2400      	movs	r4, #0
20000c14:	7832      	ldrb	r2, [r6, #0]
20000c16:	2b00      	cmp	r3, #0
20000c18:	d100      	bne.n	20000c1c <dcd_event_handler+0x2c>
20000c1a:	e099      	b.n	20000d50 <dcd_event_handler+0x160>
20000c1c:	4b5f      	ldr	r3, [pc, #380]	; (20000d9c <dcd_event_handler+0x1ac>)
20000c1e:	4f60      	ldr	r7, [pc, #384]	; (20000da0 <dcd_event_handler+0x1b0>)
20000c20:	4698      	mov	r8, r3
20000c22:	e004      	b.n	20000c2e <dcd_event_handler+0x3e>
20000c24:	3401      	adds	r4, #1
20000c26:	b2e4      	uxtb	r4, r4
20000c28:	1c53      	adds	r3, r2, #1
20000c2a:	42a3      	cmp	r3, r4
20000c2c:	db16      	blt.n	20000c5c <dcd_event_handler+0x6c>
20000c2e:	42a2      	cmp	r2, r4
20000c30:	d900      	bls.n	20000c34 <dcd_event_handler+0x44>
20000c32:	e0a4      	b.n	20000d7e <dcd_event_handler+0x18e>
20000c34:	1aa1      	subs	r1, r4, r2
20000c36:	b2c9      	uxtb	r1, r1
20000c38:	2901      	cmp	r1, #1
20000c3a:	d8f3      	bhi.n	20000c24 <dcd_event_handler+0x34>
20000c3c:	004b      	lsls	r3, r1, #1
20000c3e:	185b      	adds	r3, r3, r1
20000c40:	00db      	lsls	r3, r3, #3
20000c42:	18fb      	adds	r3, r7, r3
20000c44:	695b      	ldr	r3, [r3, #20]
20000c46:	2b00      	cmp	r3, #0
20000c48:	d0ec      	beq.n	20000c24 <dcd_event_handler+0x34>
20000c4a:	7828      	ldrb	r0, [r5, #0]
20000c4c:	6869      	ldr	r1, [r5, #4]
20000c4e:	4798      	blx	r3
20000c50:	7832      	ldrb	r2, [r6, #0]
20000c52:	3401      	adds	r4, #1
20000c54:	b2e4      	uxtb	r4, r4
20000c56:	1c53      	adds	r3, r2, #1
20000c58:	42a3      	cmp	r3, r4
20000c5a:	dae8      	bge.n	20000c2e <dcd_event_handler+0x3e>
20000c5c:	4b51      	ldr	r3, [pc, #324]	; (20000da4 <dcd_event_handler+0x1b4>)
20000c5e:	781a      	ldrb	r2, [r3, #0]
20000c60:	0752      	lsls	r2, r2, #29
20000c62:	d547      	bpl.n	20000cf4 <dcd_event_handler+0x104>
20000c64:	2104      	movs	r1, #4
20000c66:	781a      	ldrb	r2, [r3, #0]
20000c68:	a801      	add	r0, sp, #4
20000c6a:	438a      	bics	r2, r1
20000c6c:	701a      	strb	r2, [r3, #0]
20000c6e:	2100      	movs	r1, #0
20000c70:	220c      	movs	r2, #12
20000c72:	f000 f919 	bl	20000ea8 <____wrap_memset_veneer>
20000c76:	466a      	mov	r2, sp
20000c78:	782b      	ldrb	r3, [r5, #0]
20000c7a:	7113      	strb	r3, [r2, #4]
20000c7c:	2305      	movs	r3, #5
20000c7e:	7153      	strb	r3, [r2, #5]
20000c80:	4b49      	ldr	r3, [pc, #292]	; (20000da8 <dcd_event_handler+0x1b8>)
20000c82:	681c      	ldr	r4, [r3, #0]
20000c84:	6962      	ldr	r2, [r4, #20]
20000c86:	f3ef 8110 	mrs	r1, PRIMASK
20000c8a:	b672      	cpsid	i
20000c8c:	6813      	ldr	r3, [r2, #0]
20000c8e:	2b00      	cmp	r3, #0
20000c90:	d0fc      	beq.n	20000c8c <dcd_event_handler+0x9c>
20000c92:	f3bf 8f5f 	dmb	sy
20000c96:	61a1      	str	r1, [r4, #24]
20000c98:	a901      	add	r1, sp, #4
20000c9a:	e020      	b.n	20000cde <dcd_event_handler+0xee>
20000c9c:	2b05      	cmp	r3, #5
20000c9e:	d111      	bne.n	20000cc4 <dcd_event_handler+0xd4>
20000ca0:	4b40      	ldr	r3, [pc, #256]	; (20000da4 <dcd_event_handler+0x1b4>)
20000ca2:	781a      	ldrb	r2, [r3, #0]
20000ca4:	07d2      	lsls	r2, r2, #31
20000ca6:	d525      	bpl.n	20000cf4 <dcd_event_handler+0x104>
20000ca8:	2104      	movs	r1, #4
20000caa:	781a      	ldrb	r2, [r3, #0]
20000cac:	438a      	bics	r2, r1
20000cae:	701a      	strb	r2, [r3, #0]
20000cb0:	4b3d      	ldr	r3, [pc, #244]	; (20000da8 <dcd_event_handler+0x1b8>)
20000cb2:	681c      	ldr	r4, [r3, #0]
20000cb4:	6962      	ldr	r2, [r4, #20]
20000cb6:	f3ef 8110 	mrs	r1, PRIMASK
20000cba:	b672      	cpsid	i
20000cbc:	6813      	ldr	r3, [r2, #0]
20000cbe:	2b00      	cmp	r3, #0
20000cc0:	d109      	bne.n	20000cd6 <dcd_event_handler+0xe6>
20000cc2:	e7fb      	b.n	20000cbc <dcd_event_handler+0xcc>
20000cc4:	4b38      	ldr	r3, [pc, #224]	; (20000da8 <dcd_event_handler+0x1b8>)
20000cc6:	681c      	ldr	r4, [r3, #0]
20000cc8:	6962      	ldr	r2, [r4, #20]
20000cca:	f3ef 8110 	mrs	r1, PRIMASK
20000cce:	b672      	cpsid	i
20000cd0:	6813      	ldr	r3, [r2, #0]
20000cd2:	2b00      	cmp	r3, #0
20000cd4:	d0fc      	beq.n	20000cd0 <dcd_event_handler+0xe0>
20000cd6:	f3bf 8f5f 	dmb	sy
20000cda:	61a1      	str	r1, [r4, #24]
20000cdc:	0029      	movs	r1, r5
20000cde:	0020      	movs	r0, r4
20000ce0:	f000 f8f2 	bl	20000ec8 <__tu_fifo_write_veneer>
20000ce4:	6962      	ldr	r2, [r4, #20]
20000ce6:	69a3      	ldr	r3, [r4, #24]
20000ce8:	f3bf 8f5f 	dmb	sy
20000cec:	2100      	movs	r1, #0
20000cee:	6011      	str	r1, [r2, #0]
20000cf0:	f383 8810 	msr	PRIMASK, r3
20000cf4:	b004      	add	sp, #16
20000cf6:	bc80      	pop	{r7}
20000cf8:	46b8      	mov	r8, r7
20000cfa:	bdf0      	pop	{r4, r5, r6, r7, pc}
20000cfc:	4b29      	ldr	r3, [pc, #164]	; (20000da4 <dcd_event_handler+0x1b4>)
20000cfe:	781a      	ldrb	r2, [r3, #0]
20000d00:	07d2      	lsls	r2, r2, #31
20000d02:	d5f7      	bpl.n	20000cf4 <dcd_event_handler+0x104>
20000d04:	2104      	movs	r1, #4
20000d06:	781a      	ldrb	r2, [r3, #0]
20000d08:	430a      	orrs	r2, r1
20000d0a:	701a      	strb	r2, [r3, #0]
20000d0c:	4b26      	ldr	r3, [pc, #152]	; (20000da8 <dcd_event_handler+0x1b8>)
20000d0e:	681c      	ldr	r4, [r3, #0]
20000d10:	6962      	ldr	r2, [r4, #20]
20000d12:	f3ef 8110 	mrs	r1, PRIMASK
20000d16:	b672      	cpsid	i
20000d18:	6813      	ldr	r3, [r2, #0]
20000d1a:	2b00      	cmp	r3, #0
20000d1c:	d1db      	bne.n	20000cd6 <dcd_event_handler+0xe6>
20000d1e:	e7fb      	b.n	20000d18 <dcd_event_handler+0x128>
20000d20:	2001      	movs	r0, #1
20000d22:	4a20      	ldr	r2, [pc, #128]	; (20000da4 <dcd_event_handler+0x1b4>)
20000d24:	7811      	ldrb	r1, [r2, #0]
20000d26:	4381      	bics	r1, r0
20000d28:	7011      	strb	r1, [r2, #0]
20000d2a:	7811      	ldrb	r1, [r2, #0]
20000d2c:	4399      	bics	r1, r3
20000d2e:	2300      	movs	r3, #0
20000d30:	7011      	strb	r1, [r2, #0]
20000d32:	2104      	movs	r1, #4
20000d34:	7053      	strb	r3, [r2, #1]
20000d36:	7813      	ldrb	r3, [r2, #0]
20000d38:	438b      	bics	r3, r1
20000d3a:	7013      	strb	r3, [r2, #0]
20000d3c:	4b1a      	ldr	r3, [pc, #104]	; (20000da8 <dcd_event_handler+0x1b8>)
20000d3e:	681c      	ldr	r4, [r3, #0]
20000d40:	6962      	ldr	r2, [r4, #20]
20000d42:	f3ef 8110 	mrs	r1, PRIMASK
20000d46:	b672      	cpsid	i
20000d48:	6813      	ldr	r3, [r2, #0]
20000d4a:	2b00      	cmp	r3, #0
20000d4c:	d1c3      	bne.n	20000cd6 <dcd_event_handler+0xe6>
20000d4e:	e7fb      	b.n	20000d48 <dcd_event_handler+0x158>
20000d50:	2400      	movs	r4, #0
20000d52:	4f13      	ldr	r7, [pc, #76]	; (20000da0 <dcd_event_handler+0x1b0>)
20000d54:	e005      	b.n	20000d62 <dcd_event_handler+0x172>
20000d56:	3401      	adds	r4, #1
20000d58:	b2e4      	uxtb	r4, r4
20000d5a:	1c53      	adds	r3, r2, #1
20000d5c:	42a3      	cmp	r3, r4
20000d5e:	da00      	bge.n	20000d62 <dcd_event_handler+0x172>
20000d60:	e77c      	b.n	20000c5c <dcd_event_handler+0x6c>
20000d62:	2c01      	cmp	r4, #1
20000d64:	d8f7      	bhi.n	20000d56 <dcd_event_handler+0x166>
20000d66:	0063      	lsls	r3, r4, #1
20000d68:	191b      	adds	r3, r3, r4
20000d6a:	00db      	lsls	r3, r3, #3
20000d6c:	18fb      	adds	r3, r7, r3
20000d6e:	695b      	ldr	r3, [r3, #20]
20000d70:	2b00      	cmp	r3, #0
20000d72:	d0f0      	beq.n	20000d56 <dcd_event_handler+0x166>
20000d74:	7828      	ldrb	r0, [r5, #0]
20000d76:	6869      	ldr	r1, [r5, #4]
20000d78:	4798      	blx	r3
20000d7a:	7832      	ldrb	r2, [r6, #0]
20000d7c:	e7eb      	b.n	20000d56 <dcd_event_handler+0x166>
20000d7e:	4641      	mov	r1, r8
20000d80:	6809      	ldr	r1, [r1, #0]
20000d82:	0063      	lsls	r3, r4, #1
20000d84:	468c      	mov	ip, r1
20000d86:	191b      	adds	r3, r3, r4
20000d88:	00db      	lsls	r3, r3, #3
20000d8a:	4463      	add	r3, ip
20000d8c:	2b00      	cmp	r3, #0
20000d8e:	d100      	bne.n	20000d92 <dcd_event_handler+0x1a2>
20000d90:	e748      	b.n	20000c24 <dcd_event_handler+0x34>
20000d92:	e757      	b.n	20000c44 <dcd_event_handler+0x54>
20000d94:	20002c3f 	.word	0x20002c3f
20000d98:	10002175 	.word	0x10002175
20000d9c:	200020a8 	.word	0x200020a8
20000da0:	1000a6c4 	.word	0x1000a6c4
20000da4:	2000255c 	.word	0x2000255c
20000da8:	200025b4 	.word	0x200025b4

20000dac <fminf>:
20000dac:	b570      	push	{r4, r5, r6, lr}
20000dae:	1c04      	adds	r4, r0, #0
20000db0:	1c0d      	adds	r5, r1, #0
20000db2:	f000 f811 	bl	20000dd8 <__fpclassifyf>
20000db6:	2800      	cmp	r0, #0
20000db8:	d102      	bne.n	20000dc0 <fminf+0x14>
20000dba:	1c2c      	adds	r4, r5, #0
20000dbc:	1c20      	adds	r0, r4, #0
20000dbe:	bd70      	pop	{r4, r5, r6, pc}
20000dc0:	1c28      	adds	r0, r5, #0
20000dc2:	f000 f809 	bl	20000dd8 <__fpclassifyf>
20000dc6:	2800      	cmp	r0, #0
20000dc8:	d0f8      	beq.n	20000dbc <fminf+0x10>
20000dca:	1c29      	adds	r1, r5, #0
20000dcc:	1c20      	adds	r0, r4, #0
20000dce:	f000 f88b 	bl	20000ee8 <____wrap___aeabi_fcmplt_veneer>
20000dd2:	2800      	cmp	r0, #0
20000dd4:	d1f2      	bne.n	20000dbc <fminf+0x10>
20000dd6:	e7f0      	b.n	20000dba <fminf+0xe>

20000dd8 <__fpclassifyf>:
20000dd8:	0040      	lsls	r0, r0, #1
20000dda:	0843      	lsrs	r3, r0, #1
20000ddc:	2800      	cmp	r0, #0
20000dde:	d00e      	beq.n	20000dfe <__fpclassifyf+0x26>
20000de0:	21fe      	movs	r1, #254	; 0xfe
20000de2:	4a0a      	ldr	r2, [pc, #40]	; (20000e0c <__fpclassifyf+0x34>)
20000de4:	05c9      	lsls	r1, r1, #23
20000de6:	189a      	adds	r2, r3, r2
20000de8:	428a      	cmp	r2, r1
20000dea:	d30c      	bcc.n	20000e06 <__fpclassifyf+0x2e>
20000dec:	4908      	ldr	r1, [pc, #32]	; (20000e10 <__fpclassifyf+0x38>)
20000dee:	1e5a      	subs	r2, r3, #1
20000df0:	428a      	cmp	r2, r1
20000df2:	d906      	bls.n	20000e02 <__fpclassifyf+0x2a>
20000df4:	4a07      	ldr	r2, [pc, #28]	; (20000e14 <__fpclassifyf+0x3c>)
20000df6:	1898      	adds	r0, r3, r2
20000df8:	4243      	negs	r3, r0
20000dfa:	4158      	adcs	r0, r3
20000dfc:	4770      	bx	lr
20000dfe:	2002      	movs	r0, #2
20000e00:	e7fc      	b.n	20000dfc <__fpclassifyf+0x24>
20000e02:	2003      	movs	r0, #3
20000e04:	e7fa      	b.n	20000dfc <__fpclassifyf+0x24>
20000e06:	2004      	movs	r0, #4
20000e08:	e7f8      	b.n	20000dfc <__fpclassifyf+0x24>
20000e0a:	46c0      	nop			; (mov r8, r8)
20000e0c:	ff800000 	.word	0xff800000
20000e10:	007ffffe 	.word	0x007ffffe
20000e14:	80800000 	.word	0x80800000

20000e18 <__aeabi_idiv0>:
20000e18:	4770      	bx	lr
20000e1a:	46c0      	nop			; (mov r8, r8)

20000e1c <memcmp>:
20000e1c:	b530      	push	{r4, r5, lr}
20000e1e:	2a03      	cmp	r2, #3
20000e20:	d90c      	bls.n	20000e3c <memcmp+0x20>
20000e22:	0003      	movs	r3, r0
20000e24:	430b      	orrs	r3, r1
20000e26:	079b      	lsls	r3, r3, #30
20000e28:	d119      	bne.n	20000e5e <memcmp+0x42>
20000e2a:	6803      	ldr	r3, [r0, #0]
20000e2c:	680c      	ldr	r4, [r1, #0]
20000e2e:	42a3      	cmp	r3, r4
20000e30:	d115      	bne.n	20000e5e <memcmp+0x42>
20000e32:	3a04      	subs	r2, #4
20000e34:	3004      	adds	r0, #4
20000e36:	3104      	adds	r1, #4
20000e38:	2a03      	cmp	r2, #3
20000e3a:	d8f6      	bhi.n	20000e2a <memcmp+0xe>
20000e3c:	1e55      	subs	r5, r2, #1
20000e3e:	2a00      	cmp	r2, #0
20000e40:	d00b      	beq.n	20000e5a <memcmp+0x3e>
20000e42:	2300      	movs	r3, #0
20000e44:	e003      	b.n	20000e4e <memcmp+0x32>
20000e46:	1c5a      	adds	r2, r3, #1
20000e48:	429d      	cmp	r5, r3
20000e4a:	d006      	beq.n	20000e5a <memcmp+0x3e>
20000e4c:	0013      	movs	r3, r2
20000e4e:	5cc2      	ldrb	r2, [r0, r3]
20000e50:	5ccc      	ldrb	r4, [r1, r3]
20000e52:	42a2      	cmp	r2, r4
20000e54:	d0f7      	beq.n	20000e46 <memcmp+0x2a>
20000e56:	1b10      	subs	r0, r2, r4
20000e58:	e000      	b.n	20000e5c <memcmp+0x40>
20000e5a:	2000      	movs	r0, #0
20000e5c:	bd30      	pop	{r4, r5, pc}
20000e5e:	1e55      	subs	r5, r2, #1
20000e60:	e7ef      	b.n	20000e42 <memcmp+0x26>
20000e62:	46c0      	nop			; (mov r8, r8)
20000e64:	0000      	movs	r0, r0
	...

20000e68 <__time_us_64_veneer>:
20000e68:	b401      	push	{r0}
20000e6a:	4802      	ldr	r0, [pc, #8]	; (20000e74 <__time_us_64_veneer+0xc>)
20000e6c:	4684      	mov	ip, r0
20000e6e:	bc01      	pop	{r0}
20000e70:	4760      	bx	ip
20000e72:	bf00      	nop
20000e74:	10003d01 	.word	0x10003d01

20000e78 <__hard_assertion_failure_veneer>:
20000e78:	b401      	push	{r0}
20000e7a:	4802      	ldr	r0, [pc, #8]	; (20000e84 <__hard_assertion_failure_veneer+0xc>)
20000e7c:	4684      	mov	ip, r0
20000e7e:	bc01      	pop	{r0}
20000e80:	4760      	bx	ip
20000e82:	bf00      	nop
20000e84:	100047fd 	.word	0x100047fd

20000e88 <__best_effort_wfe_or_timeout_veneer>:
20000e88:	b401      	push	{r0}
20000e8a:	4802      	ldr	r0, [pc, #8]	; (20000e94 <__best_effort_wfe_or_timeout_veneer+0xc>)
20000e8c:	4684      	mov	ip, r0
20000e8e:	bc01      	pop	{r0}
20000e90:	4760      	bx	ip
20000e92:	bf00      	nop
20000e94:	10003b59 	.word	0x10003b59

20000e98 <____wrap_memcpy_veneer>:
20000e98:	b401      	push	{r0}
20000e9a:	4802      	ldr	r0, [pc, #8]	; (20000ea4 <____wrap_memcpy_veneer+0xc>)
20000e9c:	4684      	mov	ip, r0
20000e9e:	bc01      	pop	{r0}
20000ea0:	4760      	bx	ip
20000ea2:	bf00      	nop
20000ea4:	10006f0d 	.word	0x10006f0d

20000ea8 <____wrap_memset_veneer>:
20000ea8:	b401      	push	{r0}
20000eaa:	4802      	ldr	r0, [pc, #8]	; (20000eb4 <____wrap_memset_veneer+0xc>)
20000eac:	4684      	mov	ip, r0
20000eae:	bc01      	pop	{r0}
20000eb0:	4760      	bx	ip
20000eb2:	bf00      	nop
20000eb4:	10006f01 	.word	0x10006f01

20000eb8 <____wrap___aeabi_lmul_veneer>:
20000eb8:	b401      	push	{r0}
20000eba:	4802      	ldr	r0, [pc, #8]	; (20000ec4 <____wrap___aeabi_lmul_veneer+0xc>)
20000ebc:	4684      	mov	ip, r0
20000ebe:	bc01      	pop	{r0}
20000ec0:	4760      	bx	ip
20000ec2:	bf00      	nop
20000ec4:	10006acd 	.word	0x10006acd

20000ec8 <__tu_fifo_write_veneer>:
20000ec8:	b401      	push	{r0}
20000eca:	4802      	ldr	r0, [pc, #8]	; (20000ed4 <__tu_fifo_write_veneer+0xc>)
20000ecc:	4684      	mov	ip, r0
20000ece:	bc01      	pop	{r0}
20000ed0:	4760      	bx	ip
20000ed2:	bf00      	nop
20000ed4:	10009135 	.word	0x10009135

20000ed8 <__panic_veneer>:
20000ed8:	b401      	push	{r0}
20000eda:	4802      	ldr	r0, [pc, #8]	; (20000ee4 <__panic_veneer+0xc>)
20000edc:	4684      	mov	ip, r0
20000ede:	bc01      	pop	{r0}
20000ee0:	4760      	bx	ip
20000ee2:	bf00      	nop
20000ee4:	100047cd 	.word	0x100047cd

20000ee8 <____wrap___aeabi_fcmplt_veneer>:
20000ee8:	b401      	push	{r0}
20000eea:	4802      	ldr	r0, [pc, #8]	; (20000ef4 <____wrap___aeabi_fcmplt_veneer+0xc>)
20000eec:	4684      	mov	ip, r0
20000eee:	bc01      	pop	{r0}
20000ef0:	4760      	bx	ip
20000ef2:	bf00      	nop
20000ef4:	10006b99 	.word	0x10006b99

20000ef8 <_ZL14g_filtered_adc>:
20000ef8:	00000800                                ....

20000efc <string_desc_config>:
20000efc:	10009db8 10009c6c 10009c74 10009c8c     ....l...t.......
20000f0c:	10009c98                                ....

20000f10 <string_desc_io4>:
20000f10:	10009dac 10009d00 10009d08 1000a1ec     ................
20000f20:	10009d68 10009d7c 10009d08              h...|.......

20000f2c <string_desc_km>:
20000f2c:	10009db0 10009c6c 10009cdc 10009cf4     ....l...........

20000f3c <string_desc_xinput>:
20000f3c:	10009db4 10009cb4 10009cc4 10009cd8     ................

20000f4c <striped_spin_lock_num>:
20000f4c:	00000010                                ....

20000f50 <irq_handler_chain_slots>:
20000f50:	00000000 	.word	0x00000000
20000f54:	00010000 	.word	0x00010000
	...
20000f60:	00020000 	.word	0x00020000
	...
20000f6c:	00030000 	.word	0x00030000
	...
20000f78:	00ff0000 	.word	0x00ff0000
20000f7c:	00000000 	.word	0x00000000

20000f80 <irq_handler_chain_first_slot>:
20000f80:	b501      	push	{r0, lr}
20000f82:	6848      	ldr	r0, [r1, #4]
20000f84:	3101      	adds	r1, #1
20000f86:	468e      	mov	lr, r1
20000f88:	4700      	bx	r0

20000f8a <irq_handler_chain_remove_tail>:
20000f8a:	4670      	mov	r0, lr
20000f8c:	3809      	subs	r0, #9
20000f8e:	4901      	ldr	r1, [pc, #4]	; (20000f94 <irq_handler_chain_remove_tail+0xa>)
20000f90:	4788      	blx	r1
20000f92:	bd01      	pop	{r0, pc}
20000f94:	100033f9 	.word	0x100033f9

20000f98 <default_alarm_pool>:
20000f98:	20000fb0 00000000 20001460 200027bc     ... ....`.. .'. 
	...

20000fb0 <default_alarm_pool_heap>:
20000fb0:	200027cc 00000000 00000000 00000010     .'. ............

20000fc0 <aeabi_bits_funcs>:
20000fc0:	00003350 	.word	0x00003350
20000fc4:	0000334c 	.word	0x0000334c
20000fc8:	00003354 	.word	0x00003354
20000fcc:	00003352 	.word	0x00003352

20000fd0 <aeabi_bits_funcs_end>:
20000fd0:	0000534d 	.word	0x0000534d
20000fd4:	0000434d 	.word	0x0000434d
20000fd8:	00003453 	.word	0x00003453
20000fdc:	00003443 	.word	0x00003443

20000fe0 <ep_dir_string>:
20000fe0:	1000a630 1000a634                       0...4...

20000fe8 <_usbd_qdef>:
20000fe8:	200025b8 000c0010 00000000 00000000     .%. ............
	...

20001004 <_usbd_rhport>:
20001004:	000000ff                                ....

20001008 <_impure_ptr>:
20001008:	20001010 00000000                       ... ....

20001010 <impure_data>:
20001010:	00000000 200012fc 20001364 200013cc     ....... d.. ... 
	...
200010b8:	00000001 00000000 abcd330e e66d1234     .........3..4.m.
200010c8:	0005deec 0000000b 00000000 00000000     ................
	...

20001438 <malloc_mutex>:
	...

20001440 <print_mutex>:
	...

20001448 <__mutex_array_end>:
20001448:	10006ef1 	.word	0x10006ef1
2000144c:	10005dcd 	.word	0x10005dcd
20001450:	100064d9 	.word	0x100064d9
20001454:	10006cc1 	.word	0x10006cc1

20001458 <__frame_dummy_init_array_entry>:
20001458:	100002e5                                ....
